Create database if not exists  PakistanFinancialServices;
use PakistanFinancialServices;

-- ================================
-- Table Branches
-- ================================
Create table if not exists branches(
branch_id int primary key,
branch_name varchar(100),
city enum('Multan', 'Karachi', 'Lahore', 'Islamabad' ,'Quetta','Peshawar','Faisalabad'),
region enum('Central', 'West','South', 'North'),
established int,
manager_name varchar(30),
phone varchar(15),
is_active BOOLEAN default 1
);

-- ================================
-- Table Customers
-- ================================
create table if not exists customers(
customer_id int auto_increment primary key,
full_name varchar(50),
cnic varchar(20) not null,
dob Date,
gender enum('Male', 'Female'),
city enum('Multan', 'Karachi', 'Lahore', 'Islamabad' ,'Quetta','Peshawar','Faisalabad'),
phone varchar(15),
email varchar(100),
occupation varchar(90),
monthly_income decimal(15,2),
branch_id int,
created_at DateTime default current_timestamp,
foreign key (branch_id) references branches(branch_id)
);


-- ================================
-- Table Accounts
-- ================================
create table if not exists accounts(
account_id int auto_increment primary key,
customer_id int,
branch_id int,
account_type enum('Savings','Fixed Deposit', 'Current'),
account_no varchar(90),
balance decimal(16,2),
currency enum('PKR'),
opened_date Date,
status enum('Active', 'Inactive', 'Closed'),
foreign key (customer_id) references customers(customer_id),
foreign key (branch_id) references branches(branch_id)
);

-- ================================
-- Table Employees
-- ================================
create table if not exists employees(
employee_id int auto_increment primary key,
full_name varchar(50),
branch_id int,
designation varchar(90),
hire_date date,
salary decimal(15,2),
phone varchar(15),
is_active BOOLEAN default 1,
foreign key (branch_id) references branches(branch_id)
);

-- ================================
-- Table Loans
-- ================================
create table if not exists loans(
loan_id int auto_increment primary key,
customer_id int,
branch_id int,
loan_type enum('Education', 'Business', 'Home', 'Auto','Personal'),
principal decimal(15,2),
interest_rate DECIMAL(6,4),
tenure_months int,
start_date date,
end_date date,
loan_status enum('Closed', 'Active', 'Default', 'Pending'),
purpose varchar(100),
approved_by int not null,
foreign key (approved_by) references employees(employee_id),
foreign key (customer_id) references customers(customer_id),
foreign key (branch_id) references branches(branch_id)
);

-- ================================
-- Table Loan_payments
-- ================================
create table if not exists loan_payments(
payment_id int auto_increment primary key,
loan_id int,
payment_date date,
amount_paid  DECIMAL(15,2),
payment_method enum('Online', 'Cheque', 'Cash'),
is_late boolean default 0,
late_fee DECIMAL(8,2),
foreign key (loan_id) references loans(loan_id)
);

-- ================================
-- Table Transactions
-- ================================
Create table if not exists transactions(
txn_id int auto_increment primary key,
account_id int not null,
txn_date dateTime default current_timestamp,
txn_type enum('Deposit', 'Withdraw', 'Transfer'),
amount decimal(15,2),
balance_after decimal(15,2),
channel enum('Internet Banking', 'Mobile App', 'ATM', 'Branch'),
description varchar(1000),
foreign key (account_id) references accounts(account_id)
);

-- ================================
-- Table Credit_cards
-- ================================
create table if not exists credit_cards(
card_id int auto_increment primary key,
customer_id int,
card_number varchar(40),
card_type enum('UnionPay', 'Mastercard','Visa'),
credit_limit double,
outstanding double,
expiry_date date,
status enum('Blocked', 'Active', 'Expired'),
issue_date date,
foreign key (customer_id) references customers(customer_id)
);

-- ================================
-- Table audit_log
-- ================================
create table if not exists audit_log(
log_id int auto_increment primary key,
action varchar(50),
entity_type enum('Card', 'Loan', 'Customer', 'Account'),
entity_id int not null,
performed_by int,
action_date datetime default current_timestamp,
remarks varchar(400),
foreign key (performed_by) references employees(employee_id)
);

-- ================================
-- INSERT Branches
-- ================================
INSERT INTO branches VALUES
(1,'Clifton Branch','Islamabad','North',2010,'Raheel Malik','0312-2452545',1),
(2,'DHA Branch','Islamabad','North',2014,'Raheel Akhtar','0301-4635493',1),
(3,'Gulshan Branch','Faisalabad','Central',2009,'Nimra Qureshi','0301-4003137',1),
(4,'Saddar Branch','Lahore','Central',2000,'Waseem Mirza','0321-1127838',1),
(5,'Korangi Branch','Lahore','Central',2015,'Junaid Saleem','0345-8762825',1),
(6,'Malir Branch','Lahore','Central',2002,'Adnan Malik','0333-3980060',1),
(7,'Liaquatabad Branch','Peshawar','North',2003,'Bilal Khan','0301-8030041',1),
(8,'Gulberg Branch','Islamabad','North',2018,'Omar Iqbal','0333-6531409',1),
(9,'Liberty Branch','Islamabad','North',2004,'Kashif Qureshi','0345-7779130',1),
(10,'Model Town Branch','Karachi','South',2009,'Fatima Sheikh','0301-3523964',1),
(11,'Johar Town Branch','Islamabad','North',2001,'Bilal Sheikh','0312-7876554',1),
(12,'Defence Branch','Karachi','South',2015,'Hira Hussain','0300-7068362',1),
(13,'Bahria Town Branch','Multan','Central',2014,'Sara Dar','0321-4629283',1),
(14,'Blue Area Branch','Lahore','Central',2010,'Saima Baig','0312-1630697',1),
(15,'F-7 Branch','Peshawar','North',2010,'Rabia Iqbal','0312-6211949',1),
(16,'G-9 Branch','Peshawar','North',2021,'Sana Javed','0312-7434977',1),
(17,'I-8 Branch','Faisalabad','Central',2000,'Saima Raza',NULL,1),
(18,'Hayatabad Branch','Peshawar','North',2008,'Amna Sheikh','0321-8229670',1),
(19,'University Road Branch','Islamabad','North',2019,'Faisal Siddiqui','0345-8382872',1),
(20,'Cantt Branch','Lahore','Central',2004,'Sara Baloch','0321-4242649',1),
(21,'Satellite Town Branch','Peshawar','North',2003,'Nimra Farooq','0311-4879506',1),
(22,'New Area Branch','Faisalabad','Central',2009,'Sara Butt','0312-1021683',1),
(23,'Old City Branch','Peshawar','North',2021,'Zubair Mehmood','0321-7993367',1),
(24,'Phase 1 Branch','Quetta','West',2018,'Sana Khan','0311-6159012',0),
(25,'Phase 2 Branch','Multan','Central',1999,'Gulnaz Baig','0301-5952173',1),
(26,'Phase 3 Branch','Multan','Central',2010,'Zara Raza','0312-3192171',1),
(27,'Phase 4 Branch','Faisalabad','Central',2020,'Saima Aziz','0312-7037099',1),
(28,'Phase 5 Branch','Lahore','Central',2012,'Zara Akhtar','0301-8991883',1),
(29,'Phase 6 Branch','Multan','Central',2015,'Junaid Saleem',NULL,1),
(30,'Phase 7 Branch','Islamabad','North',2000,'Rubab Khan','0345-5619651',1),
(31,'Phase 8 Branch','Quetta','West',2008,'Maira Malik','0300-7664964',0),
(32,'Township Branch','Lahore','Central',2014,'Aamir Iqbal','0333-1964800',1),
(33,'Cavalry Branch','Islamabad','North',2005,'Bilal Akhtar','0321-7126514',0),
(34,'Garden Town Branch','Karachi','South',2022,'Adnan Baig','0311-9975013',1),
(35,'Allama Iqbal Branch','Peshawar','North',2001,'Omar Sheikh','0300-9602233',1),
(36,'Samanabad Branch','Karachi','South',2009,'Raheel Gul','0345-3702956',1),
(37,'Faisal Town Branch','Multan','Central',2008,'Sana Iqbal','0300-3458965',1),
(38,'Wapda Town Branch','Quetta','West',2021,'Kamran Siddiqui','0311-2626825',1),
(39,'Raiwind Road Branch','Karachi','South',2016,'Maryam Gul','0300-3708399',1),
(40,'GT Road Branch','Faisalabad','Central',2003,'Mehwish Raza','0300-7652611',0),
(41,'Mall Road Branch','Karachi','South',2002,'Faisal Aziz','0300-9261828',1),
(42,'Circular Road Branch','Multan','Central',1999,'Zara Gul','0311-6612555',1),
(43,'Station Road Branch','Faisalabad','Central',1999,'Maira Gul','0312-1311073',1),
(44,'Airport Road Branch','Lahore','Central',2021,'Saima Saleem','0311-4822342',1),
(45,'Main Boulevard Branch','Islamabad','North',1999,'Kamran Afridi','0311-2576328',1),
(46,'Commercial Area Branch','Quetta','West',1998,'Omar Malik','0300-5271460',1),
(47,'Industrial Zone Branch','Faisalabad','Central',2011,'Muhammad Afridi',NULL,1),
(48,'Tariq Road Branch','Islamabad','North',2000,'Sajid Hussain','0312-9022391',1),
(49,'Shahra-e-Faisal Branch','Multan','Central',2009,'Kamran Dar','0301-2685387',1),
(50,'Burns Road Branch','Karachi','South',2003,'Waseem Hussain','0301-5303837',1);

Select * From branches;

-- ================================
-- INSERT Customers
-- ================================
INSERT INTO customers (customer_id,full_name,cnic,dob,gender,city,phone,email,occupation,monthly_income,branch_id) VALUES
(1,'Kamran Hussain','61101-4804654-7','1985-03-08','Male','Multan','0312-5202648','kamran332@hotmail.com','Nurse',NULL,41),
(2,'Ali Farooq','42101-6288028-4','1989-09-28','Male','Lahore','0312-5500094','ali922@hotmail.com','Retired',333418.74,8),
(3,'Imran Siddiqui','42201-6118052-9','1980-04-17','Male','Multan','0300-6955061','imran238@gmail.com','Freelancer',NULL,21),
(4,'Rabia Aziz','42201-2242539-1',NULL,'Female','Karachi','0312-6763986','rabia636@yahoo.com','Businessman',209473.58,43),
(5,'Ayesha Javed','38401-7203635-8','1999-04-19','Female','Islamabad','0311-5409445','ayesha335@hotmail.com','Doctor',128476.86,3),
(6,'Tariq Mirza','61101-2719137-5','1987-11-15','Male','Quetta','0312-4567589','tariq453@hotmail.com','Engineer',136317.62,50),
(7,'Hina Khan','35201-9291061-8','1993-11-06','Female','Lahore','0345-4945681','hina620@hotmail.com','Doctor',194309.88,14),
(8,'Sajid Raza','35401-9222239-6','1963-10-26','Male','Peshawar','0300-1797829','sajid577@gmail.com','Govt Employee',400356.63,43),
(9,'Muhammad Butt','38401-6375810-4','1988-09-18','Male','Multan','0300-8209424','muhammad851@yahoo.com','Lawyer',318555.11,12),
(10,'Hina Iqbal','38401-4099275-7','1964-04-26','Female','Multan','0321-9831305','hina312@yahoo.com','Accountant',334234.28,3),
(11,'Tariq Akhtar','35401-3154716-5','1969-10-03','Male','Faisalabad','0311-9415619','tariq314@yahoo.com','HR Manager',220265.01,10),
(12,'Asad Saleem','42201-9430411-4','1986-12-31','Male','Quetta','0300-4804987','asad570@yahoo.com','Engineer',358797.35,26),
(13,'Muhammad Farooq','42101-8143036-8','1960-03-19','Male','Karachi','0311-2477798','muhammad796@gmail.com','Doctor',134571.32,20),
(14,'Aamir Baloch','21301-4186946-2','1974-07-08','Male','Multan','0311-4657698','aamir305@yahoo.com','Teacher',435689.64,31),
(15,'Sana Baig','42201-1721699-6','1984-10-26','Female','Peshawar','0312-4501392','sana831@hotmail.com','Govt Employee',433226.01,39),
(16,'Amna Malik','21301-9688798-9','1960-09-25','Female','Quetta','0345-6772038','amna157@gmail.com','Businessman',430890.3,36),
(17,'Mehwish Malik','61101-6518103-2','1973-04-04','Female','Multan','0301-6757323','mehwish434@gmail.com','Teacher',64301.08,26),
(18,'Amna Aziz','35401-7251622-7','1969-02-20','Female','Faisalabad','0321-3258447','amna65@yahoo.com','Engineer',158200.49,16),
(19,'Raheel Baloch','35201-5632774-7','1966-01-18','Male','Peshawar','0311-3175103','raheel295@hotmail.com','Engineer',252393.56,10),
(20,'Salman Saleem','61101-3153148-5','1993-04-24','Male','Islamabad','0300-6798572','salman31@yahoo.com','Businessman',153146.52,50),
(21,'Omar Mehmood','38401-2172531-6','1965-10-13','Male','Peshawar','0321-9985918',NULL,'Nurse',421167.1,29),
(22,'Kashif Saleem','38401-8686650-8','1960-02-21','Male','Karachi','0301-1749398','kashif622@gmail.com','Govt Employee',78374.33,36),
(23,'Gulnaz Gul','42101-1547293-5',NULL,'Female','Multan','0301-5180321','gulnaz584@yahoo.com','Lecturer',145799.72,23),
(24,'Adnan Ahmed','38401-6530950-6','1969-01-04','Male','Peshawar','0333-5428220','adnan182@hotmail.com','Businessman',200294.71,17),
(25,'Hira Khan','61101-3884154-1','1970-05-25','Female','Karachi','0301-1298427','hira164@hotmail.com','Retailer',192202.51,26),
(26,'Tariq Baig','38401-3783618-1','1980-10-18','Male','Islamabad','0321-9075546','tariq645@yahoo.com','Accountant',84956.18,40),
(27,'Zubair Siddiqui','61101-3572759-8','1965-04-12','Male','Faisalabad','0301-7656660','zubair339@yahoo.com','Trader',324216.68,6),
(28,'Kashif Hussain','38401-7487533-3','1991-12-13','Male','Islamabad','0312-6723174',NULL,'Teacher',NULL,31),
(29,'Sana Raza','35401-6691432-9',NULL,'Female','Karachi','0301-8191672','sana611@hotmail.com','HR Manager',96669.37,10),
(30,'Kiran Baig','21301-3278522-8','1980-10-25','Female','Karachi','0333-9702053','kiran499@hotmail.com','Student',222194.25,7),
(31,'Fatima Baloch','35401-4233972-2','1960-07-09','Female','Islamabad','0333-6274219','fatima849@gmail.com','Lawyer',76736.54,36),
(32,'Amna Khan','42101-3119506-4','1969-11-24','Female','Faisalabad','0311-5258814','amna21@yahoo.com','Teacher',350974.13,3),
(33,'Kamran Gul','42201-4579635-9','1968-04-01','Male','Islamabad','0321-8990460','kamran361@yahoo.com','Trader',32391.25,29),
(34,'Hassan Dar','42101-4581919-7','1972-08-31','Male','Faisalabad','0311-7187335','hassan349@gmail.com','Lecturer',153179.9,42),
(35,'Rubab Akhtar','42101-8877355-1','1987-02-17','Female','Multan','0321-2813416','rubab957@gmail.com','Contractor',418690.8,1),
(36,'Imran Baig','35201-6688996-5','1993-05-11','Male','Lahore','0333-3807113','imran618@gmail.com','Student',NULL,43),
(37,'Ayesha Ali','21301-4392367-2','1998-09-02','Female','Lahore','0312-5120422','ayesha56@gmail.com','Student',382872.64,1),
(38,'Fareeha Qureshi','35401-5505867-8','1968-01-08','Female','Karachi','0301-1384187','fareeha673@gmail.com','Retailer',224456.67,4),
(39,'Faisal Afridi','35201-5343253-4','1970-09-22','Male','Multan','0312-5250128','faisal442@gmail.com','Businessman',99786.76,41),
(40,'Asad Akhtar','35401-7037070-3','1997-08-06','Male','Faisalabad','0311-4903782','asad220@yahoo.com','Sales Manager',434379.82,13),
(41,'Rabia Iqbal','61101-1627822-4','1980-12-13','Female','Faisalabad','0301-4443106','rabia103@hotmail.com','Teacher',445402.27,18),
(42,'Sara Ali','42101-3850620-1','1965-07-13','Female','Multan','0300-2324917','sara20@hotmail.com','HR Manager',372771.65,50),
(43,'Zara Mehmood','35401-1786967-7','1968-10-15','Female','Quetta','0333-6379526','zara946@gmail.com','Retailer',155585.22,3),
(44,'Waqar Qureshi','42101-9644059-9','1989-03-28','Male','Karachi','0345-8837924','waqar114@yahoo.com','Govt Employee',77614.94,11),
(45,'Hina Malik','42201-3187248-3','1997-10-27','Female','Multan','0345-5443049','hina83@gmail.com','Retired',252685.86,44),
(46,'Nimra Gul','35401-5544640-5','1965-10-29','Female','Quetta','0311-8795921','nimra551@yahoo.com','Lecturer',361984.95,39),
(47,'Omar Ali','38401-2167506-3','1999-08-21','Male','Faisalabad','0345-3103158','omar537@hotmail.com','Retailer',144867.71,12),
(48,'Sheeza Ahmed','42101-4318276-9','1976-03-15','Female','Karachi','0312-9092293','sheeza358@hotmail.com','Accountant',311197.35,14),
(49,'Maira Hussain','61101-9508317-2','1981-08-22','Female','Peshawar','0345-3099877','maira488@yahoo.com','Sales Manager',407411.55,14),
(50,'Sara Saleem','35401-5704462-1','1960-08-21','Female','Faisalabad','0333-3138362','sara637@hotmail.com','Businessman',348511.97,37),
(51,'Aamir Baig','42201-3618530-1','1964-08-13','Male','Islamabad','0300-8279292','aamir313@hotmail.com','Freelancer',397851.69,48),
(52,'Sara Gul','42101-8633864-6','1974-07-11','Female','Multan','0301-1415605','sara659@gmail.com','Software Dev',406035.69,14),
(53,'Sajid Akhtar','38401-1744783-5','1996-09-25','Male','Peshawar','0333-5283977',NULL,'Nurse',60528.75,12),
(54,'Bushra Gul','42201-4511346-7','1996-04-26','Female','Multan','0300-2149259','bushra849@yahoo.com','Lawyer',239467.18,5),
(55,'Hamza Hussain','61101-5904882-8','1985-02-14','Male','Faisalabad','0301-6540303','hamza601@yahoo.com','Trader',215652.73,48),
(56,'Omar Farooq','35401-9085166-5','1991-02-23','Male','Islamabad','0321-2265050',NULL,'Lecturer',251995.24,29),
(57,'Amna Ahmed','21301-4669459-2','1998-09-23','Female','Peshawar','0333-9051032','amna19@gmail.com','Software Dev',190070.62,9),
(58,'Asad Siddiqui','21301-6991654-2','1985-09-05','Male','Peshawar','0333-1535532','asad773@gmail.com','Freelancer',398109.28,9),
(59,'Asad Aziz','35201-4270647-5','1971-01-22','Male','Islamabad','0321-8714725','asad379@hotmail.com','Accountant',36863.38,38),
(60,'Zubair Mirza','61101-5865708-8',NULL,'Male','Faisalabad','0301-1760181','zubair484@gmail.com','Retailer',185068.98,3),
(61,'Waqar Raza','61101-9042745-7',NULL,'Male','Quetta','0311-2464342','waqar511@hotmail.com','Accountant',226947.64,8),
(62,'Iqra Butt','35401-3440135-1','1966-12-03','Female','Islamabad','0312-4789768','iqra261@hotmail.com','Lawyer',NULL,18),
(63,'Hira Qureshi','35401-8425709-5','1982-05-31','Female','Peshawar','0301-1884158','hira691@yahoo.com','Lawyer',25014.91,45),
(64,'Salman Saleem','42101-6735586-9','1997-11-15','Male','Faisalabad','0333-7227171','salman891@gmail.com','Businessman',326950.31,40),
(65,'Bilal Ahmed','61101-6908350-7',NULL,'Male','Peshawar','0321-5322596','bilal152@hotmail.com','Teacher',251083.54,40),
(66,'Iqra Butt','35201-9467482-2','1980-09-27','Female','Karachi','0312-3281088','iqra838@yahoo.com','Trader',135053.47,28),
(67,'Usman Dar','38401-9231992-3','1991-11-21','Male','Quetta','0345-5519737','usman912@yahoo.com','Doctor',93659.39,3),
(68,'Kamran Baig','61101-8509519-9','1986-06-15','Male','Peshawar','0301-7436828','kamran721@yahoo.com','Lecturer',156159.71,29),
(69,'Muhammad Dar','42101-6692013-7','1970-10-08','Male','Lahore','0321-2520314','muhammad923@gmail.com','Businessman',418336.34,22),
(70,'Hassan Hussain','21301-8212643-3','1986-03-17','Male','Multan','0301-1053378','hassan333@gmail.com','Sales Manager',182703.66,35),
(71,'Salman Hussain','21301-5595317-4','1964-10-19','Male','Lahore','0300-1029649','salman753@gmail.com','Teacher',306683.51,12),
(72,'Aamir Dar','42101-5191215-6','1986-01-23','Male','Islamabad','0312-5292714','aamir413@gmail.com','Freelancer',368428.63,23),
(73,'Sheeza Gul','61101-4690958-8','1984-09-21','Female','Karachi','0321-4619100','sheeza593@hotmail.com','Govt Employee',431148.53,29),
(74,'Gulnaz Iqbal','35201-4407713-5','1964-05-02','Female','Lahore','0300-5962115','gulnaz979@yahoo.com','Nurse',393783.68,8),
(75,'Zara Siddiqui','42101-8745305-8','1961-03-24','Female','Quetta','0333-4649647',NULL,'Lecturer',277077.26,16),
(76,'Bushra Mirza','61101-7600760-2','1980-08-30','Female','Karachi','0312-4224735',NULL,'Student',422028.68,14),
(77,'Nadia Iqbal','42201-1432636-6','1965-02-25','Female','Multan','0312-9907636','nadia373@hotmail.com','Nurse',188122.14,35),
(78,'Sajid Siddiqui','21301-2583455-6','1982-05-22','Male','Faisalabad','0345-2757351','sajid852@yahoo.com','Govt Employee',52949.02,12),
(79,'Hira Siddiqui','35201-8563974-7','1981-08-27','Female','Lahore','0300-3021432','hira598@hotmail.com','Lecturer',150202.01,29),
(80,'Hina Khan','61101-6187330-1',NULL,'Female','Multan','0345-1111582','hina54@yahoo.com','Retailer',304722.84,8),
(81,'Junaid Butt','35401-8588028-4','1990-01-22','Male','Multan','0311-9125497',NULL,'Businessman',NULL,12),
(82,'Hamza Dar','42101-6415427-4','1970-02-21','Male','Peshawar','0321-9579589','hamza766@yahoo.com','Doctor',326933.22,4),
(83,'Nimra Sheikh','35201-1122818-8','1990-05-21','Female','Quetta','0312-8658156',NULL,'HR Manager',341810.37,50),
(84,'Sobia Qureshi','21301-6865313-6',NULL,'Female','Lahore','0312-7523395',NULL,'Student',383437.5,40),
(85,'Rubab Gul','61101-1168420-1','1973-07-16','Female','Lahore','0312-7276138','rubab73@gmail.com','Freelancer',427587.61,44),
(86,'Tariq Akhtar','21301-9477727-1','1966-12-05','Male','Islamabad','0321-6443057','tariq28@yahoo.com','Accountant',192728.49,13),
(87,'Omar Iqbal','35401-9848683-7','1990-10-21','Male','Multan','0312-6874244','omar412@gmail.com','Software Dev',312414.33,39),
(88,'Sheeza Gul','35401-9516617-7',NULL,'Female','Faisalabad','0345-6154381','sheeza214@hotmail.com','Doctor',39575.69,21),
(89,'Asad Qureshi','35201-7847189-4','1962-06-21','Male','Faisalabad','0301-4076847','asad440@gmail.com','Nurse',128595.67,28),
(90,'Iqra Farooq','38401-4989623-3','1997-07-24','Female','Faisalabad','0312-1379531','iqra706@yahoo.com','HR Manager',NULL,16),
(91,'Rubab Khan','61101-5007143-7','1996-08-11','Female','Multan','0333-4353437','rubab544@yahoo.com','Software Dev',252906.3,29),
(92,'Hamza Qureshi','61101-7241038-6','1963-11-27','Male','Faisalabad','0312-6513454','hamza332@gmail.com','Sales Manager',335014.41,27),
(93,'Junaid Farooq','35401-2862623-5','1963-02-08','Male','Karachi','0300-2104575','junaid752@hotmail.com','Trader',285087.7,49),
(94,'Fatima Mirza','42101-3581438-9','1960-07-12','Female','Multan','0321-9060632','fatima615@hotmail.com','Govt Employee',225001.9,37),
(95,'Faisal Javed','21301-5849348-2',NULL,'Male','Multan','0312-8449437','faisal821@yahoo.com','Trader',NULL,47),
(96,'Sobia Khan','35201-7273267-1','1980-08-11','Female','Karachi','0321-8058661','sobia340@gmail.com','Retailer',288389.94,26),
(97,'Nadia Qureshi','35401-9080875-2','1990-10-28','Female','Islamabad','0311-3862632','nadia552@yahoo.com','Accountant',88107.55,43),
(98,'Rabia Siddiqui','42101-6238032-2','1962-12-27','Female','Multan','0311-5403390','rabia916@gmail.com','HR Manager',135808.06,8),
(99,'Kiran Gul','38401-6025322-4','1960-06-12','Female','Faisalabad','0312-1831432','kiran876@yahoo.com','Doctor',229405.02,34),
(100,'Sajid Baloch','35201-2566407-1','1974-02-06','Male','Lahore','0311-3827422','sajid912@hotmail.com','Retailer',358015.27,38),
(101,'Tariq Mehmood','38401-1521724-4','1995-01-22','Male','Multan','0311-9831453','tariq995@gmail.com','Teacher',64510.04,2),
(102,'Asad Siddiqui','42101-9051340-2','1996-12-06','Male','Multan','0333-2736830','asad838@yahoo.com','Software Dev',104877.54,35),
(103,'Faisal Saleem','42201-3958849-8','1998-05-17','Male','Quetta','0333-9491550','faisal678@gmail.com','Doctor',173174.19,14),
(104,'Imran Farooq','35401-4161765-2',NULL,'Male','Lahore','0300-6612074','imran846@gmail.com','Contractor',180948.14,20),
(105,'Hassan Hussain','42101-4264848-6','1989-02-03','Male','Quetta','0345-2689285','hassan661@gmail.com','Lecturer',367582.44,19),
(106,'Maira Farooq','35401-6698683-5','1999-07-19','Female','Karachi','0321-8232442','maira50@yahoo.com','Sales Manager',NULL,9),
(107,'Rabia Farooq','61101-4909187-8','1971-06-03','Female','Lahore','0333-8328178','rabia980@yahoo.com','Contractor',107590.23,10),
(108,'Amna Mehmood','61101-9750038-3','1965-04-02','Female','Faisalabad','0312-8446047','amna304@gmail.com','Govt Employee',426807.53,26),
(109,'Iqra Dar','21301-9159525-2','1967-11-06','Female','Lahore','0300-3424248','iqra335@yahoo.com','Software Dev',NULL,42),
(110,'Adnan Sheikh','35401-5130447-6','1979-11-15','Male','Quetta','0345-4136312','adnan627@gmail.com','Freelancer',81732.06,28),
(111,'Rabia Ahmed','35201-6276988-4',NULL,'Female','Karachi','0345-9315977','rabia607@yahoo.com','Doctor',102699.8,12),
(112,'Hamza Siddiqui','38401-2445087-3','1963-12-03','Male','Islamabad','0300-3488098','hamza478@hotmail.com','Retired',145134.47,34),
(113,'Saima Baig','35401-4356820-2','1993-10-15','Female','Quetta','0345-2896148','saima225@hotmail.com','Contractor',430174.89,42),
(114,'Faisal Hussain','38401-9855396-8','1974-04-19','Male','Multan','0321-5172932','faisal116@yahoo.com','Accountant',68887.53,14),
(115,'Saima Javed','38401-5334937-1','1981-02-15','Female','Multan','0311-3374503','saima161@gmail.com','Nurse',427069.56,20),
(116,'Fatima Akhtar','61101-5484381-6','1966-12-10','Female','Peshawar','0333-3499586','fatima586@gmail.com','HR Manager',348057.07,6),
(117,'Rubab Aziz','38401-2800843-3','1973-03-17','Female','Peshawar','0345-5922492','rubab566@gmail.com','Govt Employee',NULL,45),
(118,'Shahid Khan','61101-5171783-1','1997-06-02','Male','Multan','0311-2739867','shahid464@gmail.com','Sales Manager',53906.0,6),
(119,'Ahmed Mehmood','61101-5711962-5','1994-09-26','Male','Lahore','0311-6591910','ahmed400@hotmail.com','Govt Employee',390019.83,4),
(120,'Aamir Iqbal','21301-7821252-2','1988-01-29','Male','Quetta','0311-3255165',NULL,'Businessman',119814.87,27),
(121,'Sajid Dar','35201-7003904-6','1993-09-24','Male','Peshawar','0312-1166411','sajid149@gmail.com','Businessman',272830.76,41),
(122,'Bushra Javed','38401-9929603-5','1983-09-27','Female','Peshawar','0345-4379987','bushra462@hotmail.com','Freelancer',445126.3,45),
(123,'Waqar Malik','38401-1338941-7',NULL,'Male','Quetta','0300-5889376','waqar408@yahoo.com','Doctor',302846.79,7),
(124,'Adnan Saleem','35401-7027873-4','1968-12-15','Male','Multan','0345-6911627','adnan692@yahoo.com','Retailer',360751.77,28),
(125,'Sajid Gul','38401-3302521-7','1995-07-10','Male','Peshawar','0311-1844008','sajid745@hotmail.com','Nurse',366744.16,3),
(126,'Gulnaz Hussain','38401-5244584-1','1989-04-12','Female','Islamabad','0321-2547092',NULL,'Accountant',262514.76,29),
(127,'Ahmed Ali','35201-1180535-7','1987-06-20','Male','Peshawar','0333-3922796',NULL,'Engineer',294004.99,40),
(128,'Ahmed Mehmood','35401-7977003-4','1990-02-13','Male','Faisalabad','0312-8604695','ahmed183@gmail.com','Teacher',346721.08,12),
(129,'Kiran Hussain','42101-5345047-9','1998-06-14','Female','Karachi','0301-7093195','kiran573@gmail.com','Teacher',319792.68,44),
(130,'Nimra Khan','42101-2257445-3','1980-03-30','Female','Faisalabad','0311-2097194','nimra292@hotmail.com','Engineer',329164.7,38),
(131,'Kiran Sheikh','38401-8598871-4','1973-07-30','Female','Multan','0345-5430596',NULL,'HR Manager',329362.13,49),
(132,'Iqra Mirza','21301-3673453-7','1980-04-04','Female','Karachi','0333-4157134','iqra87@yahoo.com','Freelancer',42921.45,30),
(133,'Kamran Hussain','21301-7120939-9','1971-02-28','Male','Islamabad','0333-4262849','kamran1@gmail.com','Nurse',257825.52,41),
(134,'Hassan Afridi','35401-9456854-7','1991-02-17','Male','Quetta','0300-9499968','hassan732@yahoo.com','Businessman',449851.26,27),
(135,'Sajid Baloch','35201-9434719-1','1994-10-26','Male','Quetta','0301-8514906','sajid323@hotmail.com','Retailer',385923.72,2),
(136,'Omar Gul','38401-7273299-2',NULL,'Male','Faisalabad','0345-7477840','omar8@gmail.com','Govt Employee',28810.55,24),
(137,'Maryam Afridi','35401-8041603-1',NULL,'Female','Islamabad','0321-4611136','maryam243@gmail.com','Trader',89481.14,2),
(138,'Sana Qureshi','38401-5431096-9','1981-05-24','Female','Faisalabad','0345-4037204','sana977@gmail.com','Retired',423633.38,39),
(139,'Hira Mirza','61101-1050789-8','1980-07-02','Female','Islamabad','0300-1740568',NULL,'Lecturer',124359.65,48),
(140,'Gulnaz Ahmed','61101-3049573-5','1996-01-21','Female','Faisalabad','0312-3648891','gulnaz361@gmail.com','Freelancer',149606.45,20),
(141,'Rabia Akhtar','38401-9766725-6','1960-12-09','Female','Islamabad','0333-7693382','rabia386@hotmail.com','Accountant',52967.87,48),
(142,'Maira Dar','35201-1707443-7','1974-03-14','Female','Lahore','0333-5898463','maira754@yahoo.com','HR Manager',181771.26,2),
(143,'Kamran Hussain','38401-1969613-7','1994-02-11','Male','Islamabad','0333-7322064','kamran472@yahoo.com','Retired',228016.22,10),
(144,'Raheel Farooq','42201-3996125-9','1987-04-06','Male','Karachi','0301-9938379','raheel586@yahoo.com','Govt Employee',393588.31,1),
(145,'Kiran Gul','42201-8346549-7','1970-10-11','Female','Lahore','0333-6757000','kiran94@hotmail.com','Doctor',206898.2,10),
(146,'Maryam Raza','35201-2812078-2','1992-05-16','Female','Faisalabad','0345-2479648','maryam192@hotmail.com','Govt Employee',195216.16,32),
(147,'Aamir Farooq','61101-2952820-4','1983-04-04','Male','Quetta','0345-9727618','aamir507@gmail.com','Engineer',387007.36,4),
(148,'Imran Ahmed','35401-3928016-8','1970-10-03','Male','Quetta','0321-9308178','imran709@hotmail.com','Nurse',91697.91,7),
(149,'Muhammad Mirza','61101-7584389-3','1992-12-06','Male','Multan','0300-9589440','muhammad137@hotmail.com','Trader',82741.48,19),
(150,'Hira Butt','35401-5246930-1','1990-02-16','Female','Faisalabad','0312-8513697',NULL,'Engineer',418142.4,7),
(151,'Bushra Iqbal','42201-8464289-6',NULL,'Female','Faisalabad','0300-7447373','bushra843@gmail.com','Teacher',377326.5,19),
(152,'Sana Ali','35201-6351193-2','1963-04-30','Female','Quetta','0301-9502769','sana515@yahoo.com','Accountant',413236.19,31),
(153,'Maira Butt','61101-9807859-4','1986-05-13','Female','Karachi','0345-7314704','maira394@hotmail.com','Trader',376682.44,47),
(154,'Waqar Ali','38401-7149499-6','1962-01-12','Male','Multan','0333-9593022',NULL,'Accountant',NULL,3),
(155,'Iqra Mehmood','42101-6978686-9','1978-07-08','Female','Faisalabad','0301-8371789','iqra540@yahoo.com','Lawyer',213846.36,6),
(156,'Ali Mehmood','35401-3375910-5','1985-07-04','Male','Lahore','0301-1813259','ali73@gmail.com','Software Dev',NULL,33),
(157,'Zainab Baig','35401-4598490-5','1978-06-03','Female','Peshawar','0321-6789670','zainab482@gmail.com','Freelancer',235479.86,7),
(158,'Waqar Mehmood','35401-6838221-1','1969-05-05','Male','Faisalabad','0301-5992695','waqar743@yahoo.com','Student',37827.83,27),
(159,'Ali Butt','42201-4785174-7','1993-10-18','Male','Peshawar','0333-8638236','ali836@yahoo.com','HR Manager',193369.39,4),
(160,'Maryam Akhtar','42101-3262632-9','1985-08-03','Female','Multan','0311-6502158',NULL,'Freelancer',115977.04,37),
(161,'Nadia Ahmed','38401-6011924-4','1965-03-16','Female','Karachi','0333-7167021','nadia747@yahoo.com','Doctor',61199.12,43),
(162,'Bilal Ali','38401-5131482-1','1974-01-01','Male','Islamabad','0345-4325352','bilal245@gmail.com','Lecturer',297157.93,5),
(163,'Sajid Ahmed','35201-4596317-5','1963-07-25','Male','Quetta','0301-1137811','sajid336@yahoo.com','Contractor',NULL,31),
(164,'Rubab Siddiqui','35201-5817069-5','1988-01-01','Female','Peshawar','0345-5557599','rubab546@yahoo.com','Lecturer',70072.47,39),
(165,'Adnan Malik','35401-3792201-9','1996-12-20','Male','Quetta','0300-3502907','adnan526@gmail.com','HR Manager',201865.06,37),
(166,'Mehwish Gul','42101-9622492-8','1992-09-19','Female','Islamabad','0312-9265769','mehwish755@gmail.com','Lawyer',278208.16,17),
(167,'Waseem Raza','21301-9725765-2','1988-05-31','Male','Faisalabad','0301-2925652','waseem596@hotmail.com','Contractor',432752.95,46),
(168,'Hassan Ahmed','21301-7097925-3','1992-12-20','Male','Lahore','0321-3957177','hassan633@yahoo.com','HR Manager',388953.92,47),
(169,'Hamza Mehmood','35201-2562301-1','1993-04-17','Male','Islamabad','0300-6318264','hamza561@yahoo.com','Contractor',132518.74,7),
(170,'Hina Qureshi','42101-3888802-5','1985-12-07','Female','Lahore','0345-8908862','hina237@yahoo.com','Retired',408768.95,23),
(171,'Hira Javed','42201-6246509-7','1997-03-18','Female','Lahore','0321-2381390','hira266@yahoo.com','Teacher',176416.78,29),
(172,'Salman Raza','35201-4023295-8',NULL,'Male','Karachi','0312-8877416','salman995@gmail.com','Contractor',246933.53,40),
(173,'Imran Ali','35201-7431303-3','1981-06-03','Male','Karachi','0301-1338930','imran537@gmail.com','Doctor',NULL,23),
(174,'Iqra Baloch','61101-8501247-7','2000-05-21','Female','Peshawar','0312-8406089','iqra625@yahoo.com','Engineer',189220.08,17),
(175,'Sheeza Siddiqui','42201-8670612-1','1977-01-10','Female','Lahore','0300-4565685','sheeza7@yahoo.com','Accountant',410943.55,49),
(176,'Rabia Aziz','61101-1063998-8','1988-12-27','Female','Faisalabad','0300-9852755','rabia789@gmail.com','Retired',149161.97,43),
(177,'Zara Raza','42201-6760043-3','1989-08-04','Female','Multan','0312-9664920','zara559@yahoo.com','Retailer',46886.82,5),
(178,'Hamza Siddiqui','61101-2509862-1','1994-07-03','Male','Peshawar','0311-4765929','hamza550@hotmail.com','Lawyer',141868.46,1),
(179,'Mehwish Mirza','35201-3851940-7','1996-07-23','Female','Karachi','0321-5086048',NULL,'Retailer',165520.41,33),
(180,'Iqra Javed','42201-9188062-8','1998-11-06','Female','Lahore','0312-7239804','iqra104@hotmail.com','Sales Manager',229317.01,10),
(181,'Nimra Aziz','21301-3459124-9','1978-10-10','Female','Karachi','0300-1378690','nimra860@gmail.com','Student',146437.53,39),
(182,'Junaid Dar','35401-8514822-3','1960-11-23','Male','Karachi','0345-7744922','junaid496@hotmail.com','Accountant',397311.08,44),
(183,'Muhammad Gul','38401-3522991-9','1985-02-14','Male','Faisalabad','0321-6147982','muhammad533@gmail.com','Freelancer',30468.37,7),
(184,'Bushra Mirza','42101-6369671-4','1973-06-28','Female','Karachi','0312-8940137','bushra174@yahoo.com','Govt Employee',176837.87,32),
(185,'Usman Ali','35201-8526274-9',NULL,'Male','Quetta','0301-2726985','usman945@yahoo.com','Software Dev',47719.16,6),
(186,'Hina Butt','42101-1983823-9','1968-09-22','Female','Islamabad','0311-7111093','hina946@hotmail.com','Businessman',150181.92,36),
(187,'Asad Siddiqui','38401-8949616-1',NULL,'Male','Faisalabad','0301-4388860','asad648@gmail.com','Contractor',248669.82,26),
(188,'Adnan Akhtar','35201-4232897-8','1977-09-07','Male','Faisalabad','0301-6103448','adnan155@gmail.com','Lecturer',299139.44,4),
(189,'Zara Iqbal','35201-7735457-2','1984-03-15','Female','Multan','0311-9941307','zara602@yahoo.com','Engineer',NULL,38),
(190,'Nimra Mehmood','35201-9027847-4','1977-07-28','Female','Faisalabad','0311-2388278','nimra168@yahoo.com','Retailer',49255.41,49),
(191,'Kamran Baloch','35401-9927867-8','1970-10-14','Male','Multan','0300-7073046','kamran271@hotmail.com','Doctor',85771.99,25),
(192,'Mehwish Dar','38401-5824426-8','1982-04-24','Female','Multan','0333-5541073','mehwish183@gmail.com','Govt Employee',421857.31,26),
(193,'Rabia Siddiqui','42201-5622837-8','1960-09-10','Female','Multan','0312-3491520','rabia468@hotmail.com','Freelancer',NULL,14),
(194,'Hassan Sheikh','21301-6906974-3','1982-07-12','Male','Peshawar','0333-3321736','hassan364@hotmail.com','Sales Manager',276284.2,34),
(195,'Nimra Baig','61101-4656748-4','1967-11-23','Female','Peshawar','0300-5167238','nimra565@hotmail.com','Retailer',93051.69,22),
(196,'Rubab Mehmood','42201-8991686-4','1979-04-07','Female','Karachi','0312-5691617','rubab890@gmail.com','Teacher',425190.26,18),
(197,'Hina Akhtar','61101-3120511-8','1979-10-30','Female','Karachi','0300-9585970','hina782@gmail.com','Retired',283347.34,36),
(198,'Amna Afridi','35201-7069474-6','1987-01-15','Female','Karachi','0321-9758563','amna421@hotmail.com','Contractor',425522.0,6),
(199,'Saima Mehmood','35401-1712293-7','1968-05-13','Female','Peshawar','0312-1158391','saima492@hotmail.com','Contractor',91546.63,48),
(200,'Ali Baloch','35201-1347150-4','1993-06-30','Male','Multan','0301-6864282','ali50@hotmail.com','Retailer',448077.28,24),
(201,'Ayesha Farooq','42101-9725278-6','1974-08-22','Female','Islamabad','0333-3492112',NULL,'Sales Manager',242584.34,20),
(202,'Maira Akhtar','35201-9124476-6','1974-04-25','Female','Peshawar','0312-3211452','maira862@yahoo.com','Sales Manager',78735.09,40),
(203,'Sobia Raza','42201-1095910-2','1964-07-09','Female','Peshawar','0321-2548659','sobia209@hotmail.com','Businessman',122435.42,49),
(204,'Omar Hussain','35401-2220103-2','1992-10-06','Male','Multan','0321-9188476','omar546@yahoo.com','Businessman',189702.19,24),
(205,'Hassan Ahmed','35201-4199763-5','1981-10-27','Male','Quetta','0345-2122088','hassan507@hotmail.com','Accountant',300921.42,48),
(206,'Sana Baig','42201-5583886-5','1970-07-06','Female','Quetta','0345-7396610','sana793@yahoo.com','Businessman',276007.68,2),
(207,'Maira Hussain','35201-9352030-4','1983-10-03','Female','Peshawar','0301-4287873','maira208@yahoo.com','Businessman',174865.64,35),
(208,'Faisal Khan','42201-4339242-4','1967-09-08','Male','Peshawar','0301-6551224','faisal204@gmail.com','HR Manager',305249.97,16),
(209,'Gulnaz Baloch','21301-4396836-6','1978-05-31','Female','Quetta','0333-2668966','gulnaz754@yahoo.com','Freelancer',114938.81,42),
(210,'Rubab Javed','42201-2786268-7','1990-03-04','Female','Multan','0321-5092152','rubab91@hotmail.com','HR Manager',233623.54,12),
(211,'Saima Saleem','38401-3329672-8','1972-04-23','Female','Karachi','0345-5745299','saima591@hotmail.com','Engineer',90260.67,17),
(212,'Kashif Aziz','61101-8256569-5','1979-05-13','Male','Multan','0333-8603714','kashif653@hotmail.com','Engineer',331138.53,30),
(213,'Tariq Qureshi','42201-4225675-2','1985-11-11','Male','Islamabad','0300-7220581','tariq194@gmail.com','Retired',320566.75,12),
(214,'Adnan Qureshi','38401-2968021-5','1984-02-13','Male','Lahore','0321-4929592','adnan856@gmail.com','Accountant',NULL,9),
(215,'Sana Raza','42101-7125027-6','1976-03-06','Female','Lahore','0321-1783299','sana194@gmail.com','Freelancer',73892.21,13),
(216,'Tariq Akhtar','42101-4967441-3','1975-02-11','Male','Karachi','0345-6650853','tariq853@gmail.com','Trader',NULL,11),
(217,'Gulnaz Aziz','61101-4640231-8','1974-07-21','Female','Quetta','0321-6473712','gulnaz414@gmail.com','Student',346949.14,35),
(218,'Adnan Khan','35201-3651901-8','1972-12-17','Male','Multan','0312-6581587','adnan35@gmail.com','Sales Manager',121239.72,22),
(219,'Kamran Ali','35201-1432445-3','1968-01-04','Male','Quetta','0301-7705571','kamran454@hotmail.com','Sales Manager',97107.08,38),
(220,'Omar Gul','35201-6006506-4','1969-03-10','Male','Lahore','0301-9856953','omar459@hotmail.com','Retailer',354734.38,43),
(221,'Hina Mehmood','21301-8471064-1','1996-07-28','Female','Peshawar','0311-6370867','hina811@hotmail.com','Software Dev',433214.43,29),
(222,'Amna Qureshi','42201-8049391-9','1974-06-18','Female','Islamabad','0301-9997760','amna830@hotmail.com','Lawyer',56911.32,19),
(223,'Hina Raza','61101-7925680-3',NULL,'Female','Islamabad','0300-7952049',NULL,'Doctor',421603.02,29),
(224,'Imran Baloch','38401-7248232-3','1985-07-18','Male','Islamabad','0301-7141590','imran579@yahoo.com','Retired',380130.32,5),
(225,'Sara Baig','61101-6986614-5','1975-05-13','Female','Quetta','0311-4262126','sara259@yahoo.com','Doctor',299102.69,2),
(226,'Mehwish Aziz','35401-2766379-9','1993-01-26','Female','Karachi','0300-6275126','mehwish956@hotmail.com','Contractor',109148.42,1),
(227,'Gulnaz Mehmood','38401-6593514-7','1978-03-12','Female','Lahore','0345-2722320',NULL,'HR Manager',283998.53,17),
(228,'Usman Sheikh','35201-7360996-7','1969-03-16','Male','Faisalabad','0333-2944618','usman456@yahoo.com','Businessman',114852.22,23),
(229,'Amna Hussain','42101-8893539-3','1961-05-30','Female','Quetta','0311-4727098','amna688@hotmail.com','Accountant',NULL,8),
(230,'Kiran Siddiqui','35201-6758709-4','1991-02-24','Female','Peshawar','0301-9203632',NULL,'Retired',91645.0,8),
(231,'Maira Siddiqui','35201-4775784-3','1967-06-08','Female','Multan','0321-3625794','maira449@yahoo.com','Trader',375844.93,5),
(232,'Asad Mehmood','21301-5562789-1','1974-01-02','Male','Karachi','0345-9886658','asad37@gmail.com','Govt Employee',30439.48,24),
(233,'Shahid Gul','42201-6238009-4','1992-04-26','Male','Karachi','0312-8200195','shahid622@yahoo.com','Lecturer',84602.2,19),
(234,'Usman Afridi','21301-9742047-2','1995-02-11','Male','Multan','0321-8775520','usman268@gmail.com','Retired',34748.31,17),
(235,'Raheel Ahmed','35201-6484949-3','2000-08-09','Male','Karachi','0321-2476375','raheel632@yahoo.com','Student',NULL,2),
(236,'Imran Hussain','35201-4492833-6','1967-04-20','Male','Peshawar','0333-4078336','imran498@hotmail.com','Doctor',216909.84,48),
(237,'Aamir Iqbal','38401-7910069-4','1997-09-18','Male','Karachi','0311-7565070','aamir789@gmail.com','Engineer',361809.91,1),
(238,'Amna Butt','61101-1081463-5',NULL,'Female','Peshawar','0345-6159479','amna135@hotmail.com','Doctor',422781.68,36),
(239,'Imran Ahmed','35201-3856912-7','1985-12-26','Male','Quetta','0345-1401453','imran538@hotmail.com','Contractor',137818.93,29),
(240,'Rubab Sheikh','21301-7491376-6','1963-03-31','Female','Islamabad','0301-5395137','rubab335@gmail.com','Nurse',179672.29,43),
(241,'Omar Baloch','42201-1275404-5','1990-10-20','Male','Karachi','0300-8968562','omar867@hotmail.com','Retired',223459.46,16),
(242,'Sajid Aziz','35201-8450816-7','1983-10-03','Male','Lahore','0321-7043579','sajid351@gmail.com','Retailer',99189.15,31),
(243,'Zara Malik','42101-4470525-7','1989-12-05','Female','Faisalabad','0311-8212365','zara359@yahoo.com','Contractor',NULL,4),
(244,'Kamran Hussain','35401-2497451-5',NULL,'Male','Karachi','0321-4742393','kamran404@gmail.com','Software Dev',278727.01,20),
(245,'Aamir Baloch','61101-2904047-6',NULL,'Male','Lahore','0345-9478607','aamir447@gmail.com','Doctor',173415.12,37),
(246,'Kashif Gul','61101-4197228-8','1978-10-12','Male','Islamabad','0321-5170663','kashif720@hotmail.com','Engineer',115659.57,42),
(247,'Junaid Mirza','42201-6493661-4','1997-09-15','Male','Karachi','0321-8085792','junaid976@gmail.com','Trader',394483.16,13),
(248,'Sara Javed','35401-4431975-7','1975-08-03','Female','Islamabad','0312-6403610','sara471@yahoo.com','Accountant',183428.54,34),
(249,'Zara Baig','42101-2900354-4','1974-04-29','Female','Quetta','0321-4451640','zara320@yahoo.com','Doctor',156011.05,41),
(250,'Hina Saleem','42101-5912330-6','1963-08-25','Female','Islamabad','0321-2815021','hina384@yahoo.com','Lecturer',244085.87,16),
(251,'Kashif Aziz','42101-3966695-5','1999-12-28','Male','Faisalabad','0312-2338492','kashif822@hotmail.com','Lecturer',90503.18,39),
(252,'Junaid Raza','42201-9645791-6',NULL,'Male','Lahore','0321-1260219','junaid809@hotmail.com','Contractor',171684.64,41),
(253,'Faisal Baig','42201-3492690-6',NULL,'Male','Peshawar','0321-9685618',NULL,'Retailer',NULL,18),
(254,'Aamir Afridi','38401-7050553-8','1974-05-06','Male','Lahore','0321-4274141','aamir970@yahoo.com','Student',443966.83,25),
(255,'Mehwish Khan','42101-2601752-7','1993-12-27','Female','Multan','0312-5778302','mehwish310@gmail.com','Businessman',312077.11,32),
(256,'Mehwish Baig','35201-7402974-5','1971-04-28','Female','Islamabad','0311-6642429','mehwish68@hotmail.com','Software Dev',246525.18,6),
(257,'Faisal Raza','21301-5299023-2','1996-05-19','Male','Peshawar','0321-2007589','faisal30@gmail.com','Trader',309111.48,17),
(258,'Rabia Baig','42201-9604983-1','1981-01-13','Female','Karachi','0333-8170759','rabia425@gmail.com','Lawyer',370837.1,21),
(259,'Zubair Mirza','42201-6043670-3','1994-02-19','Male','Faisalabad','0300-8308677','zubair287@gmail.com','HR Manager',363771.99,2),
(260,'Waseem Baig','21301-9907670-1','1979-07-14','Male','Peshawar','0321-8807116','waseem910@hotmail.com','Engineer',90788.0,5),
(261,'Zainab Gul','35201-1056131-9','1979-11-16','Female','Multan','0311-7130158',NULL,'Lawyer',388820.45,9),
(262,'Iqra Javed','42201-3024129-6','1981-03-06','Female','Karachi','0312-8053006','iqra663@yahoo.com','Accountant',368716.44,14),
(263,'Asad Baig','35401-7547687-2','1992-10-16','Male','Faisalabad','0300-4269460','asad916@hotmail.com','Freelancer',404966.82,21),
(264,'Imran Qureshi','42101-9140846-7','1962-07-04','Male','Lahore','0300-9469425','imran780@gmail.com','Teacher',334892.44,11),
(265,'Omar Gul','35201-9920916-8','1976-04-28','Male','Islamabad','0345-6041582','omar265@hotmail.com','Sales Manager',151020.59,29),
(266,'Gulnaz Javed','42201-5533519-8','1983-01-11','Female','Lahore','0321-6115631','gulnaz659@gmail.com','Trader',NULL,11),
(267,'Omar Butt','21301-5655375-9','1970-12-23','Male','Quetta','0333-6906729','omar645@gmail.com','Accountant',35205.22,18),
(268,'Raheel Siddiqui','21301-6403779-1','1994-06-09','Male','Peshawar','0345-2501069','raheel448@gmail.com','Businessman',164644.13,10),
(269,'Salman Siddiqui','42201-5970152-7','1969-10-20','Male','Islamabad','0312-9636714','salman570@gmail.com','Engineer',NULL,39),
(270,'Waseem Saleem','61101-7145962-2','1987-09-18','Male','Lahore','0301-8793760','waseem345@gmail.com','Engineer',55064.71,6),
(271,'Maira Malik','21301-9006638-4','1985-12-10','Female','Multan','0300-7230678','maira338@yahoo.com','Businessman',200666.4,19),
(272,'Sheeza Mehmood','35401-4080765-7','1974-07-27','Female','Quetta','0333-3004492','sheeza544@hotmail.com','Lawyer',346361.51,29),
(273,'Salman Sheikh','61101-7504386-1','1971-12-03','Male','Peshawar','0301-7783627','salman240@gmail.com','Sales Manager',268191.79,17),
(274,'Kashif Raza','42201-3387560-8','1983-07-20','Male','Quetta','0311-4444126','kashif419@yahoo.com','HR Manager',246333.55,19),
(275,'Muhammad Mehmood','21301-9765152-5','1989-04-26','Male','Karachi','0300-5839820','muhammad534@hotmail.com','Doctor',192087.83,35),
(276,'Sajid Baloch','38401-2044773-4',NULL,'Male','Peshawar','0301-7526758','sajid638@gmail.com','Freelancer',NULL,14),
(277,'Waqar Butt','38401-1363140-6','1983-12-03','Male','Karachi','0301-7112200','waqar62@yahoo.com','Student',335901.51,50),
(278,'Asad Mirza','21301-9999828-8','1994-02-10','Male','Islamabad','0300-1384523','asad167@gmail.com','Nurse',356356.67,19),
(279,'Fatima Mirza','42201-2849821-2','1987-01-24','Female','Quetta','0301-9134703','fatima264@gmail.com','HR Manager',236699.33,9),
(280,'Nimra Baloch','21301-3642591-3','1962-03-26','Female','Multan','0333-2542842','nimra146@gmail.com','Retailer',43674.89,40),
(281,'Zara Malik','42201-2116270-8','1961-07-29','Female','Islamabad','0311-5613480','zara924@hotmail.com','Teacher',209399.55,14),
(282,'Rabia Baloch','38401-2345437-6','1968-09-16','Female','Multan','0300-7249059','rabia397@gmail.com','HR Manager',211776.03,12),
(283,'Hina Ahmed','35401-9317510-5','1960-02-16','Female','Peshawar','0321-4936231','hina592@yahoo.com','Lawyer',408736.3,17),
(284,'Zainab Butt','42201-3696968-6','1982-10-16','Female','Lahore','0345-5152988',NULL,'Lecturer',127074.13,39),
(285,'Hassan Mirza','35201-6895223-4','1967-01-02','Male','Quetta','0301-7655739','hassan203@hotmail.com','Lecturer',173808.83,22),
(286,'Sara Mirza','35401-7119268-6','1974-11-17','Female','Peshawar','0312-9634499','sara895@hotmail.com','Freelancer',105663.48,15),
(287,'Salman Khan','42101-5634861-7','1985-06-19','Male','Quetta','0311-4521726','salman728@hotmail.com','Trader',408701.74,42),
(288,'Muhammad Farooq','42201-3562678-5','1986-12-04','Male','Quetta','0333-5085700','muhammad167@yahoo.com','Engineer',440751.62,9),
(289,'Saima Mehmood','42101-9980548-1',NULL,'Female','Multan','0345-7574491','saima631@gmail.com','Freelancer',134289.9,31),
(290,'Fatima Ahmed','38401-1194669-6','1998-03-24','Female','Faisalabad','0333-6752677','fatima442@hotmail.com','Software Dev',272519.78,34),
(291,'Waqar Baig','21301-8810026-4','1966-06-12','Male','Lahore','0312-3395119',NULL,'Retailer',210666.89,7),
(292,'Raheel Ahmed','35201-3568355-3',NULL,'Male','Karachi','0333-3134826','raheel195@hotmail.com','Freelancer',71142.45,48),
(293,'Zainab Mehmood','61101-5451345-7','1989-03-22','Female','Multan','0333-9427848','zainab678@hotmail.com','Nurse',236227.38,44),
(294,'Ayesha Butt','61101-2795416-3','1967-11-23','Female','Multan','0311-5616381','ayesha108@hotmail.com','HR Manager',151909.32,10),
(295,'Junaid Raza','35201-7296379-8','1992-11-23','Male','Islamabad','0301-2503072','junaid808@hotmail.com','Student',331214.93,1),
(296,'Maira Khan','42101-5207342-5','1971-03-28','Female','Islamabad','0333-7719806','maira512@gmail.com','Teacher',354294.21,5),
(297,'Tariq Saleem','38401-3227785-4','1990-03-17','Male','Multan','0312-6272540','tariq659@hotmail.com','Govt Employee',218455.3,39),
(298,'Rabia Aziz','42201-8938462-4','1989-11-09','Female','Lahore','0311-5537430','rabia277@gmail.com','HR Manager',187856.05,12),
(299,'Fatima Baloch','21301-9519876-7','1970-01-21','Female','Quetta','0333-3552232','fatima582@yahoo.com','Sales Manager',419655.21,38),
(300,'Bushra Ali','35201-3320996-2','1977-06-20','Female','Quetta','0321-5310686','bushra65@yahoo.com','Nurse',131789.6,40),
(301,'Bushra Saleem','35201-5677413-6','1963-04-05','Female','Multan','0301-8372691','bushra239@yahoo.com','Lecturer',211008.77,21),
(302,'Muhammad Baloch','42201-5356849-3','1967-08-28','Male','Karachi','0301-4915911','muhammad966@gmail.com','Nurse',NULL,40),
(303,'Ayesha Baloch','38401-2893196-9','1970-01-01','Female','Peshawar','0300-2880801','ayesha504@yahoo.com','Engineer',342777.33,36),
(304,'Hamza Iqbal','61101-3511089-1','1994-09-27','Male','Multan','0311-9772603','hamza608@yahoo.com','Retailer',104720.62,30),
(305,'Zubair Mirza','35201-6295621-2','1968-02-16','Male','Peshawar','0311-2791496','zubair51@hotmail.com','Lawyer',299956.52,5),
(306,'Fareeha Akhtar','38401-9064022-9','1968-05-05','Female','Lahore','0301-1889799','fareeha735@yahoo.com','Student',402351.49,43),
(307,'Rabia Ali','42201-4564769-2','1975-03-10','Female','Faisalabad','0321-8756682','rabia315@gmail.com','Retired',117047.52,38),
(308,'Sajid Ali','21301-8428454-4','1987-02-24','Male','Islamabad','0345-7619996','sajid360@yahoo.com','Govt Employee',442681.81,37),
(309,'Salman Mirza','35201-9497981-9','1969-03-04','Male','Peshawar','0321-4593869','salman653@hotmail.com','Engineer',193259.63,48),
(310,'Kamran Sheikh','42101-2864489-7','1982-03-22','Male','Lahore','0311-6401168','kamran889@yahoo.com','Student',419484.11,23),
(311,'Ahmed Aziz','42201-1816921-8','1969-01-07','Male','Quetta','0301-6528588','ahmed473@gmail.com','Govt Employee',NULL,28),
(312,'Sobia Siddiqui','35201-4225810-8','1960-04-22','Female','Multan','0311-2372802','sobia394@hotmail.com','Retired',139920.06,24),
(313,'Bushra Khan','61101-7293416-1','1970-09-22','Female','Lahore','0301-3142515','bushra626@gmail.com','Businessman',379731.11,37),
(314,'Fareeha Siddiqui','61101-9973414-7','1997-03-28','Female','Islamabad','0345-7980186','fareeha979@gmail.com','Lecturer',88838.4,7),
(315,'Hassan Gul','42201-8600011-5','1979-07-30','Male','Multan','0321-7892823','hassan770@gmail.com','Doctor',144986.23,24),
(316,'Omar Mehmood','21301-7799421-7','1976-08-22','Male','Karachi','0321-3430295','omar343@hotmail.com','Teacher',142047.75,20),
(317,'Fareeha Baloch','38401-5153786-3','1978-04-04','Female','Faisalabad','0300-8735710','fareeha905@yahoo.com','Contractor',NULL,11),
(318,'Rabia Akhtar','42101-1172936-9','1990-05-07','Female','Lahore','0321-7955171','rabia633@yahoo.com','Contractor',345497.72,34),
(319,'Zainab Farooq','42201-6945276-3','1998-11-05','Female','Peshawar','0300-7524972','zainab213@hotmail.com','Software Dev',441752.22,47),
(320,'Aamir Ali','35401-3165622-9','1997-10-21','Male','Multan','0333-3292651','aamir535@hotmail.com','Retired',131159.82,17),
(321,'Bilal Iqbal','38401-1981224-1','1990-11-18','Male','Peshawar','0311-6992732','bilal619@yahoo.com','Student',245161.06,21),
(322,'Usman Javed','42101-5862612-3','1983-02-27','Male','Peshawar','0311-2983177','usman606@yahoo.com','Businessman',178780.24,31),
(323,'Mehwish Mirza','61101-4175358-8','1986-05-18','Female','Multan','0333-1283119','mehwish319@hotmail.com','Student',53874.03,20),
(324,'Faisal Butt','61101-3220001-7','1969-02-27','Male','Quetta','0345-6519172',NULL,'HR Manager',40172.79,20),
(325,'Bilal Mehmood','35401-5048294-6','1995-02-01','Male','Lahore','0301-4493711','bilal918@yahoo.com','Businessman',378906.06,45),
(326,'Kiran Aziz','61101-9769634-1','1967-01-04','Female','Peshawar','0345-8088852','kiran196@hotmail.com','Teacher',434602.73,8),
(327,'Ahmed Saleem','21301-1387131-4','1963-10-23','Male','Quetta','0321-5143402','ahmed888@hotmail.com','Software Dev',115290.63,18),
(328,'Nadia Farooq','35201-3547030-4','1992-03-13','Female','Quetta','0311-8942943','nadia430@hotmail.com','Retired',NULL,45),
(329,'Ali Mehmood','21301-3281691-5','1977-03-07','Male','Lahore','0333-9393229','ali705@hotmail.com','Businessman',436370.48,45),
(330,'Adnan Javed','21301-1107175-8','1986-05-09','Male','Peshawar','0321-9261421','adnan556@hotmail.com','Nurse',183246.04,39),
(331,'Salman Malik','35201-8983514-2','1994-02-08','Male','Faisalabad','0321-8157048','salman592@hotmail.com','Teacher',227560.32,42),
(332,'Maira Ali','21301-7824941-7','1964-08-06','Female','Quetta','0321-6475623','maira2@gmail.com','Teacher',413906.81,4),
(333,'Ayesha Mehmood','61101-9426551-2','1983-01-26','Female','Quetta','0321-7220317','ayesha942@yahoo.com','Trader',406598.03,49),
(334,'Iqra Akhtar','42201-9949561-2','1974-11-18','Female','Quetta','0321-3375808','iqra865@gmail.com','Retailer',78711.06,49),
(335,'Sobia Hussain','21301-5121224-1','1973-04-04','Female','Peshawar','0311-4554978','sobia556@yahoo.com','Retailer',230662.62,36),
(336,'Nimra Ali','38401-7527798-6','1994-03-25','Female','Faisalabad','0345-2719043','nimra980@yahoo.com','Student',259578.97,48),
(337,'Ali Khan','42201-3872429-4','1967-07-26','Male','Quetta','0345-4461831','ali949@yahoo.com','Freelancer',351375.66,11),
(338,'Maryam Siddiqui','35401-4498003-6','1981-11-01','Female','Faisalabad','0312-6705066','maryam376@hotmail.com','Freelancer',201290.92,43),
(339,'Hira Dar','35401-1202597-8','1985-12-18','Female','Lahore','0345-4438300','hira885@hotmail.com','Govt Employee',255790.73,49),
(340,'Fatima Afridi','42101-7350960-9','1972-05-24','Female','Karachi','0345-4328267','fatima445@yahoo.com','Contractor',140723.48,13),
(341,'Waqar Baig','21301-2796450-2',NULL,'Male','Quetta','0321-5625734',NULL,'Teacher',295233.92,34),
(342,'Asad Saleem','61101-7189526-8','1979-08-26','Male','Quetta','0301-1322612','asad488@gmail.com','Doctor',64128.8,31),
(343,'Sana Saleem','38401-5134985-2','1978-07-05','Female','Islamabad','0301-7809948','sana642@hotmail.com','Student',77535.31,9),
(344,'Ahmed Sheikh','42101-2685793-6','1988-12-09','Male','Lahore','0301-4850773','ahmed415@yahoo.com','Accountant',284011.17,31),
(345,'Hira Ali','42201-9309206-6','1998-08-09','Female','Islamabad','0345-5554247','hira190@gmail.com','Student',113729.87,5),
(346,'Rubab Afridi','35401-5323164-4','1981-03-05','Female','Multan','0321-5778238',NULL,'Retired',NULL,2),
(347,'Shahid Mirza','21301-2087272-4','1967-08-20','Male','Quetta','0312-4432892','shahid912@hotmail.com','Govt Employee',345555.53,12),
(348,'Bilal Afridi','42101-8816643-6','1970-05-14','Male','Lahore','0301-1815854','bilal93@yahoo.com','Nurse',NULL,15),
(349,'Muhammad Malik','61101-3365428-1','1975-02-07','Male','Faisalabad','0301-5028131','muhammad526@hotmail.com','HR Manager',347460.5,39),
(350,'Ayesha Dar','42201-1136117-3',NULL,'Female','Multan','0345-5158928','ayesha335@yahoo.com','Businessman',433146.79,16),
(351,'Nimra Saleem','35201-7535024-3','1966-05-23','Female','Karachi','0321-7641931','nimra34@hotmail.com','Software Dev',25548.19,10),
(352,'Hina Dar','35401-3432872-1',NULL,'Female','Faisalabad','0321-9144472','hina711@gmail.com','Engineer',410041.21,17),
(353,'Rabia Akhtar','61101-6331432-7','1999-06-23','Female','Multan','0345-9434500','rabia833@gmail.com','Doctor',108301.68,27),
(354,'Salman Afridi','61101-9674668-8',NULL,'Male','Multan','0321-4095568','salman215@yahoo.com','Sales Manager',143599.39,15),
(355,'Hina Khan','35201-1384626-1','1983-06-16','Female','Quetta','0321-2014843','hina964@hotmail.com','Freelancer',138835.98,24),
(356,'Sara Mirza','38401-2479921-8','1963-07-25','Female','Islamabad','0345-1657404','sara183@hotmail.com','Retired',158546.33,15),
(357,'Waqar Khan','38401-3096140-1','1990-07-11','Male','Karachi','0301-4151658','waqar428@gmail.com','HR Manager',232344.52,16),
(358,'Salman Mehmood','21301-4136706-6','1974-03-31','Male','Peshawar','0321-9213133','salman116@yahoo.com','Contractor',232888.72,37),
(359,'Hina Khan','61101-1865394-5','1961-11-02','Female','Karachi','0301-5557559','hina644@yahoo.com','Businessman',44345.74,25),
(360,'Asad Hussain','35201-1360913-2','1976-07-18','Male','Faisalabad','0312-1512997','asad514@hotmail.com','Businessman',50364.72,36),
(361,'Sara Farooq','35201-2749902-4','1981-08-24','Female','Quetta','0312-4804742','sara134@gmail.com','Engineer',260349.12,6),
(362,'Imran Farooq','42101-4232378-3','1980-11-12','Male','Karachi','0311-3860041','imran966@yahoo.com','Sales Manager',NULL,2),
(363,'Ali Aziz','42101-2785821-2','1969-04-29','Male','Lahore','0301-3616892','ali407@gmail.com','Retailer',NULL,44),
(364,'Kashif Ali','35201-7170831-3','1984-02-05','Male','Peshawar','0312-7248395','kashif716@yahoo.com','Software Dev',NULL,5),
(365,'Hamza Khan','38401-7981595-9','1963-03-20','Male','Multan','0311-2673101','hamza84@yahoo.com','Student',439538.39,26),
(366,'Usman Sheikh','38401-2752483-6',NULL,'Male','Lahore','0312-5131330','usman246@hotmail.com','Engineer',446678.87,49),
(367,'Aamir Sheikh','42101-8826982-8','1998-07-24','Male','Peshawar','0345-8663920','aamir833@gmail.com','Accountant',277851.09,45),
(368,'Sheeza Ahmed','61101-5190383-6','1962-01-05','Female','Multan','0311-2214430','sheeza52@hotmail.com','Doctor',328921.48,1),
(369,'Faisal Hussain','35401-1521504-2','1981-08-01','Male','Quetta','0333-8183505','faisal459@gmail.com','Lecturer',313922.5,36),
(370,'Rabia Aziz','35201-6160697-5','1985-11-29','Female','Quetta','0345-8108886','rabia581@hotmail.com','Contractor',301936.86,43),
(371,'Zubair Raza','38401-6574315-2','1964-03-03','Male','Faisalabad','0312-3758272','zubair5@yahoo.com','Govt Employee',NULL,5),
(372,'Faisal Baig','35401-8381735-3','1978-04-01','Male','Lahore','0301-3557690','faisal43@hotmail.com','Businessman',353594.37,16),
(373,'Muhammad Hussain','38401-7043193-1','1993-07-21','Male','Lahore','0301-2679831','muhammad103@gmail.com','Sales Manager',81292.28,37),
(374,'Maryam Malik','61101-2527231-5','1989-09-03','Female','Faisalabad','0301-5722901','maryam234@yahoo.com','Retired',381108.88,8),
(375,'Mehwish Aziz','21301-6364466-4','1963-03-13','Female','Karachi','0312-8642207','mehwish13@hotmail.com','Doctor',323660.31,2),
(376,'Hamza Mehmood','42201-7240336-3','1967-01-11','Male','Quetta','0345-9231274','hamza758@gmail.com','Trader',369802.21,13),
(377,'Nadia Gul','38401-6215596-8','2000-11-25','Female','Islamabad','0300-6012597','nadia956@gmail.com','Doctor',NULL,33),
(378,'Hira Dar','42101-5547493-9','1988-04-23','Female','Islamabad','0311-3194609','hira141@gmail.com','Govt Employee',83758.94,42),
(379,'Imran Saleem','35401-1548486-2','1976-04-25','Male','Faisalabad','0312-4899996',NULL,'Student',179558.04,17),
(380,'Aamir Ali','42101-9652657-6','1990-08-07','Male','Faisalabad','0345-1871475','aamir440@hotmail.com','Govt Employee',389512.73,16),
(381,'Nadia Qureshi','38401-3805371-9','1998-07-19','Female','Karachi','0333-9448476','nadia63@yahoo.com','Teacher',234086.44,23),
(382,'Rubab Ali','42201-7624121-3','1974-11-28','Female','Faisalabad','0345-7393120','rubab576@yahoo.com','Software Dev',NULL,47),
(383,'Amna Malik','42101-3636940-5','1994-12-14','Female','Multan','0321-4510089','amna552@hotmail.com','Nurse',301286.05,48),
(384,'Saima Gul','42201-8331620-4','1970-05-26','Female','Islamabad','0312-7227468','saima976@yahoo.com','Lawyer',342675.82,29),
(385,'Hira Iqbal','38401-9651525-4','1965-11-02','Female','Lahore','0301-3681710','hira249@yahoo.com','Lawyer',408200.1,17),
(386,'Rabia Akhtar','42101-1617265-9','1992-01-18','Female','Multan','0301-6986028','rabia369@yahoo.com','HR Manager',161528.83,8),
(387,'Waqar Siddiqui','42101-5905799-2','1968-02-16','Male','Multan','0333-6635366','waqar979@hotmail.com','Businessman',210581.51,37),
(388,'Muhammad Ahmed','61101-4722422-7','1990-06-06','Male','Peshawar','0300-7269026','muhammad382@hotmail.com','Lecturer',NULL,42),
(389,'Asad Gul','21301-7556560-8','1988-02-17','Male','Quetta','0345-5476924','asad311@gmail.com','Freelancer',156453.94,33),
(390,'Asad Raza','61101-8357138-5','1989-11-18','Male','Islamabad','0321-4019970','asad297@hotmail.com','Student',100055.16,7),
(391,'Hamza Baig','35201-3439523-4','1968-12-27','Male','Peshawar','0300-9842073','hamza311@hotmail.com','HR Manager',269940.91,16),
(392,'Salman Hussain','38401-4637417-3','1969-06-26','Male','Karachi','0301-9520025','salman210@gmail.com','HR Manager',219434.52,15),
(393,'Sana Akhtar','61101-6088093-5','1982-07-19','Female','Faisalabad','0321-3684806','sana449@hotmail.com','Student',285824.28,25),
(394,'Maira Javed','21301-6306598-8','1993-03-22','Female','Karachi','0311-8334513','maira962@hotmail.com','Engineer',255381.94,23),
(395,'Sobia Raza','42101-1316532-2','1997-09-18','Female','Karachi','0301-6207284','sobia575@hotmail.com','Doctor',111529.67,37),
(396,'Rubab Qureshi','35401-6391172-9','1965-05-31','Female','Quetta','0301-3265471','rubab991@hotmail.com','Sales Manager',NULL,26),
(397,'Kashif Ahmed','35201-3845152-1','1985-04-30','Male','Islamabad','0311-4734846','kashif168@gmail.com','Sales Manager',125904.98,31),
(398,'Sajid Butt','42101-9304849-8','1985-02-09','Male','Karachi','0333-3289288','sajid824@yahoo.com','Student',329591.45,16),
(399,'Waqar Afridi','42201-8074934-2','1969-04-20','Male','Multan','0345-1446018','waqar492@yahoo.com','Contractor',28465.05,36),
(400,'Hassan Javed','21301-6219488-8','1987-04-15','Male','Quetta','0333-4253802','hassan575@yahoo.com','Accountant',NULL,38),
(401,'Raheel Ahmed','42201-3888118-9','1986-02-19','Male','Quetta','0333-9948435','raheel248@gmail.com','Sales Manager',356755.93,23),
(402,'Zubair Sheikh','38401-3429609-8','1990-04-09','Male','Faisalabad','0312-5020889','zubair154@hotmail.com','Contractor',107316.47,2),
(403,'Maira Malik','42101-9619632-3','1974-03-03','Female','Peshawar','0311-1650160','maira913@hotmail.com','Retired',429972.68,20),
(404,'Zubair Mirza','42201-3529663-9','1982-03-22','Male','Islamabad','0345-4510282','zubair648@gmail.com','Nurse',285619.02,20),
(405,'Sheeza Ahmed','61101-2013292-9','1965-11-06','Female','Multan','0312-8283328','sheeza405@yahoo.com','HR Manager',281892.68,4),
(406,'Kamran Ali','35201-8359685-4','1979-05-24','Male','Multan','0321-5803195','kamran337@gmail.com','Lecturer',152671.31,22),
(407,'Usman Aziz','42201-2928791-3','1983-05-11','Male','Multan','0321-4837339','usman990@gmail.com','HR Manager',445892.51,16),
(408,'Kamran Raza','38401-7399562-6','1974-06-16','Male','Quetta','0333-7116777','kamran485@hotmail.com','Teacher',138846.46,19),
(409,'Rubab Akhtar','42201-4709699-4','1987-07-02','Female','Multan','0312-4102285','rubab627@hotmail.com','Retired',NULL,42),
(410,'Sara Dar','35201-8434373-6','1997-08-22','Female','Quetta','0311-1306582','sara239@hotmail.com','Lawyer',87917.6,34),
(411,'Shahid Farooq','42201-5164023-7','1980-12-04','Male','Peshawar','0300-8726648','shahid982@gmail.com','Lawyer',433615.66,16),
(412,'Ayesha Siddiqui','61101-6322073-5','1978-02-23','Female','Lahore','0321-7447214','ayesha554@hotmail.com','Businessman',425677.56,7),
(413,'Salman Ali','42101-5999612-3','1964-01-18','Male','Peshawar','0311-5909224','salman934@yahoo.com','Govt Employee',161804.19,9),
(414,'Ahmed Dar','35401-8094260-3','1964-07-26','Male','Lahore','0333-9403294','ahmed618@gmail.com','Engineer',262084.19,48),
(415,'Sajid Afridi','42201-8565280-7','1962-12-05','Male','Multan','0311-4262973','sajid698@yahoo.com','Retailer',161749.08,35),
(416,'Muhammad Raza','42101-4976938-7','1980-02-13','Male','Quetta','0345-2854873','muhammad417@gmail.com','Freelancer',NULL,14),
(417,'Rabia Raza','38401-2526622-4','1983-09-15','Female','Faisalabad','0301-6304010','rabia278@yahoo.com','Nurse',299968.32,44),
(418,'Fareeha Sheikh','61101-7995844-8',NULL,'Female','Multan','0300-5365102',NULL,'Doctor',297603.22,40),
(419,'Hina Malik','42201-4921398-6',NULL,'Female','Faisalabad','0311-6392671','hina300@gmail.com','Student',381663.38,11),
(420,'Adnan Qureshi','38401-8102055-6','1973-09-23','Male','Karachi','0333-1492584','adnan117@gmail.com','Businessman',408343.34,50),
(421,'Hina Baig','21301-5827811-6','1961-04-20','Female','Quetta','0345-8141200','hina400@gmail.com','Businessman',250139.62,10),
(422,'Hira Ahmed','38401-9643060-1','1994-09-23','Female','Karachi','0345-1635222','hira811@gmail.com','Teacher',439432.72,33),
(423,'Amna Aziz','35201-1862534-9',NULL,'Female','Peshawar','0300-3585435','amna465@gmail.com','Retailer',336056.68,4),
(424,'Asad Iqbal','38401-6839231-4','1976-10-13','Male','Peshawar','0301-1155279','asad915@hotmail.com','Contractor',278427.36,15),
(425,'Waqar Baloch','35201-4969643-9','1996-12-14','Male','Faisalabad','0345-3427056','waqar168@gmail.com','Contractor',35622.09,28),
(426,'Salman Javed','42101-2171936-3','1997-08-07','Male','Multan','0301-7284156','salman309@hotmail.com','Freelancer',31266.49,42),
(427,'Raheel Siddiqui','42201-2525821-7','1974-03-24','Male','Quetta','0321-7046621','raheel372@yahoo.com','Accountant',241275.11,23),
(428,'Saima Dar','61101-6139687-8','1974-11-05','Female','Quetta','0300-1656765','saima897@hotmail.com','Doctor',425685.22,49),
(429,'Bilal Baloch','21301-9712586-8','1976-02-10','Male','Islamabad','0345-9331764','bilal831@gmail.com','Doctor',102377.43,30),
(430,'Shahid Khan','61101-2094036-4','1982-02-16','Male','Karachi','0312-4666539','shahid511@hotmail.com','Teacher',242363.25,11),
(431,'Salman Qureshi','61101-3129064-5','1988-01-10','Male','Multan','0300-1304429','salman88@gmail.com','Trader',206287.52,38),
(432,'Fatima Dar','21301-2162354-2','1977-02-16','Female','Peshawar','0301-5044192','fatima631@hotmail.com','Trader',121111.51,28),
(433,'Adnan Ahmed','38401-4688164-6','1977-06-09','Male','Faisalabad','0311-2460376','adnan643@hotmail.com','Accountant',212441.72,43),
(434,'Faisal Gul','61101-3855237-8','1986-01-20','Male','Multan','0311-2080076','faisal468@gmail.com','Software Dev',181424.67,3),
(435,'Zara Mirza','35201-2858571-7','1988-08-08','Female','Quetta','0311-8512009','zara77@gmail.com','Trader',329434.17,16),
(436,'Asad Ahmed','38401-3719468-1','1977-04-29','Male','Faisalabad','0333-9456099',NULL,'Lawyer',274839.26,35),
(437,'Mehwish Butt','42101-7185492-8','1961-04-22','Female','Islamabad','0300-8970206','mehwish890@gmail.com','Software Dev',238427.61,18),
(438,'Raheel Sheikh','35201-5289856-1','1964-08-01','Male','Quetta','0333-1553642','raheel225@hotmail.com','Govt Employee',81209.45,1),
(439,'Kiran Siddiqui','61101-5841985-1','1980-12-30','Female','Peshawar','0345-2175766','kiran723@yahoo.com','Lawyer',405091.14,7),
(440,'Asad Aziz','61101-1983442-8','1978-04-01','Male','Quetta','0301-8003615','asad634@gmail.com','Lawyer',311966.31,3),
(441,'Hina Baloch','21301-1255703-9','1968-10-27','Female','Peshawar','0301-7952127','hina84@hotmail.com','Govt Employee',222238.83,44),
(442,'Zainab Afridi','21301-1730259-3','1987-04-16','Female','Islamabad','0301-2934737','zainab857@yahoo.com','Teacher',65248.45,31),
(443,'Muhammad Akhtar','35401-9402906-8','1984-07-03','Male','Quetta','0333-9803984',NULL,'Businessman',256742.02,19),
(444,'Sajid Sheikh','38401-6111793-6','1980-12-04','Male','Quetta','0345-5777468','sajid890@yahoo.com','Teacher',354002.49,39),
(445,'Ali Qureshi','42101-3688389-8','1970-05-30','Male','Quetta','0345-2478820','ali841@hotmail.com','Software Dev',NULL,15),
(446,'Zainab Qureshi','42101-5894927-1','1994-08-23','Female','Multan','0345-5631321','zainab33@hotmail.com','Engineer',110550.8,3),
(447,'Muhammad Malik','38401-8626537-7','1964-09-03','Male','Lahore','0301-6085058','muhammad884@hotmail.com','Businessman',NULL,8),
(448,'Usman Iqbal','42101-4983269-8','1966-09-12','Male','Faisalabad','0333-2642459','usman643@hotmail.com','HR Manager',175387.03,11),
(449,'Tariq Mehmood','35201-6066246-2','1963-03-10','Male','Lahore','0312-6059324','tariq418@gmail.com','Freelancer',387414.96,40),
(450,'Faisal Farooq','38401-5029600-2','1966-12-28','Male','Lahore','0345-4429069','faisal654@hotmail.com','Retailer',116065.9,20),
(451,'Tariq Qureshi','38401-9193678-1','1996-04-04','Male','Karachi','0321-4579408','tariq908@gmail.com','Businessman',108384.24,31),
(452,'Aamir Farooq','21301-2251789-7',NULL,'Male','Faisalabad','0312-1138365','aamir170@hotmail.com','Engineer',195339.94,28),
(453,'Sheeza Iqbal','21301-1219814-1','1991-10-25','Female','Karachi','0312-9020099','sheeza405@gmail.com','Govt Employee',366247.81,28),
(454,'Waqar Aziz','38401-5967298-2','1995-03-29','Male','Quetta','0312-4866163','waqar157@yahoo.com','Software Dev',69399.11,39),
(455,'Asad Baig','21301-3144361-8','1967-06-01','Male','Peshawar','0301-7628665','asad800@hotmail.com','Nurse',290347.47,44),
(456,'Hamza Dar','35401-3563969-7','1978-11-07','Male','Karachi','0300-8862551','hamza69@yahoo.com','Accountant',49002.51,12),
(457,'Hina Sheikh','21301-5545468-8','1984-09-06','Female','Lahore','0345-3876958','hina276@yahoo.com','Contractor',412910.2,5),
(458,'Maryam Baig','42101-9715911-3','1996-03-14','Female','Islamabad','0321-8640602','maryam530@hotmail.com','Accountant',65413.04,8),
(459,'Bushra Dar','35201-3568137-2','1999-04-08','Female','Lahore','0300-9519436','bushra21@hotmail.com','Sales Manager',NULL,41),
(460,'Zubair Ali','21301-6603002-6','1992-05-17','Male','Quetta','0300-7005582','zubair44@yahoo.com','Engineer',215294.02,30),
(461,'Sana Akhtar','21301-2398831-7','1987-05-24','Female','Faisalabad','0345-6081275','sana954@yahoo.com','Doctor',163509.9,2),
(462,'Junaid Afridi','35401-5940597-3','1995-05-21','Male','Multan','0333-6310888','junaid917@hotmail.com','Freelancer',NULL,49),
(463,'Mehwish Ali','35201-4276385-6','1988-08-02','Female','Faisalabad','0312-3313074','mehwish317@yahoo.com','Lawyer',294440.45,36),
(464,'Nimra Farooq','61101-7311803-4','1997-02-01','Female','Faisalabad','0345-8650772','nimra293@yahoo.com','Engineer',373668.93,28),
(465,'Shahid Siddiqui','35401-6846014-1','1969-10-16','Male','Quetta','0312-5046794','shahid641@yahoo.com','Lawyer',133219.64,43),
(466,'Ali Baloch','42101-2094182-1','1974-06-03','Male','Karachi','0345-4741703','ali425@hotmail.com','Accountant',46470.77,11),
(467,'Hamza Baloch','42101-3594982-3','1977-05-13','Male','Faisalabad','0300-8813949','hamza958@yahoo.com','Accountant',57626.97,3),
(468,'Asad Mirza','42201-7947797-8','1983-05-18','Male','Quetta','0311-1224881',NULL,'Software Dev',268653.39,16),
(469,'Shahid Farooq','21301-9832376-2','1982-11-23','Male','Multan','0312-9471526','shahid625@hotmail.com','Businessman',NULL,31),
(470,'Sheeza Akhtar','38401-5570786-2',NULL,'Female','Peshawar','0312-9033322','sheeza300@yahoo.com','Software Dev',NULL,14),
(471,'Sajid Afridi','38401-4518083-7','1975-12-04','Male','Islamabad','0312-4331321','sajid157@hotmail.com','Businessman',214739.88,34),
(472,'Bilal Baloch','21301-4985606-4','1971-06-07','Male','Peshawar','0321-5407982','bilal449@hotmail.com','Lecturer',227412.71,50),
(473,'Sobia Khan','38401-5211073-7','1965-06-07','Female','Peshawar','0311-2362355','sobia380@gmail.com','Contractor',444447.05,43),
(474,'Ayesha Mehmood','35201-7167908-7','1961-06-18','Female','Peshawar','0311-7531495','ayesha869@gmail.com','Freelancer',278516.16,8),
(475,'Kiran Saleem','35401-3359066-4','1993-01-17','Female','Islamabad','0301-6216004','kiran136@gmail.com','Accountant',39566.8,25),
(476,'Hina Baloch','38401-2236088-3',NULL,'Female','Peshawar','0345-9746960','hina367@yahoo.com','Software Dev',440860.7,14),
(477,'Iqra Qureshi','35401-1777399-3','1980-05-06','Female','Lahore','0301-9448921','iqra926@hotmail.com','Student',447333.51,44),
(478,'Faisal Butt','35401-7432238-2','1963-11-11','Male','Faisalabad','0333-9863742','faisal315@gmail.com','Contractor',420259.85,18),
(479,'Fareeha Hussain','35401-2605728-9','1960-09-24','Female','Peshawar','0300-4607984','fareeha744@gmail.com','Govt Employee',315335.77,2),
(480,'Amna Hussain','42101-7947895-5',NULL,'Female','Lahore','0311-4155116','amna767@gmail.com','Contractor',310838.2,10),
(481,'Iqra Sheikh','35401-6006099-7','1985-02-18','Female','Lahore','0300-4269399','iqra650@hotmail.com','Businessman',NULL,48),
(482,'Sajid Butt','35201-1541020-9','1993-10-20','Male','Peshawar','0333-7059765',NULL,'HR Manager',215594.55,17),
(483,'Rubab Siddiqui','42201-2003693-6','1983-06-30','Female','Multan','0311-4090285','rubab451@gmail.com','HR Manager',112273.78,7),
(484,'Ayesha Hussain','38401-6430147-7','1984-11-22','Female','Quetta','0321-7022079','ayesha883@gmail.com','Doctor',401202.76,30),
(485,'Kashif Hussain','35401-7364202-2','1973-09-07','Male','Lahore','0345-9427793','kashif792@gmail.com','Sales Manager',244767.64,30),
(486,'Hina Baig','42101-4006088-9','1997-08-31','Female','Islamabad','0311-9047121','hina633@gmail.com','Retired',139067.3,29),
(487,'Rubab Raza','61101-1668149-7','1969-01-17','Female','Peshawar','0312-1354224',NULL,'Lawyer',225321.28,40),
(488,'Usman Qureshi','35401-7999908-1','1976-01-10','Male','Karachi','0300-8270632','usman155@gmail.com','Student',NULL,5),
(489,'Bilal Malik','38401-2210054-1','1990-05-04','Male','Islamabad','0300-5348676','bilal408@hotmail.com','Lecturer',395809.64,9),
(490,'Zara Malik','35201-5034442-7','1980-09-08','Female','Peshawar','0345-7659740','zara300@gmail.com','Businessman',285261.03,4),
(491,'Muhammad Sheikh','35201-5057126-8','1989-07-19','Male','Faisalabad','0311-8666403','muhammad567@hotmail.com','Lawyer',87497.96,10),
(492,'Sobia Aziz','42201-9929368-5','2000-02-07','Female','Multan','0345-9321785','sobia843@hotmail.com','Retailer',169667.26,40),
(493,'Nadia Dar','61101-3406815-6','1987-12-04','Female','Lahore','0345-7461573','nadia685@yahoo.com','Accountant',255828.14,32),
(494,'Hamza Ahmed','42101-6947821-9',NULL,'Male','Islamabad','0301-6771485','hamza701@hotmail.com','Doctor',42573.25,41),
(495,'Kamran Baig','35401-4541052-9','1986-08-01','Male','Karachi','0333-8718943','kamran99@gmail.com','Student',386612.51,44),
(496,'Kiran Siddiqui','35201-7988515-3','1995-04-12','Female','Islamabad','0321-2666133','kiran364@hotmail.com','Freelancer',52422.04,48),
(497,'Fareeha Raza','38401-6238659-3','1974-09-13','Female','Faisalabad','0301-8812916','fareeha228@gmail.com','Lawyer',409184.48,9),
(498,'Muhammad Ali','35201-6573403-2','1982-11-13','Male','Multan','0321-7869921','muhammad795@yahoo.com','Lecturer',127717.31,35),
(499,'Hina Siddiqui','38401-7457252-9','1972-03-24','Female','Karachi','0301-4957388','hina559@gmail.com','Doctor',320647.58,23),
(500,'Bushra Saleem','35401-7785400-8','1966-04-28','Female','Multan','0311-3863713','bushra679@hotmail.com','Lawyer',NULL,16);

Select * From customers;

-- ================================
-- INSERT Accounts
-- ================================
INSERT INTO accounts (account_id,customer_id,branch_id,account_type,account_no,balance,currency,opened_date,status) VALUES
(1,26,21,'Savings','PK021000001',1881765.2,'PKR','2011-03-02','Active'),
(2,140,41,'Fixed Deposit','PK041000002',2986930.39,'PKR','2017-07-01','Closed'),
(3,485,34,'Savings','PK034000003',479007.7,'PKR','2014-02-20','Inactive'),
(4,392,41,'Fixed Deposit','PK041000004',1046195.16,'PKR','2020-10-18','Active'),
(5,185,11,'Fixed Deposit','PK011000005',1157784.2,'PKR','2014-09-02','Inactive'),
(6,156,45,'Savings','PK045000006',1260234.41,'PKR','2015-08-17','Active'),
(7,242,20,'Fixed Deposit','PK020000007',113974.85,'PKR','2018-10-19','Active'),
(8,344,12,'Fixed Deposit','PK012000008',486887.2,'PKR','2017-04-24','Active'),
(9,184,47,'Savings','PK047000009',517870.45,'PKR','2021-03-07','Inactive'),
(10,311,43,'Savings','PK043000010',389391.76,'PKR','2020-06-18','Closed'),
(11,390,6,'Savings','PK006000011',254682.16,'PKR','2021-07-03','Closed'),
(12,335,18,'Savings','PK018000012',2454714.15,'PKR','2010-08-30','Closed'),
(13,493,26,'Current','PK026000013',1870680.26,'PKR','2010-02-10','Closed'),
(14,105,47,'Current','PK047000014',128084.07,'PKR','2014-02-02','Active'),
(15,23,23,'Savings','PK023000015',1722918.26,'PKR','2018-04-21','Inactive'),
(16,26,20,'Current','PK020000016',1277328.3,'PKR','2017-05-08','Closed'),
(17,462,26,'Fixed Deposit','PK026000017',2632371.56,'PKR','2010-09-13','Closed'),
(18,131,6,'Fixed Deposit','PK006000018',1455405.17,'PKR','2017-03-08','Closed'),
(19,461,10,'Savings','PK010000019',950102.34,'PKR','2018-03-28','Inactive'),
(20,146,8,'Fixed Deposit','PK008000020',404119.07,'PKR','2019-07-16','Inactive'),
(21,38,41,'Current','PK041000021',1295090.26,'PKR','2021-01-26','Inactive'),
(22,278,20,'Current','PK020000022',2760441.66,'PKR','2015-10-06','Active'),
(23,157,14,'Fixed Deposit','PK014000023',2378772.68,'PKR','2017-08-14','Active'),
(24,79,15,'Savings','PK015000024',890168.37,'PKR','2014-09-13','Closed'),
(25,399,12,'Current','PK012000025',913455.62,'PKR','2013-05-25','Active'),
(26,136,49,'Fixed Deposit','PK049000026',1584241.41,'PKR','2014-08-14','Active'),
(27,360,21,'Current','PK021000027',1244661.02,'PKR','2012-11-09','Closed'),
(28,493,32,'Current','PK032000028',2499818.14,'PKR','2020-05-26','Closed'),
(29,410,3,'Savings','PK003000029',2447248.98,'PKR','2014-12-16','Closed'),
(30,219,31,'Current','PK031000030',1782283.18,'PKR','2023-03-25','Closed'),
(31,178,7,'Savings','PK007000031',306802.62,'PKR','2014-06-12','Inactive'),
(32,222,26,'Savings','PK026000032',1333952.67,'PKR','2021-10-22','Closed'),
(33,90,20,'Fixed Deposit','PK020000033',2583538.96,'PKR','2013-04-23','Active'),
(34,67,40,'Savings','PK040000034',2036369.38,'PKR','2014-04-29','Inactive'),
(35,274,32,'Savings','PK032000035',2745895.07,'PKR','2016-03-25','Inactive'),
(36,52,17,'Savings','PK017000036',1860758.18,'PKR','2014-10-03','Closed'),
(37,383,48,'Savings','PK048000037',2915128.39,'PKR','2018-10-10','Inactive'),
(38,342,25,'Savings','PK025000038',2118222.96,'PKR','2015-06-04','Inactive'),
(39,483,42,'Savings','PK042000039',2349296.92,'PKR','2012-03-25','Inactive'),
(40,95,47,'Current','PK047000040',43233.47,'PKR','2021-07-17','Active'),
(41,177,18,'Savings','PK018000041',1141846.74,'PKR','2018-02-15','Inactive'),
(42,294,48,'Savings','PK048000042',2450250.46,'PKR','2022-08-15','Closed'),
(43,57,1,'Current','PK001000043',2443954.61,'PKR','2018-04-18','Active'),
(44,357,22,'Fixed Deposit','PK022000044',850111.31,'PKR','2018-02-13','Inactive'),
(45,471,23,'Fixed Deposit','PK023000045',270136.52,'PKR','2015-07-18','Active'),
(46,139,33,'Fixed Deposit','PK033000046',1334131.07,'PKR','2023-10-05','Inactive'),
(47,68,8,'Fixed Deposit','PK008000047',1167146.45,'PKR','2021-05-13','Inactive'),
(48,190,6,'Current','PK006000048',1502102.23,'PKR','2012-08-07','Inactive'),
(49,315,47,'Fixed Deposit','PK047000049',385691.64,'PKR','2015-04-12','Closed'),
(50,347,3,'Savings','PK003000050',2546914.28,'PKR','2019-09-25','Inactive'),
(51,138,33,'Savings','PK033000051',2657839.12,'PKR','2010-09-30','Closed'),
(52,243,25,'Current','PK025000052',1283814.25,'PKR','2017-10-21','Active'),
(53,176,38,'Savings','PK038000053',2098186.98,'PKR','2017-01-29','Closed'),
(54,20,38,'Fixed Deposit','PK038000054',400274.24,'PKR','2017-03-30','Inactive'),
(55,362,45,'Fixed Deposit','PK045000055',337542.25,'PKR','2018-12-22','Inactive'),
(56,105,3,'Savings','PK003000056',172177.06,'PKR','2015-06-04','Active'),
(57,412,37,'Savings','PK037000057',421806.9,'PKR','2023-03-31','Inactive'),
(58,377,9,'Fixed Deposit','PK009000058',1298948.79,'PKR','2022-12-31','Inactive'),
(59,466,48,'Savings','PK048000059',782366.62,'PKR','2023-12-25','Inactive'),
(60,365,18,'Fixed Deposit','PK018000060',1575256.69,'PKR','2015-09-08','Inactive'),
(61,2,5,'Current','PK005000061',602349.73,'PKR','2023-06-27','Inactive'),
(62,484,1,'Fixed Deposit','PK001000062',1753982.99,'PKR','2019-02-08','Inactive'),
(63,67,45,'Current','PK045000063',72630.05,'PKR','2011-10-25','Closed'),
(64,124,19,'Current','PK019000064',2091775.13,'PKR','2010-06-12','Active'),
(65,392,15,'Savings','PK015000065',1001978.19,'PKR','2014-07-28','Active'),
(66,123,22,'Savings','PK022000066',1558103.25,'PKR','2017-12-10','Active'),
(67,91,35,'Savings','PK035000067',128610.83,'PKR','2022-06-09','Closed'),
(68,100,15,'Current','PK015000068',906007.49,'PKR','2010-05-03','Inactive'),
(69,429,29,'Savings','PK029000069',890180.2,'PKR','2017-03-10','Inactive'),
(70,22,4,'Savings','PK004000070',2082342.76,'PKR','2016-03-04','Active'),
(71,446,28,'Current','PK028000071',517554.94,'PKR','2011-02-21','Closed'),
(72,213,46,'Savings','PK046000072',1073457.21,'PKR','2022-06-29','Active'),
(73,342,11,'Fixed Deposit','PK011000073',1030609.44,'PKR','2021-04-12','Closed'),
(74,358,22,'Fixed Deposit','PK022000074',2519498.65,'PKR','2022-02-15','Closed'),
(75,104,20,'Fixed Deposit','PK020000075',1807298.3,'PKR','2021-06-03','Inactive'),
(76,382,48,'Fixed Deposit','PK048000076',2258228.43,'PKR','2021-11-24','Closed'),
(77,312,4,'Savings','PK004000077',824526.78,'PKR','2022-09-01','Active'),
(78,493,17,'Savings','PK017000078',1621097.9,'PKR','2023-01-20','Active'),
(79,415,20,'Savings','PK020000079',682160.94,'PKR','2021-10-29','Closed'),
(80,468,15,'Current','PK015000080',2708433.14,'PKR','2023-06-17','Closed'),
(81,427,40,'Fixed Deposit','PK040000081',1156587.28,'PKR','2022-11-28','Active'),
(82,132,2,'Current','PK002000082',2987686.77,'PKR','2023-11-23','Inactive'),
(83,56,25,'Current','PK025000083',2539965.01,'PKR','2019-12-10','Active'),
(84,139,13,'Savings','PK013000084',1301290.22,'PKR','2011-04-19','Inactive'),
(85,128,17,'Fixed Deposit','PK017000085',220350.85,'PKR','2022-01-14','Active'),
(86,249,35,'Savings','PK035000086',616449.45,'PKR','2021-04-14','Closed'),
(87,149,32,'Fixed Deposit','PK032000087',1507903.89,'PKR','2018-09-26','Closed'),
(88,266,40,'Savings','PK040000088',360659.4,'PKR','2016-02-05','Inactive'),
(89,394,45,'Savings','PK045000089',1801533.63,'PKR','2023-06-11','Active'),
(90,287,33,'Fixed Deposit','PK033000090',67151.89,'PKR','2010-05-19','Inactive'),
(91,431,34,'Fixed Deposit','PK034000091',1833282.82,'PKR','2018-04-04','Active'),
(92,228,13,'Current','PK013000092',56093.48,'PKR','2018-05-05','Inactive'),
(93,205,8,'Current','PK008000093',206313.42,'PKR','2012-01-04','Active'),
(94,103,44,'Current','PK044000094',2475324.54,'PKR','2013-01-10','Active'),
(95,431,43,'Fixed Deposit','PK043000095',559690.48,'PKR','2019-06-24','Inactive'),
(96,382,5,'Current','PK005000096',677028.44,'PKR','2020-04-29','Inactive'),
(97,236,7,'Savings','PK007000097',485664.45,'PKR','2015-07-06','Inactive'),
(98,269,47,'Fixed Deposit','PK047000098',631072.48,'PKR','2016-02-29','Inactive'),
(99,167,1,'Fixed Deposit','PK001000099',2811159.65,'PKR','2011-02-14','Inactive'),
(100,25,44,'Current','PK044000100',2856758.08,'PKR','2014-10-25','Active'),
(101,254,42,'Current','PK042000101',1072178.38,'PKR','2010-03-16','Active'),
(102,241,49,'Current','PK049000102',2527505.81,'PKR','2020-11-21','Active'),
(103,18,36,'Current','PK036000103',954140.05,'PKR','2022-04-24','Closed'),
(104,422,20,'Current','PK020000104',2452998.87,'PKR','2023-02-06','Inactive'),
(105,213,47,'Savings','PK047000105',2722703.7,'PKR','2010-04-05','Closed'),
(106,282,13,'Savings','PK013000106',311797.1,'PKR','2017-02-17','Inactive'),
(107,114,9,'Fixed Deposit','PK009000107',1166375.6,'PKR','2020-10-28','Inactive'),
(108,392,38,'Fixed Deposit','PK038000108',1089361.0,'PKR','2023-07-11','Active'),
(109,422,18,'Current','PK018000109',2310480.76,'PKR','2013-05-07','Closed'),
(110,264,7,'Fixed Deposit','PK007000110',1874347.97,'PKR','2017-05-05','Active'),
(111,311,48,'Current','PK048000111',662611.19,'PKR','2016-05-14','Inactive'),
(112,432,4,'Current','PK004000112',1774884.65,'PKR','2018-11-01','Active'),
(113,290,36,'Fixed Deposit','PK036000113',1601919.08,'PKR','2022-11-14','Active'),
(114,244,11,'Current','PK011000114',2995988.33,'PKR','2021-02-19','Closed'),
(115,2,25,'Current','PK025000115',929650.35,'PKR','2020-03-17','Closed'),
(116,169,24,'Savings','PK024000116',2783010.84,'PKR','2013-03-22','Closed'),
(117,379,23,'Savings','PK023000117',2262803.26,'PKR','2010-04-20','Active'),
(118,431,36,'Savings','PK036000118',743814.55,'PKR','2011-11-01','Closed'),
(119,444,18,'Fixed Deposit','PK018000119',853381.59,'PKR','2014-03-06','Active'),
(120,129,27,'Current','PK027000120',2817711.7,'PKR','2011-01-10','Closed'),
(121,216,49,'Current','PK049000121',52649.23,'PKR','2023-09-18','Closed'),
(122,382,34,'Current','PK034000122',963118.21,'PKR','2013-07-17','Closed'),
(123,369,34,'Fixed Deposit','PK034000123',2644689.44,'PKR','2016-05-12','Closed'),
(124,397,48,'Savings','PK048000124',511040.79,'PKR','2013-12-23','Inactive'),
(125,71,21,'Current','PK021000125',2989256.94,'PKR','2017-04-03','Closed'),
(126,256,8,'Savings','PK008000126',2528420.48,'PKR','2018-01-19','Active'),
(127,135,36,'Fixed Deposit','PK036000127',2096890.35,'PKR','2014-12-18','Closed'),
(128,94,47,'Current','PK047000128',2402883.17,'PKR','2016-03-20','Closed'),
(129,109,38,'Current','PK038000129',2338983.39,'PKR','2012-05-12','Closed'),
(130,442,42,'Fixed Deposit','PK042000130',328719.89,'PKR','2023-12-20','Closed'),
(131,93,40,'Current','PK040000131',1541166.37,'PKR','2019-04-15','Closed'),
(132,191,17,'Fixed Deposit','PK017000132',826804.45,'PKR','2016-08-17','Closed'),
(133,24,43,'Fixed Deposit','PK043000133',974261.07,'PKR','2010-05-25','Closed'),
(134,247,39,'Savings','PK039000134',1699993.79,'PKR','2017-06-26','Active'),
(135,329,19,'Savings','PK019000135',2211753.49,'PKR','2012-08-15','Inactive'),
(136,481,3,'Savings','PK003000136',711062.95,'PKR','2019-11-30','Closed'),
(137,26,29,'Fixed Deposit','PK029000137',1285322.13,'PKR','2013-08-10','Closed'),
(138,65,32,'Fixed Deposit','PK032000138',865581.4,'PKR','2021-07-19','Inactive'),
(139,485,43,'Fixed Deposit','PK043000139',811279.7,'PKR','2017-03-16','Closed'),
(140,396,28,'Current','PK028000140',1568525.65,'PKR','2016-08-20','Inactive'),
(141,348,15,'Fixed Deposit','PK015000141',36409.55,'PKR','2016-02-11','Inactive'),
(142,29,12,'Fixed Deposit','PK012000142',2883924.87,'PKR','2011-08-09','Closed'),
(143,190,9,'Savings','PK009000143',1598616.09,'PKR','2010-12-17','Closed'),
(144,194,35,'Savings','PK035000144',2379931.27,'PKR','2010-09-04','Active'),
(145,136,24,'Fixed Deposit','PK024000145',2916269.99,'PKR','2022-09-02','Active'),
(146,232,15,'Current','PK015000146',2855273.11,'PKR','2018-02-11','Closed'),
(147,103,18,'Current','PK018000147',2544107.06,'PKR','2010-10-20','Closed'),
(148,84,31,'Current','PK031000148',1173268.6,'PKR','2021-05-06','Closed'),
(149,244,28,'Current','PK028000149',1366463.89,'PKR','2022-11-03','Closed'),
(150,100,33,'Current','PK033000150',424506.5,'PKR','2018-12-16','Closed'),
(151,399,24,'Fixed Deposit','PK024000151',2919206.83,'PKR','2011-02-21','Active'),
(152,416,38,'Current','PK038000152',2850246.84,'PKR','2012-06-11','Closed'),
(153,102,33,'Savings','PK033000153',2479295.95,'PKR','2014-05-26','Active'),
(154,369,46,'Fixed Deposit','PK046000154',1757042.5,'PKR','2014-11-27','Closed'),
(155,115,14,'Current','PK014000155',2680378.7,'PKR','2015-11-14','Closed'),
(156,93,50,'Current','PK050000156',1105379.44,'PKR','2022-03-30','Inactive'),
(157,340,30,'Fixed Deposit','PK030000157',1755814.22,'PKR','2016-09-27','Inactive'),
(158,440,28,'Current','PK028000158',1925787.71,'PKR','2012-04-16','Inactive'),
(159,17,42,'Savings','PK042000159',1772634.18,'PKR','2016-12-13','Inactive'),
(160,438,13,'Savings','PK013000160',2849057.91,'PKR','2015-11-08','Inactive'),
(161,104,31,'Savings','PK031000161',1212363.61,'PKR','2020-04-12','Active'),
(162,253,14,'Fixed Deposit','PK014000162',2540247.19,'PKR','2016-08-20','Closed'),
(163,189,30,'Savings','PK030000163',2437566.9,'PKR','2021-01-17','Inactive'),
(164,334,37,'Current','PK037000164',2834226.87,'PKR','2014-11-29','Active'),
(165,195,11,'Current','PK011000165',2055970.91,'PKR','2022-07-03','Active'),
(166,48,4,'Current','PK004000166',367738.5,'PKR','2016-08-03','Inactive'),
(167,27,22,'Current','PK022000167',1815536.06,'PKR','2022-11-24','Inactive'),
(168,243,17,'Current','PK017000168',1830217.94,'PKR','2010-09-29','Active'),
(169,487,16,'Fixed Deposit','PK016000169',572666.3,'PKR','2018-07-13','Inactive'),
(170,30,15,'Savings','PK015000170',2315386.17,'PKR','2018-07-10','Active'),
(171,131,8,'Current','PK008000171',1374750.6,'PKR','2013-07-02','Inactive'),
(172,491,20,'Fixed Deposit','PK020000172',400726.76,'PKR','2017-01-23','Inactive'),
(173,417,44,'Current','PK044000173',1622766.91,'PKR','2013-06-09','Inactive'),
(174,15,23,'Current','PK023000174',2027180.84,'PKR','2016-04-11','Active'),
(175,436,14,'Current','PK014000175',441261.89,'PKR','2021-01-18','Active'),
(176,70,33,'Fixed Deposit','PK033000176',839211.32,'PKR','2012-08-15','Closed'),
(177,379,7,'Savings','PK007000177',1802467.42,'PKR','2021-02-28','Closed'),
(178,207,43,'Fixed Deposit','PK043000178',1281581.58,'PKR','2013-08-20','Inactive'),
(179,265,17,'Current','PK017000179',1687559.15,'PKR','2014-06-23','Closed'),
(180,177,29,'Fixed Deposit','PK029000180',964122.06,'PKR','2013-04-09','Inactive'),
(181,441,31,'Current','PK031000181',1314178.67,'PKR','2012-08-27','Active'),
(182,7,44,'Fixed Deposit','PK044000182',1558861.25,'PKR','2017-11-14','Closed'),
(183,249,43,'Savings','PK043000183',2636393.85,'PKR','2014-09-22','Inactive'),
(184,69,21,'Savings','PK021000184',859899.79,'PKR','2021-10-02','Active'),
(185,456,15,'Savings','PK015000185',1565334.36,'PKR','2010-10-17','Inactive'),
(186,22,39,'Savings','PK039000186',186304.82,'PKR','2014-09-28','Active'),
(187,244,22,'Fixed Deposit','PK022000187',194105.5,'PKR','2014-07-18','Active'),
(188,471,44,'Fixed Deposit','PK044000188',2857682.72,'PKR','2022-05-29','Active'),
(189,252,3,'Fixed Deposit','PK003000189',281891.23,'PKR','2022-03-27','Inactive'),
(190,183,46,'Fixed Deposit','PK046000190',2842328.73,'PKR','2016-08-11','Closed'),
(191,426,7,'Fixed Deposit','PK007000191',253408.21,'PKR','2022-09-20','Inactive'),
(192,366,18,'Fixed Deposit','PK018000192',2053655.04,'PKR','2018-02-06','Active'),
(193,321,34,'Current','PK034000193',2022532.05,'PKR','2020-04-24','Inactive'),
(194,50,45,'Current','PK045000194',591269.41,'PKR','2019-02-06','Closed'),
(195,2,40,'Savings','PK040000195',1671914.86,'PKR','2020-02-10','Inactive'),
(196,445,37,'Fixed Deposit','PK037000196',1444521.91,'PKR','2022-02-14','Closed'),
(197,341,13,'Fixed Deposit','PK013000197',2194993.13,'PKR','2017-11-08','Active'),
(198,19,38,'Current','PK038000198',1960514.18,'PKR','2013-07-12','Closed'),
(199,116,37,'Fixed Deposit','PK037000199',2653126.26,'PKR','2014-05-22','Active'),
(200,115,21,'Current','PK021000200',999795.22,'PKR','2016-09-15','Closed'),
(201,69,30,'Current','PK030000201',2352624.54,'PKR','2016-06-09','Inactive'),
(202,430,29,'Current','PK029000202',2913685.42,'PKR','2010-08-01','Inactive'),
(203,194,27,'Current','PK027000203',1650612.06,'PKR','2011-02-04','Inactive'),
(204,290,42,'Current','PK042000204',466559.54,'PKR','2023-04-20','Inactive'),
(205,116,19,'Savings','PK019000205',1781846.3,'PKR','2017-03-31','Active'),
(206,90,37,'Current','PK037000206',1961533.59,'PKR','2019-11-19','Active'),
(207,441,42,'Fixed Deposit','PK042000207',643822.46,'PKR','2010-01-27','Closed'),
(208,322,15,'Current','PK015000208',2381224.82,'PKR','2023-01-21','Inactive'),
(209,102,32,'Fixed Deposit','PK032000209',2582405.87,'PKR','2013-06-13','Closed'),
(210,331,1,'Fixed Deposit','PK001000210',2709524.02,'PKR','2017-10-12','Inactive'),
(211,428,42,'Savings','PK042000211',95252.48,'PKR','2022-02-11','Closed'),
(212,358,31,'Savings','PK031000212',2390104.74,'PKR','2011-09-21','Inactive'),
(213,58,47,'Fixed Deposit','PK047000213',1928304.97,'PKR','2013-09-17','Inactive'),
(214,89,11,'Fixed Deposit','PK011000214',836586.72,'PKR','2012-09-01','Inactive'),
(215,428,36,'Fixed Deposit','PK036000215',2049145.92,'PKR','2016-06-05','Closed'),
(216,82,3,'Fixed Deposit','PK003000216',933685.6,'PKR','2019-12-29','Active'),
(217,76,41,'Fixed Deposit','PK041000217',2705427.59,'PKR','2019-04-12','Active'),
(218,127,47,'Fixed Deposit','PK047000218',782586.93,'PKR','2012-08-07','Active'),
(219,158,31,'Savings','PK031000219',1074321.17,'PKR','2017-03-08','Active'),
(220,160,40,'Current','PK040000220',252543.64,'PKR','2010-01-12','Inactive'),
(221,353,27,'Current','PK027000221',2882042.98,'PKR','2020-07-15','Inactive'),
(222,245,7,'Current','PK007000222',1473691.72,'PKR','2010-10-25','Closed'),
(223,174,37,'Fixed Deposit','PK037000223',2347225.23,'PKR','2023-02-08','Closed'),
(224,229,35,'Current','PK035000224',804161.45,'PKR','2022-01-14','Active'),
(225,114,7,'Fixed Deposit','PK007000225',1847948.02,'PKR','2022-08-15','Inactive'),
(226,155,12,'Savings','PK012000226',1717077.63,'PKR','2010-10-04','Closed'),
(227,48,47,'Fixed Deposit','PK047000227',2846118.03,'PKR','2013-01-31','Inactive'),
(228,464,17,'Fixed Deposit','PK017000228',28158.92,'PKR','2014-08-26','Closed'),
(229,45,3,'Fixed Deposit','PK003000229',562034.68,'PKR','2012-01-13','Closed'),
(230,151,30,'Fixed Deposit','PK030000230',2305296.83,'PKR','2015-12-18','Inactive'),
(231,430,35,'Savings','PK035000231',1540052.14,'PKR','2021-10-27','Active'),
(232,140,29,'Current','PK029000232',2113400.39,'PKR','2019-04-22','Active'),
(233,232,10,'Savings','PK010000233',56876.28,'PKR','2015-11-20','Closed'),
(234,274,6,'Current','PK006000234',2664101.81,'PKR','2022-07-06','Closed'),
(235,425,32,'Savings','PK032000235',1984471.45,'PKR','2018-01-31','Closed'),
(236,235,33,'Current','PK033000236',181133.35,'PKR','2020-10-05','Inactive'),
(237,461,40,'Savings','PK040000237',1687795.73,'PKR','2020-01-03','Active'),
(238,313,1,'Fixed Deposit','PK001000238',1900947.48,'PKR','2010-11-28','Inactive'),
(239,456,21,'Current','PK021000239',1777381.67,'PKR','2020-08-26','Closed'),
(240,373,17,'Fixed Deposit','PK017000240',195037.69,'PKR','2011-09-29','Closed'),
(241,164,17,'Current','PK017000241',130536.7,'PKR','2022-09-15','Active'),
(242,137,11,'Current','PK011000242',1767925.15,'PKR','2010-07-26','Active'),
(243,244,50,'Savings','PK050000243',1091468.26,'PKR','2014-02-14','Active'),
(244,225,39,'Fixed Deposit','PK039000244',174087.94,'PKR','2021-06-24','Closed'),
(245,493,19,'Current','PK019000245',590279.62,'PKR','2020-11-30','Active'),
(246,493,15,'Current','PK015000246',112044.11,'PKR','2014-04-12','Closed'),
(247,111,41,'Current','PK041000247',2762749.73,'PKR','2014-06-27','Closed'),
(248,145,7,'Current','PK007000248',2847832.41,'PKR','2018-12-16','Active'),
(249,459,36,'Current','PK036000249',304096.67,'PKR','2016-12-09','Active'),
(250,95,24,'Fixed Deposit','PK024000250',275801.77,'PKR','2012-08-02','Closed'),
(251,251,17,'Current','PK017000251',1080353.39,'PKR','2012-12-23','Active'),
(252,351,23,'Savings','PK023000252',362970.3,'PKR','2011-06-05','Inactive'),
(253,125,47,'Savings','PK047000253',1105477.85,'PKR','2020-12-10','Closed'),
(254,116,42,'Current','PK042000254',1644089.37,'PKR','2021-04-22','Active'),
(255,141,47,'Fixed Deposit','PK047000255',1983869.17,'PKR','2011-04-01','Closed'),
(256,124,18,'Savings','PK018000256',510214.96,'PKR','2012-07-14','Inactive'),
(257,348,14,'Fixed Deposit','PK014000257',842549.03,'PKR','2016-04-12','Inactive'),
(258,208,27,'Savings','PK027000258',2252670.57,'PKR','2015-12-10','Closed'),
(259,140,22,'Current','PK022000259',489964.7,'PKR','2021-01-07','Closed'),
(260,3,31,'Fixed Deposit','PK031000260',2871532.38,'PKR','2012-11-22','Active'),
(261,347,40,'Current','PK040000261',290480.26,'PKR','2017-02-05','Active'),
(262,112,48,'Fixed Deposit','PK048000262',1800826.56,'PKR','2015-12-01','Closed'),
(263,100,49,'Savings','PK049000263',2461917.46,'PKR','2019-01-14','Closed'),
(264,285,2,'Fixed Deposit','PK002000264',257049.88,'PKR','2013-04-11','Closed'),
(265,48,11,'Fixed Deposit','PK011000265',2389030.65,'PKR','2022-10-01','Active'),
(266,473,21,'Current','PK021000266',2958903.42,'PKR','2021-11-02','Closed'),
(267,268,32,'Current','PK032000267',2993700.07,'PKR','2017-02-19','Active'),
(268,355,2,'Current','PK002000268',890589.54,'PKR','2020-03-01','Active'),
(269,24,31,'Fixed Deposit','PK031000269',844808.35,'PKR','2013-03-06','Active'),
(270,30,36,'Fixed Deposit','PK036000270',2820021.52,'PKR','2016-12-30','Inactive'),
(271,313,3,'Fixed Deposit','PK003000271',837530.44,'PKR','2014-09-01','Active'),
(272,282,23,'Current','PK023000272',2186745.31,'PKR','2010-12-06','Active'),
(273,315,26,'Fixed Deposit','PK026000273',1070697.13,'PKR','2021-07-25','Active'),
(274,335,29,'Savings','PK029000274',2090036.07,'PKR','2012-09-25','Closed'),
(275,252,27,'Savings','PK027000275',110654.52,'PKR','2011-11-04','Inactive'),
(276,41,30,'Current','PK030000276',2845052.92,'PKR','2020-09-17','Inactive'),
(277,486,32,'Fixed Deposit','PK032000277',1684258.89,'PKR','2012-01-25','Inactive'),
(278,297,22,'Fixed Deposit','PK022000278',2179419.67,'PKR','2020-04-20','Active'),
(279,18,32,'Fixed Deposit','PK032000279',832108.25,'PKR','2017-09-15','Active'),
(280,160,7,'Current','PK007000280',2675008.71,'PKR','2015-10-14','Active'),
(281,489,16,'Fixed Deposit','PK016000281',2153312.61,'PKR','2016-02-17','Closed'),
(282,132,16,'Savings','PK016000282',776757.87,'PKR','2017-01-23','Closed'),
(283,192,2,'Current','PK002000283',1064412.24,'PKR','2022-05-10','Active'),
(284,281,36,'Current','PK036000284',532335.29,'PKR','2014-03-16','Active'),
(285,256,17,'Savings','PK017000285',1077188.91,'PKR','2017-11-08','Inactive'),
(286,500,50,'Current','PK050000286',1431764.39,'PKR','2010-02-24','Closed'),
(287,207,16,'Savings','PK016000287',222551.44,'PKR','2013-10-19','Closed'),
(288,65,50,'Fixed Deposit','PK050000288',2194446.46,'PKR','2017-10-25','Closed'),
(289,222,11,'Current','PK011000289',2335230.66,'PKR','2019-06-03','Inactive'),
(290,344,19,'Savings','PK019000290',828766.28,'PKR','2012-08-13','Closed'),
(291,401,48,'Savings','PK048000291',156219.01,'PKR','2021-03-26','Closed'),
(292,2,26,'Savings','PK026000292',1331124.9,'PKR','2017-09-17','Active'),
(293,292,24,'Current','PK024000293',398485.21,'PKR','2016-02-09','Active'),
(294,197,44,'Current','PK044000294',186598.09,'PKR','2015-09-25','Inactive'),
(295,300,46,'Fixed Deposit','PK046000295',1047387.85,'PKR','2018-03-04','Inactive'),
(296,289,28,'Current','PK028000296',1933684.85,'PKR','2021-10-25','Closed'),
(297,398,36,'Fixed Deposit','PK036000297',391152.58,'PKR','2017-03-12','Closed'),
(298,56,42,'Fixed Deposit','PK042000298',1568302.41,'PKR','2015-12-21','Inactive'),
(299,112,7,'Savings','PK007000299',610263.12,'PKR','2020-02-12','Active'),
(300,460,16,'Savings','PK016000300',1214236.92,'PKR','2021-12-29','Closed'),
(301,110,26,'Current','PK026000301',179545.11,'PKR','2011-05-31','Active'),
(302,199,3,'Current','PK003000302',2587311.21,'PKR','2010-02-09','Inactive'),
(303,252,17,'Savings','PK017000303',889964.56,'PKR','2016-01-02','Closed'),
(304,39,21,'Current','PK021000304',1998429.74,'PKR','2012-11-14','Closed'),
(305,200,12,'Current','PK012000305',2017707.86,'PKR','2010-03-23','Active'),
(306,52,41,'Current','PK041000306',2168133.45,'PKR','2023-04-04','Active'),
(307,166,34,'Savings','PK034000307',1245166.1,'PKR','2012-08-28','Inactive'),
(308,120,1,'Current','PK001000308',1024614.79,'PKR','2012-01-14','Active'),
(309,433,48,'Fixed Deposit','PK048000309',907846.39,'PKR','2015-07-11','Inactive'),
(310,195,11,'Savings','PK011000310',1451259.12,'PKR','2020-11-11','Active'),
(311,418,15,'Fixed Deposit','PK015000311',946575.81,'PKR','2020-06-28','Closed'),
(312,103,25,'Fixed Deposit','PK025000312',71560.82,'PKR','2021-11-18','Inactive'),
(313,382,40,'Current','PK040000313',1872476.17,'PKR','2014-08-18','Inactive'),
(314,410,50,'Current','PK050000314',1140530.78,'PKR','2022-12-15','Closed'),
(315,345,19,'Fixed Deposit','PK019000315',1426146.46,'PKR','2011-01-22','Closed'),
(316,87,11,'Savings','PK011000316',95342.88,'PKR','2016-10-14','Inactive'),
(317,430,40,'Current','PK040000317',826114.59,'PKR','2022-10-26','Active'),
(318,448,4,'Savings','PK004000318',2819122.41,'PKR','2021-07-30','Inactive'),
(319,443,42,'Savings','PK042000319',2697488.75,'PKR','2021-03-30','Closed'),
(320,155,36,'Savings','PK036000320',1967360.69,'PKR','2017-10-21','Closed'),
(321,491,24,'Current','PK024000321',1833481.06,'PKR','2010-06-16','Inactive'),
(322,445,10,'Current','PK010000322',1584511.42,'PKR','2020-07-16','Inactive'),
(323,127,15,'Savings','PK015000323',2115036.51,'PKR','2010-01-18','Closed'),
(324,111,24,'Current','PK024000324',2215321.73,'PKR','2021-09-22','Inactive'),
(325,441,43,'Fixed Deposit','PK043000325',2112787.01,'PKR','2019-03-15','Active'),
(326,203,30,'Current','PK030000326',2127365.99,'PKR','2021-07-20','Inactive'),
(327,298,32,'Savings','PK032000327',1490018.01,'PKR','2013-11-28','Active'),
(328,471,10,'Savings','PK010000328',1723824.74,'PKR','2016-09-18','Closed'),
(329,138,45,'Current','PK045000329',1839686.61,'PKR','2010-04-19','Closed'),
(330,434,6,'Current','PK006000330',2517827.26,'PKR','2020-11-30','Active'),
(331,257,50,'Savings','PK050000331',1444308.68,'PKR','2018-10-02','Inactive'),
(332,431,18,'Savings','PK018000332',2337862.76,'PKR','2015-01-08','Closed'),
(333,454,9,'Current','PK009000333',2179862.6,'PKR','2014-09-17','Closed'),
(334,229,44,'Fixed Deposit','PK044000334',252627.55,'PKR','2023-07-05','Closed'),
(335,280,20,'Current','PK020000335',1331704.28,'PKR','2014-01-22','Closed'),
(336,358,41,'Current','PK041000336',1945465.04,'PKR','2011-04-24','Inactive'),
(337,265,40,'Fixed Deposit','PK040000337',1744262.51,'PKR','2010-11-01','Closed'),
(338,119,12,'Fixed Deposit','PK012000338',2106263.38,'PKR','2012-03-27','Active'),
(339,106,3,'Current','PK003000339',876690.34,'PKR','2022-01-13','Closed'),
(340,493,40,'Savings','PK040000340',2768947.26,'PKR','2016-06-04','Closed'),
(341,245,35,'Current','PK035000341',619811.17,'PKR','2018-04-09','Active'),
(342,28,33,'Fixed Deposit','PK033000342',2289600.9,'PKR','2023-03-29','Active'),
(343,111,44,'Savings','PK044000343',1566519.88,'PKR','2012-06-09','Closed'),
(344,373,36,'Current','PK036000344',2805953.8,'PKR','2016-07-05','Active'),
(345,216,6,'Savings','PK006000345',1378888.74,'PKR','2017-03-31','Active'),
(346,376,38,'Fixed Deposit','PK038000346',2160330.02,'PKR','2019-12-10','Inactive'),
(347,471,30,'Current','PK030000347',1515227.19,'PKR','2011-01-27','Closed'),
(348,325,48,'Current','PK048000348',2030974.04,'PKR','2010-06-15','Active'),
(349,21,13,'Savings','PK013000349',1759815.83,'PKR','2014-10-11','Active'),
(350,449,28,'Savings','PK028000350',2047568.11,'PKR','2013-11-23','Active'),
(351,458,15,'Current','PK015000351',1721575.2,'PKR','2020-04-20','Inactive'),
(352,121,7,'Current','PK007000352',1303547.36,'PKR','2013-08-09','Inactive'),
(353,301,13,'Savings','PK013000353',1713863.1,'PKR','2020-06-24','Inactive'),
(354,209,47,'Savings','PK047000354',1632479.81,'PKR','2015-03-19','Inactive'),
(355,155,23,'Fixed Deposit','PK023000355',2930885.54,'PKR','2020-08-30','Closed'),
(356,430,50,'Savings','PK050000356',830079.63,'PKR','2023-12-11','Inactive'),
(357,89,38,'Current','PK038000357',2391462.03,'PKR','2020-12-04','Inactive'),
(358,253,15,'Savings','PK015000358',451310.25,'PKR','2012-08-10','Inactive'),
(359,397,32,'Current','PK032000359',442876.17,'PKR','2016-08-26','Closed'),
(360,272,30,'Current','PK030000360',912345.48,'PKR','2020-11-23','Active'),
(361,234,2,'Savings','PK002000361',146019.93,'PKR','2017-10-22','Active'),
(362,483,12,'Current','PK012000362',166052.16,'PKR','2015-09-08','Inactive'),
(363,79,1,'Fixed Deposit','PK001000363',385204.36,'PKR','2021-01-10','Active'),
(364,475,40,'Savings','PK040000364',235411.2,'PKR','2014-10-27','Active'),
(365,437,26,'Fixed Deposit','PK026000365',475016.58,'PKR','2020-03-20','Closed'),
(366,107,46,'Fixed Deposit','PK046000366',2385497.72,'PKR','2017-06-06','Inactive'),
(367,5,37,'Fixed Deposit','PK037000367',1543092.79,'PKR','2021-08-06','Closed'),
(368,132,49,'Current','PK049000368',2148886.86,'PKR','2023-02-10','Active'),
(369,295,18,'Current','PK018000369',1420643.21,'PKR','2016-03-05','Inactive'),
(370,117,21,'Current','PK021000370',2419694.79,'PKR','2020-03-19','Active'),
(371,414,21,'Current','PK021000371',488631.86,'PKR','2012-02-03','Inactive'),
(372,465,4,'Current','PK004000372',2676030.14,'PKR','2021-05-24','Active'),
(373,121,26,'Savings','PK026000373',2768331.82,'PKR','2016-03-03','Closed'),
(374,211,48,'Savings','PK048000374',2664941.0,'PKR','2022-02-23','Closed'),
(375,417,34,'Savings','PK034000375',133839.96,'PKR','2010-01-03','Active'),
(376,227,37,'Current','PK037000376',2444145.59,'PKR','2020-11-10','Inactive'),
(377,459,45,'Savings','PK045000377',2186658.08,'PKR','2013-01-27','Active'),
(378,352,35,'Fixed Deposit','PK035000378',6541.64,'PKR','2020-11-11','Inactive'),
(379,168,40,'Savings','PK040000379',548380.57,'PKR','2012-01-08','Closed'),
(380,156,39,'Savings','PK039000380',1605594.3,'PKR','2011-09-20','Inactive'),
(381,52,2,'Savings','PK002000381',337360.14,'PKR','2014-05-02','Inactive'),
(382,194,7,'Savings','PK007000382',2763397.17,'PKR','2013-11-06','Inactive'),
(383,384,34,'Savings','PK034000383',2468266.47,'PKR','2010-04-05','Closed'),
(384,311,50,'Savings','PK050000384',362730.78,'PKR','2018-06-23','Closed'),
(385,257,1,'Current','PK001000385',1471174.16,'PKR','2021-08-12','Inactive'),
(386,403,33,'Current','PK033000386',2690465.84,'PKR','2012-08-20','Closed'),
(387,31,17,'Savings','PK017000387',2092555.97,'PKR','2012-04-20','Closed'),
(388,59,5,'Current','PK005000388',2217187.62,'PKR','2015-01-24','Closed'),
(389,259,13,'Savings','PK013000389',602646.43,'PKR','2010-02-01','Closed'),
(390,200,45,'Savings','PK045000390',1483530.35,'PKR','2019-07-25','Active'),
(391,339,42,'Current','PK042000391',1349429.59,'PKR','2022-10-22','Closed'),
(392,412,9,'Savings','PK009000392',2755288.75,'PKR','2018-07-04','Active'),
(393,3,30,'Fixed Deposit','PK030000393',362449.08,'PKR','2019-08-14','Inactive'),
(394,461,8,'Savings','PK008000394',111738.98,'PKR','2016-02-02','Active'),
(395,201,47,'Fixed Deposit','PK047000395',1801991.11,'PKR','2014-05-30','Inactive'),
(396,224,42,'Current','PK042000396',950582.01,'PKR','2012-05-30','Active'),
(397,224,5,'Savings','PK005000397',568138.9,'PKR','2016-12-30','Inactive'),
(398,458,10,'Fixed Deposit','PK010000398',2968409.08,'PKR','2011-04-02','Inactive'),
(399,2,23,'Current','PK023000399',1572123.85,'PKR','2018-04-10','Active'),
(400,105,29,'Savings','PK029000400',2632995.32,'PKR','2011-07-26','Inactive'),
(401,78,35,'Fixed Deposit','PK035000401',1685617.71,'PKR','2012-10-05','Closed'),
(402,190,10,'Current','PK010000402',1227576.54,'PKR','2012-06-29','Inactive'),
(403,345,30,'Savings','PK030000403',185053.5,'PKR','2011-10-03','Inactive'),
(404,140,21,'Savings','PK021000404',2705773.5,'PKR','2014-03-17','Inactive'),
(405,425,42,'Savings','PK042000405',2531825.83,'PKR','2011-07-11','Active'),
(406,354,18,'Fixed Deposit','PK018000406',2515310.18,'PKR','2020-02-03','Active'),
(407,477,42,'Current','PK042000407',824789.39,'PKR','2022-09-26','Inactive'),
(408,386,40,'Savings','PK040000408',852038.98,'PKR','2022-04-18','Closed'),
(409,106,7,'Current','PK007000409',2342198.37,'PKR','2015-08-18','Closed'),
(410,42,24,'Savings','PK024000410',278258.64,'PKR','2011-06-04','Closed'),
(411,175,6,'Fixed Deposit','PK006000411',2749731.02,'PKR','2017-03-03','Inactive'),
(412,149,32,'Current','PK032000412',900405.47,'PKR','2014-11-06','Inactive'),
(413,179,38,'Current','PK038000413',384182.11,'PKR','2023-12-25','Active'),
(414,260,14,'Savings','PK014000414',528638.47,'PKR','2023-12-08','Closed'),
(415,196,5,'Current','PK005000415',2761159.21,'PKR','2016-06-24','Active'),
(416,143,16,'Current','PK016000416',2623859.78,'PKR','2013-11-19','Inactive'),
(417,366,3,'Savings','PK003000417',670902.33,'PKR','2013-10-30','Active'),
(418,87,31,'Current','PK031000418',1094807.34,'PKR','2016-11-17','Active'),
(419,212,4,'Fixed Deposit','PK004000419',2210599.63,'PKR','2010-11-29','Inactive'),
(420,172,39,'Savings','PK039000420',1930076.48,'PKR','2015-08-09','Active'),
(421,186,23,'Current','PK023000421',2970867.96,'PKR','2018-05-16','Inactive'),
(422,401,17,'Fixed Deposit','PK017000422',2173634.03,'PKR','2013-01-31','Active'),
(423,162,25,'Current','PK025000423',2929739.93,'PKR','2013-05-14','Active'),
(424,301,12,'Fixed Deposit','PK012000424',1996244.43,'PKR','2016-03-19','Active'),
(425,129,44,'Current','PK044000425',2501297.16,'PKR','2020-02-19','Inactive'),
(426,422,42,'Savings','PK042000426',2380793.57,'PKR','2012-12-01','Closed'),
(427,330,9,'Savings','PK009000427',1829756.61,'PKR','2012-01-27','Active'),
(428,22,20,'Fixed Deposit','PK020000428',1844789.01,'PKR','2018-10-10','Inactive'),
(429,372,27,'Current','PK027000429',1349939.21,'PKR','2013-04-26','Inactive'),
(430,258,40,'Savings','PK040000430',1248393.5,'PKR','2016-08-06','Active'),
(431,431,18,'Fixed Deposit','PK018000431',2872029.74,'PKR','2022-04-25','Active'),
(432,265,37,'Savings','PK037000432',2815822.46,'PKR','2011-01-14','Closed'),
(433,381,11,'Current','PK011000433',2905525.81,'PKR','2022-11-26','Active'),
(434,324,33,'Current','PK033000434',2073220.89,'PKR','2011-01-17','Active'),
(435,303,32,'Fixed Deposit','PK032000435',2951102.47,'PKR','2011-04-07','Active'),
(436,326,47,'Current','PK047000436',1128332.99,'PKR','2018-09-19','Closed'),
(437,155,25,'Savings','PK025000437',1437469.49,'PKR','2010-12-19','Active'),
(438,314,37,'Current','PK037000438',1245282.33,'PKR','2023-04-30','Inactive'),
(439,407,46,'Savings','PK046000439',433507.19,'PKR','2016-02-06','Closed'),
(440,104,39,'Fixed Deposit','PK039000440',1865084.75,'PKR','2022-06-16','Active'),
(441,490,10,'Savings','PK010000441',2124463.76,'PKR','2018-02-19','Closed'),
(442,45,38,'Savings','PK038000442',1092427.9,'PKR','2014-08-29','Active'),
(443,457,42,'Current','PK042000443',1155124.89,'PKR','2012-01-21','Closed'),
(444,24,22,'Fixed Deposit','PK022000444',172385.64,'PKR','2012-05-09','Inactive'),
(445,338,7,'Fixed Deposit','PK007000445',1235248.67,'PKR','2022-06-23','Closed'),
(446,269,13,'Fixed Deposit','PK013000446',2673189.64,'PKR','2013-08-17','Closed'),
(447,357,20,'Current','PK020000447',1572324.59,'PKR','2023-12-02','Inactive'),
(448,470,35,'Current','PK035000448',1715372.48,'PKR','2023-02-12','Inactive'),
(449,74,42,'Fixed Deposit','PK042000449',1498667.16,'PKR','2019-07-14','Closed'),
(450,299,20,'Current','PK020000450',613333.15,'PKR','2021-07-09','Inactive'),
(451,431,5,'Current','PK005000451',2845511.51,'PKR','2020-02-28','Active'),
(452,338,31,'Current','PK031000452',1620692.58,'PKR','2014-08-02','Closed'),
(453,368,9,'Fixed Deposit','PK009000453',1850193.15,'PKR','2017-09-16','Active'),
(454,68,8,'Savings','PK008000454',569900.81,'PKR','2021-10-03','Active'),
(455,136,47,'Current','PK047000455',1060205.91,'PKR','2022-11-28','Active'),
(456,201,25,'Fixed Deposit','PK025000456',871792.93,'PKR','2017-05-09','Closed'),
(457,160,1,'Fixed Deposit','PK001000457',2925385.3,'PKR','2014-05-28','Inactive'),
(458,340,7,'Fixed Deposit','PK007000458',1601442.87,'PKR','2023-12-12','Closed'),
(459,329,46,'Fixed Deposit','PK046000459',1919672.05,'PKR','2016-01-18','Closed'),
(460,107,43,'Fixed Deposit','PK043000460',654808.7,'PKR','2021-07-26','Inactive'),
(461,192,47,'Fixed Deposit','PK047000461',1905539.07,'PKR','2011-10-21','Closed'),
(462,301,11,'Current','PK011000462',1857109.68,'PKR','2019-04-17','Inactive'),
(463,495,5,'Current','PK005000463',916517.33,'PKR','2018-09-28','Closed'),
(464,447,24,'Fixed Deposit','PK024000464',973034.45,'PKR','2012-01-25','Closed'),
(465,101,7,'Fixed Deposit','PK007000465',1270181.34,'PKR','2016-04-10','Closed'),
(466,40,8,'Current','PK008000466',1102653.41,'PKR','2012-10-05','Active'),
(467,66,37,'Savings','PK037000467',2595418.45,'PKR','2019-04-19','Closed'),
(468,117,10,'Savings','PK010000468',2873996.33,'PKR','2019-09-08','Inactive'),
(469,124,18,'Current','PK018000469',2768564.46,'PKR','2022-05-01','Active'),
(470,451,5,'Current','PK005000470',292255.71,'PKR','2021-05-24','Inactive'),
(471,413,35,'Savings','PK035000471',2639175.89,'PKR','2020-12-07','Inactive'),
(472,481,9,'Fixed Deposit','PK009000472',1179430.67,'PKR','2019-07-02','Inactive'),
(473,332,39,'Fixed Deposit','PK039000473',2998956.76,'PKR','2016-01-09','Inactive'),
(474,471,15,'Fixed Deposit','PK015000474',484965.7,'PKR','2014-04-08','Active'),
(475,489,29,'Current','PK029000475',887726.65,'PKR','2014-01-24','Active'),
(476,486,1,'Savings','PK001000476',680542.11,'PKR','2011-12-18','Active'),
(477,89,23,'Fixed Deposit','PK023000477',723200.33,'PKR','2017-07-16','Closed'),
(478,132,12,'Savings','PK012000478',890520.6,'PKR','2021-11-26','Active'),
(479,278,37,'Fixed Deposit','PK037000479',889552.06,'PKR','2010-01-14','Active'),
(480,328,9,'Fixed Deposit','PK009000480',1026439.47,'PKR','2014-03-29','Inactive'),
(481,120,3,'Fixed Deposit','PK003000481',2484776.78,'PKR','2015-07-08','Inactive'),
(482,23,30,'Current','PK030000482',831716.43,'PKR','2022-06-27','Closed'),
(483,405,36,'Fixed Deposit','PK036000483',635970.73,'PKR','2013-07-08','Closed'),
(484,383,8,'Current','PK008000484',830491.34,'PKR','2011-04-09','Closed'),
(485,211,6,'Fixed Deposit','PK006000485',1550365.46,'PKR','2014-05-25','Active'),
(486,46,40,'Current','PK040000486',1822970.05,'PKR','2019-06-17','Closed'),
(487,198,4,'Savings','PK004000487',575348.58,'PKR','2010-01-13','Active'),
(488,240,36,'Savings','PK036000488',1243486.3,'PKR','2012-05-02','Inactive'),
(489,98,50,'Current','PK050000489',838986.39,'PKR','2016-06-05','Inactive'),
(490,457,12,'Savings','PK012000490',904338.66,'PKR','2019-10-18','Inactive'),
(491,315,46,'Current','PK046000491',2999182.54,'PKR','2017-07-18','Active'),
(492,185,4,'Fixed Deposit','PK004000492',365436.16,'PKR','2022-08-03','Active'),
(493,484,21,'Savings','PK021000493',494199.38,'PKR','2010-02-17','Closed'),
(494,173,12,'Fixed Deposit','PK012000494',579930.97,'PKR','2016-02-05','Inactive'),
(495,305,34,'Fixed Deposit','PK034000495',449988.75,'PKR','2020-06-12','Inactive'),
(496,392,34,'Fixed Deposit','PK034000496',1386640.03,'PKR','2012-08-13','Active'),
(497,410,11,'Savings','PK011000497',2966836.43,'PKR','2020-01-06','Active'),
(498,151,35,'Current','PK035000498',1142932.92,'PKR','2012-05-20','Closed'),
(499,198,12,'Savings','PK012000499',1972436.22,'PKR','2021-01-22','Closed'),
(500,165,10,'Current','PK010000500',729912.63,'PKR','2017-12-26','Active'),
(501,341,26,'Savings','PK026000501',1136520.02,'PKR','2019-07-10','Closed'),
(502,429,28,'Savings','PK028000502',1136713.94,'PKR','2010-01-30','Active'),
(503,362,3,'Savings','PK003000503',1504036.86,'PKR','2023-05-06','Active'),
(504,300,21,'Current','PK021000504',1896188.84,'PKR','2013-09-23','Active'),
(505,259,26,'Savings','PK026000505',328672.35,'PKR','2017-02-24','Active'),
(506,358,42,'Fixed Deposit','PK042000506',2245668.77,'PKR','2022-04-04','Closed'),
(507,181,42,'Savings','PK042000507',1688692.3,'PKR','2013-08-25','Active'),
(508,427,35,'Current','PK035000508',2443291.38,'PKR','2014-12-15','Inactive'),
(509,275,44,'Savings','PK044000509',617327.1,'PKR','2012-08-31','Closed'),
(510,455,47,'Savings','PK047000510',329856.43,'PKR','2014-09-25','Closed'),
(511,414,35,'Savings','PK035000511',689239.48,'PKR','2018-09-07','Active'),
(512,419,33,'Fixed Deposit','PK033000512',393904.3,'PKR','2020-06-04','Closed'),
(513,212,28,'Savings','PK028000513',737585.42,'PKR','2015-01-01','Active'),
(514,484,2,'Savings','PK002000514',1677189.1,'PKR','2019-04-09','Active'),
(515,333,1,'Current','PK001000515',1490914.94,'PKR','2018-11-20','Inactive'),
(516,323,7,'Current','PK007000516',1637197.32,'PKR','2017-03-09','Closed'),
(517,178,37,'Savings','PK037000517',1639459.51,'PKR','2016-11-22','Closed'),
(518,132,43,'Savings','PK043000518',2033016.9,'PKR','2011-08-18','Active'),
(519,11,38,'Fixed Deposit','PK038000519',1191171.24,'PKR','2011-12-20','Closed'),
(520,73,24,'Current','PK024000520',975112.38,'PKR','2022-01-01','Active'),
(521,29,14,'Savings','PK014000521',1622299.14,'PKR','2010-01-07','Closed'),
(522,66,43,'Fixed Deposit','PK043000522',994947.9,'PKR','2011-03-20','Closed'),
(523,39,3,'Fixed Deposit','PK003000523',751110.83,'PKR','2015-05-18','Active'),
(524,248,46,'Current','PK046000524',2675764.48,'PKR','2015-10-14','Inactive'),
(525,243,46,'Current','PK046000525',38563.03,'PKR','2016-09-08','Inactive'),
(526,27,1,'Savings','PK001000526',1278608.49,'PKR','2018-03-31','Closed'),
(527,67,30,'Fixed Deposit','PK030000527',1110110.12,'PKR','2015-01-24','Closed'),
(528,423,43,'Fixed Deposit','PK043000528',2564005.66,'PKR','2015-09-29','Active'),
(529,423,1,'Savings','PK001000529',1709180.06,'PKR','2022-08-03','Inactive'),
(530,471,31,'Current','PK031000530',1371604.98,'PKR','2010-04-22','Closed'),
(531,154,22,'Savings','PK022000531',341325.97,'PKR','2012-12-19','Active'),
(532,207,44,'Current','PK044000532',796695.07,'PKR','2019-05-04','Inactive'),
(533,51,27,'Current','PK027000533',94320.0,'PKR','2017-04-20','Inactive'),
(534,152,30,'Fixed Deposit','PK030000534',1574480.34,'PKR','2012-08-13','Closed'),
(535,21,49,'Current','PK049000535',1727204.43,'PKR','2010-12-20','Inactive'),
(536,214,8,'Fixed Deposit','PK008000536',1530889.47,'PKR','2015-11-25','Inactive'),
(537,225,31,'Current','PK031000537',1235879.74,'PKR','2010-06-02','Active'),
(538,52,25,'Fixed Deposit','PK025000538',2962382.82,'PKR','2012-08-09','Closed'),
(539,335,49,'Current','PK049000539',1661223.31,'PKR','2023-01-25','Active'),
(540,309,31,'Savings','PK031000540',1636201.23,'PKR','2014-05-05','Active'),
(541,429,10,'Savings','PK010000541',1701391.62,'PKR','2020-06-02','Active'),
(542,148,13,'Fixed Deposit','PK013000542',194322.65,'PKR','2010-09-18','Closed'),
(543,418,42,'Savings','PK042000543',1780160.02,'PKR','2014-01-29','Closed'),
(544,477,3,'Fixed Deposit','PK003000544',1560233.64,'PKR','2015-09-09','Closed'),
(545,264,50,'Fixed Deposit','PK050000545',2661922.99,'PKR','2019-11-10','Closed'),
(546,341,9,'Savings','PK009000546',1042276.54,'PKR','2014-09-27','Closed'),
(547,311,7,'Savings','PK007000547',287926.43,'PKR','2019-06-03','Closed'),
(548,362,19,'Current','PK019000548',1403941.88,'PKR','2016-08-20','Inactive'),
(549,122,25,'Savings','PK025000549',779513.31,'PKR','2015-06-26','Active'),
(550,56,23,'Current','PK023000550',1156998.13,'PKR','2022-02-08','Inactive'),
(551,124,10,'Fixed Deposit','PK010000551',1364122.24,'PKR','2017-10-11','Active'),
(552,145,26,'Fixed Deposit','PK026000552',1719725.03,'PKR','2020-07-20','Inactive'),
(553,54,25,'Savings','PK025000553',1177243.7,'PKR','2019-03-16','Inactive'),
(554,218,43,'Fixed Deposit','PK043000554',526048.81,'PKR','2015-10-12','Closed'),
(555,421,44,'Current','PK044000555',927842.81,'PKR','2020-04-19','Active'),
(556,260,35,'Fixed Deposit','PK035000556',1638476.44,'PKR','2023-11-14','Closed'),
(557,354,33,'Fixed Deposit','PK033000557',2946848.95,'PKR','2012-12-07','Closed'),
(558,157,3,'Savings','PK003000558',2911152.11,'PKR','2012-01-18','Inactive'),
(559,85,4,'Current','PK004000559',2540304.59,'PKR','2012-02-19','Inactive'),
(560,115,1,'Savings','PK001000560',1076789.47,'PKR','2015-04-24','Active'),
(561,289,15,'Savings','PK015000561',2012422.06,'PKR','2018-04-19','Inactive'),
(562,410,40,'Fixed Deposit','PK040000562',431293.76,'PKR','2015-08-17','Inactive'),
(563,78,1,'Current','PK001000563',1496996.0,'PKR','2021-12-01','Active'),
(564,423,20,'Fixed Deposit','PK020000564',508488.3,'PKR','2014-01-06','Closed'),
(565,419,38,'Fixed Deposit','PK038000565',1290549.84,'PKR','2012-12-03','Active'),
(566,8,4,'Fixed Deposit','PK004000566',1111823.94,'PKR','2023-08-19','Closed'),
(567,399,43,'Current','PK043000567',2733003.35,'PKR','2012-07-30','Inactive'),
(568,487,5,'Current','PK005000568',2406382.2,'PKR','2021-04-30','Closed'),
(569,399,36,'Savings','PK036000569',2032632.85,'PKR','2014-01-23','Active'),
(570,24,31,'Current','PK031000570',1190485.0,'PKR','2017-12-07','Closed'),
(571,135,22,'Savings','PK022000571',245269.13,'PKR','2014-11-10','Closed'),
(572,275,23,'Fixed Deposit','PK023000572',2528638.96,'PKR','2019-06-06','Closed'),
(573,477,22,'Savings','PK022000573',2407343.61,'PKR','2011-10-21','Closed'),
(574,448,22,'Savings','PK022000574',2567911.15,'PKR','2012-06-27','Active'),
(575,440,26,'Current','PK026000575',2026508.73,'PKR','2011-12-22','Inactive'),
(576,140,21,'Fixed Deposit','PK021000576',724618.88,'PKR','2014-11-04','Inactive'),
(577,204,33,'Savings','PK033000577',2767426.53,'PKR','2011-01-08','Closed'),
(578,449,24,'Fixed Deposit','PK024000578',229113.68,'PKR','2012-12-23','Inactive'),
(579,186,22,'Current','PK022000579',2730717.81,'PKR','2018-06-18','Active'),
(580,264,30,'Savings','PK030000580',2966779.94,'PKR','2019-03-29','Inactive'),
(581,112,28,'Fixed Deposit','PK028000581',2077633.8,'PKR','2023-08-13','Closed'),
(582,22,45,'Current','PK045000582',695304.77,'PKR','2011-02-09','Active'),
(583,71,15,'Savings','PK015000583',1681082.76,'PKR','2015-05-12','Closed'),
(584,335,27,'Fixed Deposit','PK027000584',843281.31,'PKR','2023-02-21','Active'),
(585,339,9,'Fixed Deposit','PK009000585',1507989.8,'PKR','2019-03-06','Closed'),
(586,31,31,'Fixed Deposit','PK031000586',149736.25,'PKR','2010-12-23','Closed'),
(587,171,37,'Current','PK037000587',572482.73,'PKR','2023-01-16','Inactive'),
(588,105,50,'Fixed Deposit','PK050000588',2442363.87,'PKR','2015-07-30','Inactive'),
(589,419,9,'Savings','PK009000589',899583.14,'PKR','2019-04-10','Closed'),
(590,427,42,'Fixed Deposit','PK042000590',522172.87,'PKR','2017-05-08','Active'),
(591,14,48,'Fixed Deposit','PK048000591',1494731.62,'PKR','2011-01-06','Closed'),
(592,481,14,'Savings','PK014000592',955961.46,'PKR','2013-09-04','Inactive'),
(593,174,3,'Current','PK003000593',276344.0,'PKR','2010-10-16','Inactive'),
(594,455,50,'Savings','PK050000594',1354058.79,'PKR','2023-04-26','Inactive'),
(595,98,27,'Current','PK027000595',2481477.41,'PKR','2021-03-19','Closed'),
(596,120,23,'Current','PK023000596',605304.49,'PKR','2018-12-27','Active'),
(597,40,41,'Savings','PK041000597',1942687.51,'PKR','2020-11-26','Closed'),
(598,272,44,'Fixed Deposit','PK044000598',2892230.75,'PKR','2021-05-19','Inactive'),
(599,82,49,'Current','PK049000599',116859.87,'PKR','2014-08-14','Active'),
(600,415,38,'Savings','PK038000600',1499011.58,'PKR','2013-08-19','Active');

Select * From accounts;

-- ================================
-- INSERT Employees
-- ================================
INSERT INTO employees VALUES
(1,'Kiran Siddiqui',1,'CSR','2014-10-17',55599.6,'0345-1149239',1),
(2,'Saima Baig',2,'Senior Teller','2017-02-12',93066.15,'0312-4204059',1),
(3,'Ahmed Baloch',3,'Senior Teller','2012-01-16',115105.26,'0311-4936126',1),
(4,'Hira Javed',4,'Senior Teller','2002-07-22',113375.04,'0300-8894680',1),
(5,'Faisal Siddiqui',5,'Loan Officer','2022-05-17',NULL,'0321-1463627',1),
(6,'Maryam Farooq',6,'Teller','2022-08-28',119405.43,'0312-1460014',1),
(7,'Junaid Iqbal',7,'Branch Manager','2013-09-04',119177.69,'0321-2368354',1),
(8,'Amna Siddiqui',8,'CSR','1998-07-28',97487.08,'0345-5865674',1),
(9,'Sobia Raza',9,'CSR','2015-07-08',123617.72,'0321-1022313',1),
(10,'Amna Aziz',10,'CSR','2003-09-22',123016.71,'0321-2865147',1),
(11,'Sana Iqbal',11,'Senior Teller','2008-11-22',70224.56,'0312-6086898',1),
(12,'Rabia Butt',12,'Senior Teller','2010-03-01',150689.95,'0311-8339470',1),
(13,'Faisal Siddiqui',13,'Loan Officer','2018-11-21',160076.71,'0345-7354500',1),
(14,'Bushra Aziz',14,'Teller','2002-01-30',55344.49,'0300-6099961',1),
(15,'Sana Aziz',15,'Senior Teller','2017-03-06',168628.08,'0301-6608022',0),
(16,'Junaid Sheikh',16,'Branch Manager','1999-11-02',121510.31,'0345-4483599',1),
(17,'Zainab Baig',17,'Branch Manager','2003-02-09',71008.87,'0345-5935159',1),
(18,'Hamza Butt',18,'Branch Manager','2006-10-07',91483.03,'0300-9140547',1),
(19,'Raheel Siddiqui',19,'Loan Officer','1998-05-19',171403.06,'0333-9743647',1),
(20,'Iqra Qureshi',20,'CSR','2003-01-22',88806.0,'0311-2423691',1),
(21,'Maira Hussain',21,'Teller','1999-08-06',160094.32,'0301-7851608',1),
(22,'Iqra Ali',22,'Branch Manager','2011-05-27',86128.83,'0312-8060808',1),
(23,'Sara Butt',23,'Loan Officer','2004-09-17',113448.7,'0345-4509559',1),
(24,'Maryam Khan',24,'Senior Teller','2021-06-26',124094.78,'0301-1185573',1),
(25,'Usman Ahmed',25,'Senior Teller','2018-02-22',52943.27,'0300-4980794',1),
(26,'Nimra Sheikh',26,'Senior Teller','2004-04-27',NULL,'0301-4956067',1),
(27,'Aamir Ali',27,'Senior Teller','2011-05-23',164297.64,'0301-8956495',1),
(28,'Saima Siddiqui',28,'CSR','2006-11-30',163551.88,'0333-8313452',0),
(29,'Faisal Khan',29,'Loan Officer','2017-02-21',185492.56,'0321-3262937',1),
(30,'Rabia Ali',30,'Senior Teller','2011-08-03',96854.05,'0300-3624540',1),
(31,'Kiran Dar',31,'Senior Teller','2019-01-02',173300.54,'0300-4990104',1),
(32,'Zubair Hussain',32,'Loan Officer','1999-02-11',198559.48,'0321-3354366',1),
(33,'Junaid Khan',33,'Branch Manager','1998-07-29',207479.63,'0301-7946627',1),
(34,'Nimra Hussain',34,'Senior Teller','2006-04-29',154461.18,'0301-8596998',1),
(35,'Zubair Saleem',35,'Teller','2005-01-24',51153.82,'0300-6484663',1),
(36,'Waqar Ahmed',36,'Branch Manager','1998-12-17',109958.67,'0300-3901357',1),
(37,'Iqra Mirza',37,'Loan Officer','1999-06-05',153026.99,'0333-8414202',1),
(38,'Saima Baloch',38,'Senior Teller','2007-05-27',164552.85,'0311-3016948',1),
(39,'Junaid Baloch',39,'CSR','2021-12-29',135089.62,'0300-9437045',1),
(40,'Ali Raza',40,'Teller','2010-10-20',56322.67,'0321-7311359',1),
(41,'Omar Mirza',41,'Branch Manager','2020-12-09',178911.74,'0300-5443092',1),
(42,'Sobia Sheikh',42,'Loan Officer','2006-02-21',160619.22,'0345-5917379',1),
(43,'Waseem Butt',43,'Loan Officer','2003-06-23',108774.84,'0311-5059445',1),
(44,'Kiran Qureshi',44,'Senior Teller','2018-10-21',155550.97,'0333-3199742',1),
(45,'Bushra Javed',45,'Loan Officer','2000-06-19',189677.56,'0345-8165097',1),
(46,'Hassan Baloch',46,'Branch Manager','2017-03-13',202948.07,'0311-1205214',1),
(47,'Nimra Farooq',47,'Loan Officer','2020-11-24',183490.32,'0300-1358045',1),
(48,'Mehwish Baloch',48,'CSR','2013-04-14',80559.69,'0312-1852260',1),
(49,'Rubab Afridi',49,'CSR','2020-06-16',105654.11,'0301-5736792',1),
(50,'Amna Mehmood',50,'Branch Manager','2002-04-13',96773.88,'0301-8189196',1),
(51,'Shahid Farooq',1,'Teller','2022-10-06',60064.49,'0345-4389230',1),
(52,'Shahid Qureshi',2,'Senior Teller','2003-01-23',93951.17,'0345-6104994',1),
(53,'Asad Baloch',3,'Branch Manager','2018-05-05',40482.31,'0300-2861420',1),
(54,'Omar Raza',4,'Teller','2013-06-28',78754.48,'0312-9896012',1),
(55,'Nadia Baloch',5,'CSR','2018-03-13',85319.15,'0312-1030811',1),
(56,'Sheeza Farooq',6,'CSR','2020-04-07',150383.74,'0300-9811120',1),
(57,'Tariq Malik',7,'Loan Officer','2000-12-10',184101.4,'0321-7837393',1),
(58,'Shahid Gul',8,'Teller','2023-06-04',177297.77,'0312-1572567',1),
(59,'Nadia Baig',9,'CSR','2019-02-26',130311.78,'0301-8953190',1),
(60,'Asad Khan',10,'CSR','2019-03-16',159575.5,'0321-9791798',1),
(61,'Bilal Dar',11,'Loan Officer','2014-03-24',125815.99,'0321-8941536',1),
(62,'Faisal Siddiqui',12,'Branch Manager','2006-08-20',170354.12,'0301-1370326',1),
(63,'Sheeza Sheikh',13,'Loan Officer','2013-02-09',78794.69,'0345-4295029',1),
(64,'Ayesha Baloch',14,'Senior Teller','2018-08-05',170062.42,'0311-3896233',0),
(65,'Faisal Raza',15,'Senior Teller','2022-01-22',46167.14,'0333-2260004',1),
(66,'Bushra Sheikh',16,'Teller','2013-01-16',53555.74,'0301-9380402',1),
(67,'Ayesha Saleem',17,'Loan Officer','1999-05-11',210722.17,'0312-1489214',1),
(68,'Waqar Raza',18,'Branch Manager','2002-01-16',180060.8,'0312-6063347',1),
(69,'Kashif Mirza',19,'Branch Manager','2000-01-05',90258.06,'0311-4798769',1),
(70,'Kamran Afridi',20,'Loan Officer','2012-03-18',65133.65,'0312-5366491',1),
(71,'Kashif Ahmed',21,'Branch Manager','2022-12-10',100201.77,'0312-5218421',1),
(72,'Kashif Siddiqui',22,'CSR','2019-08-07',114579.91,'0345-7627839',1),
(73,'Muhammad Sheikh',23,'Loan Officer','2001-06-10',153475.38,'0321-4748215',1),
(74,'Sana Hussain',24,'Teller','2006-04-13',143546.92,'0300-1233022',1),
(75,'Salman Saleem',25,'Loan Officer','2010-06-12',191855.54,'0301-4932572',1),
(76,'Zainab Javed',26,'Loan Officer','2007-02-13',NULL,'0333-3165270',1),
(77,'Muhammad Aziz',27,'Loan Officer','2019-04-30',NULL,'0311-5953649',1),
(78,'Junaid Dar',28,'Branch Manager','2019-07-02',NULL,'0321-1366602',1),
(79,'Adnan Hussain',29,'Teller','2020-05-06',189051.77,'0311-6918150',1),
(80,'Aamir Iqbal',30,'CSR','2012-03-26',218145.37,'0345-8180662',1),
(81,'Rabia Farooq',31,'Loan Officer','2020-04-19',174238.49,'0333-8184859',1),
(82,'Usman Mehmood',32,'Branch Manager','2013-02-22',161651.75,'0333-4855791',1),
(83,'Shahid Akhtar',33,'Teller','2013-06-12',217270.43,'0300-2667909',1),
(84,'Raheel Farooq',34,'Branch Manager','2006-12-19',48789.68,'0301-1650422',1),
(85,'Sara Ali',35,'Senior Teller','2017-01-30',97573.25,'0312-2336234',1),
(86,'Kamran Ali',36,'Teller','2016-08-09',120219.17,'0300-4289937',1),
(87,'Nimra Akhtar',37,'Branch Manager','2008-10-26',93298.96,'0301-5095741',0),
(88,'Shahid Iqbal',38,'Branch Manager','2019-12-18',56397.17,'0345-5446916',1),
(89,'Nimra Ahmed',39,'Loan Officer','2014-08-15',52103.49,'0333-5607984',1),
(90,'Hamza Ahmed',40,'CSR','2015-09-10',81848.96,'0345-4446729',0),
(91,'Omar Aziz',41,'Branch Manager','1999-03-10',147994.87,'0312-2740612',1),
(92,'Amna Ahmed',42,'Senior Teller','2001-01-19',123489.85,'0333-9110845',1),
(93,'Zara Farooq',43,'Loan Officer','2022-01-30',107887.64,'0345-2132511',1),
(94,'Sajid Akhtar',44,'Senior Teller','2018-04-19',133600.47,'0345-6321708',1),
(95,'Hina Afridi',45,'Teller','2009-12-06',212323.1,'0300-2537585',1),
(96,'Aamir Dar',46,'Branch Manager','2022-08-20',210706.74,'0321-4368437',1),
(97,'Imran Ali',47,'Senior Teller','2005-09-07',86234.1,'0321-2367172',0),
(98,'Junaid Mirza',48,'Loan Officer','2011-02-11',95085.86,'0301-9371465',1),
(99,'Maira Hussain',49,'Loan Officer','2011-08-07',65427.89,'0300-7099025',1),
(100,'Kamran Qureshi',50,'CSR','2001-08-01',111399.62,'0311-6052116',1),
(101,'Adnan Iqbal',1,'CSR','2005-07-27',68869.19,'0300-8432429',1),
(102,'Tariq Aziz',2,'Senior Teller','2004-10-21',172832.15,'0311-3215231',1),
(103,'Sajid Akhtar',3,'Teller','2015-07-01',165831.56,'0321-7623313',1),
(104,'Mehwish Iqbal',4,'CSR','2016-02-13',79343.88,'0321-6170393',1),
(105,'Hira Gul',5,'Loan Officer','2001-05-19',NULL,'0300-3570383',1),
(106,'Zara Sheikh',6,'Loan Officer','2009-01-01',177133.87,'0321-4931471',1),
(107,'Amna Javed',7,'Teller','1998-02-19',123598.38,'0333-9860264',1),
(108,'Sheeza Raza',8,'Teller','2004-05-09',86834.41,'0311-9826543',1),
(109,'Omar Javed',9,'Senior Teller','2013-06-07',183646.29,'0311-8376727',1),
(110,'Rabia Khan',10,'Teller','2004-08-15',185671.08,'0345-5615949',1),
(111,'Muhammad Hussain',11,'Loan Officer','2020-06-04',NULL,'0345-5927425',1),
(112,'Faisal Javed',12,'Teller','2016-12-13',94624.73,'0311-4786349',1),
(113,'Junaid Siddiqui',13,'CSR','2015-11-11',158588.2,'0333-5305148',1),
(114,'Asad Siddiqui',14,'Senior Teller','2018-05-17',126479.79,'0300-3027183',1),
(115,'Nimra Afridi',15,'Branch Manager','2016-09-18',66008.5,'0333-5597260',1),
(116,'Aamir Javed',16,'Loan Officer','2020-07-15',128107.14,'0321-5542025',1),
(117,'Ayesha Javed',17,'Senior Teller','2017-04-05',184602.25,'0301-3850435',1),
(118,'Sobia Malik',18,'CSR','2003-09-21',118104.63,'0312-8891878',1),
(119,'Hira Qureshi',19,'Senior Teller','2005-11-19',193630.2,'0312-2271202',1),
(120,'Maira Siddiqui',20,'Branch Manager','2023-02-21',130702.8,'0321-2305602',0),
(121,'Amna Afridi',21,'CSR','2012-01-16',169680.45,'0345-5467888',1),
(122,'Zubair Baloch',22,'CSR','2017-08-06',216833.31,'0345-1481291',1),
(123,'Zubair Qureshi',23,'Teller','2009-11-03',112456.25,'0333-6043135',1),
(124,'Zubair Khan',24,'Loan Officer','2019-06-29',81145.94,'0301-8397326',1),
(125,'Tariq Javed',25,'Loan Officer','1999-11-30',207612.84,'0301-7773618',1),
(126,'Ahmed Khan',26,'CSR','2014-11-22',102906.64,'0312-1940897',1),
(127,'Saima Raza',27,'Teller','2002-10-06',181195.42,'0321-6035135',1),
(128,'Zubair Saleem',28,'Branch Manager','2013-06-03',169880.21,'0300-9834608',1),
(129,'Shahid Khan',29,'Teller','2008-04-22',79873.97,'0333-8164621',1),
(130,'Sheeza Hussain',30,'Branch Manager','2016-08-17',160886.48,'0311-8300376',1),
(131,'Sana Iqbal',31,'CSR','2010-09-08',98932.45,'0301-8887719',1),
(132,'Salman Javed',32,'Teller','2007-01-09',219837.04,'0312-1713031',0),
(133,'Maira Raza',33,'Teller','2012-05-26',184861.72,'0300-9274846',1),
(134,'Sana Dar',34,'Teller','2007-12-11',NULL,'0321-8920494',1),
(135,'Ahmed Saleem',35,'Senior Teller','2019-07-17',147199.57,'0321-1034648',1),
(136,'Shahid Siddiqui',36,'CSR','2002-12-04',193801.25,'0301-5417458',1),
(137,'Junaid Mehmood',37,'Loan Officer','2004-08-12',78018.18,'0321-1988892',1),
(138,'Fatima Raza',38,'Senior Teller','2007-10-10',115124.49,'0312-7934271',1),
(139,'Tariq Hussain',39,'Senior Teller','2007-09-10',NULL,'0312-4803627',0),
(140,'Gulnaz Hussain',40,'CSR','2021-06-28',182043.76,'0311-4806107',1),
(141,'Hamza Siddiqui',41,'Loan Officer','2000-08-15',116996.64,'0311-3261387',1),
(142,'Salman Malik',42,'Senior Teller','1998-07-13',111005.42,'0333-8623415',1),
(143,'Muhammad Farooq',43,'Branch Manager','2000-06-15',204134.52,'0301-3199485',1),
(144,'Raheel Butt',44,'Teller','2021-05-21',176264.99,'0312-1825387',1),
(145,'Salman Mirza',45,'CSR','2017-12-18',67857.4,'0311-2602209',1),
(146,'Ahmed Javed',46,'Loan Officer','2018-09-22',144666.74,'0321-8454833',1),
(147,'Imran Sheikh',47,'CSR','2018-08-28',185514.05,'0333-2300006',1),
(148,'Zainab Akhtar',48,'Loan Officer','1999-05-03',67113.66,'0321-5105164',1),
(149,'Hina Dar',49,'Branch Manager','2009-05-10',70416.1,'0311-6225347',1),
(150,'Aamir Afridi',50,'Loan Officer','2018-10-10',163241.99,'0312-5175318',1);

Select * From employees;

-- ================================
-- INSERT Loans
-- ================================
INSERT INTO loans VALUES
(1,471,16,'Home',7330597.8,20.5157,12,'2020-09-11','2021-09-06','Pending','Vehicle purchase',135),
(2,291,35,'Auto',3009741.87,19.8892,180,'2021-11-10','2036-08-23','Active','Home renovation',37),
(3,258,48,'Personal',1936871.94,14.5683,36,'2013-10-19','2016-10-03','Default','Debt consolidation',77),
(4,195,46,'Auto',2927874.53,20.6953,6,'2015-01-16','2015-07-15','Pending','Education fees',32),
(5,367,20,'Personal',4462955.58,16.193,180,'2014-08-31','2029-06-13','Pending','Equipment purchase',99),
(6,447,16,'Home',3332626.6,20.7059,72,'2016-11-20','2022-10-20','Closed','Wedding expenses',87),
(7,10,48,'Home',4339834.72,19.3898,24,'2021-11-16','2023-11-06','Default',NULL,4),
(8,491,16,'Home',2341305.63,17.7568,180,'2018-03-02','2032-12-13','Pending','Vehicle purchase',59),
(9,116,46,'Education',3012960.94,14.6661,120,'2017-09-27','2027-08-06','Pending','Medical expenses',70),
(10,396,37,'Education',5021505.53,20.3326,48,'2019-12-27','2023-12-06','Default','Equipment purchase',78),
(11,253,20,'Personal',4462847.32,9.1928,36,'2016-03-07','2019-02-20','Pending','Import financing',60),
(12,331,39,'Home',1733196.65,11.1778,120,'2021-07-10','2031-05-19','Active','Import financing',112),
(13,283,14,'Auto',1101552.3,14.264,24,'2015-08-04','2017-07-24','Closed','Working capital',142),
(14,309,34,'Business',3336259.51,9.5421,72,'2015-09-05','2021-08-04','Pending','Working capital',117),
(15,248,13,'Education',324864.32,23.2089,6,'2019-05-01','2019-10-28','Default','Home renovation',59),
(16,359,49,'Personal',1103020.04,8.2186,60,'2021-11-12','2026-10-17','Default','Vehicle purchase',14),
(17,234,22,'Home',3819827.98,21.161,120,'2022-08-12','2032-06-20','Default','Working capital',59),
(18,489,44,'Business',369207.08,21.1908,180,'2021-02-11','2035-11-25','Default','Vehicle purchase',32),
(19,467,31,'Home',598286.5,10.7533,6,'2018-04-05','2018-10-02','Closed','Import financing',15),
(20,276,16,'Personal',2185882.27,9.6084,6,'2018-04-21','2018-10-18','Active','Personal use',149),
(21,417,4,'Business',181351.75,9.1384,6,'2020-09-04','2021-03-03','Pending','Equipment purchase',111),
(22,70,42,'Education',4284571.68,16.9073,240,'2022-02-05','2041-10-23','Closed','Vehicle purchase',103),
(23,313,25,'Auto',200491.69,7.8477,48,'2015-10-05','2019-09-14','Closed','Education fees',92),
(24,351,14,'Home',5843415.81,15.987,60,'2014-02-14','2019-01-19','Closed','Equipment purchase',140),
(25,228,22,'Business',1887985.07,10.9207,72,'2020-12-27','2026-11-26','Active','Medical expenses',13),
(26,296,47,'Personal',4521095.68,20.6989,18,'2017-10-06','2019-03-30','Closed','Vehicle purchase',136),
(27,265,46,'Business',2149553.29,15.3987,12,'2014-08-18','2015-08-13','Closed','Working capital',132),
(28,160,33,'Auto',3344166.41,10.1551,12,'2020-03-31','2021-03-26','Default','Working capital',62),
(29,445,49,'Business',750524.56,10.6561,120,'2022-11-10','2032-09-18','Closed','Home renovation',86),
(30,71,1,'Personal',1926138.67,11.3204,72,'2019-03-24','2025-02-20','Active','Personal use',53),
(31,418,4,'Business',3162023.47,8.5595,24,'2015-04-27','2017-04-16','Pending','Debt consolidation',79),
(32,155,3,'Education',311957.16,20.8611,12,'2021-05-04','2022-04-29','Active',NULL,70),
(33,45,20,'Auto',1499912.26,14.1676,180,'2020-01-15','2034-10-28','Default','Education fees',90),
(34,465,14,'Home',1450004.25,11.2667,240,'2018-11-28','2038-08-15','Pending','Home renovation',51),
(35,212,49,'Education',3388588.56,7.8124,72,'2018-04-18','2024-03-17','Default','Business expansion',32),
(36,259,21,'Auto',7156290.82,11.9425,18,'2018-05-07','2019-10-29','Active','Wedding expenses',112),
(37,468,48,'Business',7913801.08,16.3024,60,'2013-06-12','2018-05-17','Pending',NULL,87),
(38,355,6,'Education',3526714.39,11.2158,36,'2014-02-06','2017-01-21','Default','Home purchase',90),
(39,56,45,'Business',1862687.85,17.0161,60,'2014-07-31','2019-07-05','Pending',NULL,106),
(40,352,39,'Home',2954605.22,12.4934,12,'2015-12-27','2016-12-21','Pending','Home purchase',40),
(41,53,28,'Auto',2426870.18,15.9472,240,'2023-02-14','2042-11-01','Pending','Education fees',103),
(42,334,42,'Business',3568438.53,19.4206,180,'2019-09-22','2034-07-05','Closed','Home renovation',27),
(43,113,30,'Home',7236443.4,17.3774,72,'2015-10-30','2021-09-28','Default','Home renovation',64),
(44,447,29,'Home',6034233.21,12.2389,120,'2018-08-31','2028-07-09','Closed','Debt consolidation',74),
(45,173,26,'Home',6412208.77,16.1289,12,'2017-07-20','2018-07-15','Active','Equipment purchase',142),
(46,75,22,'Education',2993353.0,14.3308,240,'2020-03-20','2039-12-06','Closed',NULL,93),
(47,273,27,'Home',3694774.43,12.638,36,'2014-12-09','2017-11-23','Active','Debt consolidation',8),
(48,171,29,'Home',6368057.52,13.8065,36,'2015-03-06','2018-02-18','Default','Education fees',49),
(49,295,2,'Education',1844122.63,15.9705,12,'2021-06-18','2022-06-13','Default','Home purchase',42),
(50,200,3,'Personal',1613462.85,7.5183,24,'2015-09-26','2017-09-15','Default','Vehicle purchase',31),
(51,289,12,'Business',6870676.75,12.0056,180,'2020-05-20','2035-03-03','Pending','Medical expenses',65),
(52,439,23,'Education',3755727.19,18.1162,36,'2016-06-03','2019-05-19','Active','Working capital',83),
(53,282,23,'Education',6724061.1,10.8863,12,'2018-05-13','2019-05-08','Closed','Home renovation',111),
(54,81,11,'Personal',7466181.5,17.3421,72,'2021-11-07','2027-10-07','Default',NULL,78),
(55,100,8,'Personal',2951990.93,22.2202,120,'2023-02-20','2032-12-29','Default','Equipment purchase',50),
(56,155,3,'Auto',2229320.25,12.0897,18,'2016-09-24','2018-03-18','Closed','Equipment purchase',100),
(57,182,35,'Personal',4730990.93,11.786,12,'2023-02-26','2024-02-21','Default','Import financing',30),
(58,158,48,'Home',643442.07,11.6504,36,'2015-02-09','2018-01-24','Closed','Debt consolidation',133),
(59,481,34,'Home',5768139.88,13.1098,240,'2021-09-12','2041-05-30','Closed','Medical expenses',33),
(60,2,22,'Personal',7506341.23,18.9708,48,'2014-07-07','2018-06-16','Default','Personal use',13),
(61,75,12,'Education',982929.3,16.622,240,'2018-11-19','2038-08-06','Pending',NULL,5),
(62,347,49,'Personal',2831236.13,20.6357,120,'2021-03-25','2031-02-01','Pending','Vehicle purchase',25),
(63,494,34,'Auto',7379312.74,9.4729,6,'2020-11-17','2021-05-16','Default','Medical expenses',80),
(64,348,14,'Auto',4841687.75,10.0818,48,'2018-02-18','2022-01-28','Default','Working capital',39),
(65,186,30,'Auto',2017264.72,18.7128,36,'2014-01-16','2016-12-31','Default','Equipment purchase',98),
(66,195,47,'Personal',961106.5,12.5395,6,'2013-07-15','2014-01-11','Default','Vehicle purchase',120),
(67,334,14,'Auto',2057152.61,20.2324,12,'2023-01-24','2024-01-19','Default','Medical expenses',127),
(68,329,18,'Education',2329028.78,12.0638,72,'2019-07-12','2025-06-10','Active','Home purchase',57),
(69,390,42,'Personal',4567020.92,14.133,12,'2018-02-21','2019-02-16','Pending','Home purchase',123),
(70,435,40,'Business',296714.67,14.4449,12,'2014-12-02','2015-11-27','Closed','Import financing',55),
(71,125,45,'Home',1457274.3,11.7935,120,'2015-03-02','2025-01-08','Active','Education fees',102),
(72,319,45,'Home',4368053.01,19.1716,180,'2020-08-18','2035-06-01','Closed','Working capital',139),
(73,387,31,'Auto',201518.83,14.4652,6,'2014-11-26','2015-05-25','Closed','Home renovation',101),
(74,69,4,'Auto',7888556.05,7.8388,36,'2020-09-10','2023-08-26','Default','Medical expenses',10),
(75,487,44,'Personal',281128.92,22.529,240,'2014-07-30','2034-04-16','Default',NULL,128),
(76,353,12,'Auto',6027269.43,12.2129,6,'2018-05-22','2018-11-18','Default','Home renovation',38),
(77,248,38,'Auto',7998584.24,17.1628,48,'2013-06-28','2017-06-07','Pending','Equipment purchase',16),
(78,118,16,'Business',4321766.63,15.2591,36,'2013-09-30','2016-09-14','Default','Wedding expenses',143),
(79,223,10,'Business',1168258.88,11.0624,48,'2018-08-15','2022-07-25','Closed','Vehicle purchase',88),
(80,230,26,'Home',5434015.48,11.2231,60,'2016-01-24','2020-12-28','Pending','Import financing',31),
(81,399,29,'Education',4574059.67,19.3613,6,'2016-05-29','2016-11-25','Closed','Wedding expenses',101),
(82,98,49,'Education',5230550.34,16.3099,36,'2014-07-19','2017-07-03','Active','Medical expenses',83),
(83,379,17,'Business',5860947.54,16.0976,240,'2021-02-23','2040-11-10','Pending','Home purchase',101),
(84,103,30,'Auto',3492860.28,17.7914,120,'2015-02-09','2024-12-18','Active','Business expansion',7),
(85,248,49,'Personal',6804862.52,19.8728,120,'2019-06-12','2029-04-20','Closed','Import financing',143),
(86,226,29,'Auto',1567501.58,13.2319,12,'2020-09-28','2021-09-23','Closed','Home renovation',32),
(87,259,22,'Auto',909286.94,8.202,18,'2022-07-25','2024-01-16','Pending','Personal use',123),
(88,204,18,'Home',1063679.87,19.7767,24,'2018-04-29','2020-04-18','Closed','Debt consolidation',33),
(89,390,1,'Auto',1029674.49,19.4948,180,'2017-01-12','2031-10-26','Pending','Wedding expenses',14),
(90,352,48,'Home',5651123.87,17.7043,72,'2018-06-03','2024-05-02','Pending','Working capital',77),
(91,206,36,'Education',91199.33,19.1188,6,'2021-06-04','2021-12-01','Active','Equipment purchase',47),
(92,245,38,'Auto',5503091.08,13.3239,240,'2015-03-08','2034-11-23','Default',NULL,84),
(93,53,10,'Business',4590372.1,15.8398,48,'2018-07-19','2022-06-28','Pending','Education fees',103),
(94,358,13,'Auto',5232244.21,15.1478,18,'2015-09-05','2017-02-26','Closed',NULL,121),
(95,329,4,'Business',7349210.12,22.5218,240,'2013-03-12','2032-11-27','Active','Business expansion',136),
(96,409,24,'Auto',2303258.96,20.9792,12,'2014-11-29','2015-11-24','Default','Medical expenses',62),
(97,291,18,'Home',5995752.77,10.7723,120,'2016-11-14','2026-09-23','Active','Medical expenses',40),
(98,203,32,'Business',7643312.29,11.3913,6,'2015-03-24','2015-09-20','Closed',NULL,136),
(99,455,48,'Business',6815343.53,19.2153,60,'2014-03-26','2019-02-28','Closed','Education fees',29),
(100,361,1,'Education',7043584.97,20.6122,36,'2019-07-12','2022-06-26','Pending','Personal use',55),
(101,56,41,'Business',3553934.64,7.8154,60,'2017-01-01','2021-12-06','Default','Home purchase',106),
(102,248,31,'Business',394896.31,11.2799,36,'2018-04-29','2021-04-13','Default','Vehicle purchase',57),
(103,61,27,'Auto',5452720.09,8.62,48,'2016-09-22','2020-09-01','Default','Debt consolidation',80),
(104,178,20,'Home',3055568.89,15.6007,120,'2020-10-14','2030-08-23','Pending','Home renovation',115),
(105,31,4,'Business',4741866.61,11.5485,180,'2019-11-06','2034-08-19','Active','Equipment purchase',57),
(106,359,18,'Personal',7297371.84,15.9422,24,'2017-03-17','2019-03-07','Default','Working capital',140),
(107,196,48,'Education',7512098.01,8.4562,180,'2020-09-02','2035-06-16','Active','Education fees',51),
(108,333,2,'Education',5020011.22,10.5982,120,'2013-10-05','2023-08-14','Default','Personal use',134),
(109,204,41,'Education',126544.28,10.4355,72,'2018-07-30','2024-06-28','Closed','Wedding expenses',62),
(110,266,23,'Auto',2802067.77,15.6334,6,'2019-05-09','2019-11-05','Active','Vehicle purchase',132),
(111,331,40,'Education',4612343.75,11.4469,60,'2013-09-08','2018-08-13','Closed','Working capital',49),
(112,196,37,'Auto',735545.29,10.1321,18,'2022-01-28','2023-07-22','Pending','Business expansion',53),
(113,172,21,'Education',224615.27,23.9304,240,'2020-05-11','2040-01-27','Active','Equipment purchase',81),
(114,76,8,'Education',6728494.01,21.0094,120,'2018-12-21','2028-10-29','Closed',NULL,27),
(115,441,42,'Education',2501481.21,17.9987,24,'2019-02-06','2021-01-26','Pending','Education fees',105),
(116,68,45,'Education',4751378.32,14.9411,60,'2020-08-13','2025-07-18','Pending','Debt consolidation',56),
(117,321,29,'Auto',4653762.22,13.8548,36,'2013-04-21','2016-04-05','Closed','Equipment purchase',69),
(118,291,17,'Personal',5105911.59,11.0372,36,'2013-12-06','2016-11-20','Pending','Vehicle purchase',33),
(119,449,4,'Auto',6777156.3,15.5465,6,'2016-08-06','2017-02-02','Active','Vehicle purchase',44),
(120,137,14,'Education',300473.07,10.1066,12,'2021-11-22','2022-11-17','Closed','Debt consolidation',53),
(121,333,23,'Home',7803117.23,19.8585,60,'2018-10-20','2023-09-24','Active','Personal use',69),
(122,200,46,'Education',3598116.86,16.968,240,'2021-12-12','2041-08-29','Closed','Equipment purchase',37),
(123,176,9,'Auto',5469524.25,13.183,120,'2018-01-28','2027-12-07','Default','Medical expenses',95),
(124,412,35,'Auto',3330948.15,17.4334,18,'2018-09-24','2020-03-17','Active','Import financing',63),
(125,130,33,'Business',5489716.0,14.7164,120,'2016-11-13','2026-09-22','Default','Education fees',128),
(126,41,48,'Business',3718944.91,18.4248,48,'2019-09-06','2023-08-16','Default',NULL,25),
(127,168,4,'Education',7988513.22,22.8777,60,'2020-02-10','2025-01-14','Closed','Home renovation',122),
(128,181,40,'Education',5185700.06,23.1508,72,'2014-05-30','2020-04-28','Closed','Home purchase',144),
(129,429,23,'Education',2213608.65,12.2155,72,'2019-12-24','2025-11-22','Active','Equipment purchase',133),
(130,314,10,'Auto',6205453.65,13.5035,72,'2020-03-01','2026-01-29','Closed','Home purchase',136),
(131,39,18,'Education',7910577.38,23.3539,72,'2019-10-12','2025-09-10','Closed','Education fees',101),
(132,221,17,'Personal',3845963.32,17.9191,6,'2017-01-28','2017-07-27','Pending','Home purchase',7),
(133,130,50,'Education',6478740.86,17.7486,120,'2022-10-30','2032-09-07','Default','Home renovation',10),
(134,121,6,'Business',2968527.44,8.1401,48,'2017-11-01','2021-10-11','Closed','Wedding expenses',141),
(135,339,39,'Business',3513838.11,20.2556,180,'2014-07-02','2029-04-14','Default','Debt consolidation',23),
(136,104,19,'Education',5473781.65,8.6855,240,'2018-04-18','2038-01-03','Pending','Home purchase',47),
(137,67,16,'Personal',7960430.67,12.3558,18,'2016-05-20','2017-11-11','Pending','Medical expenses',3),
(138,186,1,'Education',6834837.28,17.6056,180,'2014-11-09','2029-08-22','Pending','Working capital',50),
(139,10,5,'Auto',4139225.55,13.0383,24,'2018-11-13','2020-11-02','Active','Home renovation',52),
(140,404,4,'Business',7571238.92,18.3306,6,'2016-12-26','2017-06-24','Default','Wedding expenses',8),
(141,63,7,'Auto',2717270.37,9.6409,12,'2013-12-29','2014-12-24','Pending','Equipment purchase',117),
(142,390,23,'Education',1788652.72,14.3773,48,'2021-02-18','2025-01-28','Active','Home purchase',141),
(143,115,29,'Education',1178874.32,17.1615,60,'2019-04-26','2024-03-30','Active','Vehicle purchase',84),
(144,51,1,'Home',5906304.76,9.3585,72,'2015-09-20','2021-08-19','Pending','Vehicle purchase',88),
(145,346,45,'Home',1434325.33,22.6388,24,'2020-08-24','2022-08-14','Closed',NULL,140),
(146,215,35,'Education',2028951.78,13.4539,72,'2015-01-02','2020-12-01','Default',NULL,141),
(147,402,42,'Business',7012250.87,19.7368,36,'2014-09-07','2017-08-22','Default','Import financing',4),
(148,343,17,'Personal',7154076.56,14.7776,12,'2017-08-07','2018-08-02','Closed','Home renovation',106),
(149,395,38,'Education',1890542.97,16.085,240,'2017-06-30','2037-03-17','Default','Personal use',129),
(150,389,35,'Auto',6078335.88,21.1786,6,'2013-07-02','2013-12-29','Default','Debt consolidation',42),
(151,417,38,'Personal',2141919.06,7.6138,24,'2017-01-20','2019-01-10','Active','Home purchase',29),
(152,132,4,'Home',2175063.86,10.3708,60,'2019-09-25','2024-08-29','Pending','Vehicle purchase',90),
(153,106,25,'Auto',2518262.45,8.0111,120,'2013-04-09','2023-02-16','Closed','Equipment purchase',148),
(154,2,41,'Auto',6099056.29,15.042,120,'2013-05-30','2023-04-08','Pending','Business expansion',28),
(155,191,25,'Business',1618489.62,10.2228,6,'2015-01-01','2015-06-30','Pending','Medical expenses',123),
(156,143,19,'Education',2642132.92,17.2995,18,'2017-03-08','2018-08-30','Active','Wedding expenses',26),
(157,167,46,'Business',2481531.35,12.4553,180,'2014-05-25','2029-03-07','Default','Education fees',104),
(158,364,42,'Education',2750837.06,22.8899,36,'2016-11-20','2019-11-05','Default','Wedding expenses',40),
(159,364,39,'Education',1885640.13,11.8009,24,'2016-04-22','2018-04-12','Pending',NULL,109),
(160,162,27,'Personal',2028691.69,12.7093,180,'2013-07-17','2028-04-29','Closed','Wedding expenses',47),
(161,408,32,'Education',1517314.78,20.1358,180,'2021-10-02','2036-07-15','Active','Wedding expenses',74),
(162,464,32,'Auto',3693807.53,9.6807,24,'2018-04-30','2020-04-19','Pending','Vehicle purchase',71),
(163,224,12,'Home',7838698.2,22.2468,18,'2013-08-25','2015-02-16','Default','Home renovation',56),
(164,485,34,'Education',697765.48,12.3256,60,'2021-08-12','2026-07-17','Closed','Education fees',47),
(165,413,27,'Auto',7462945.4,13.9252,24,'2018-04-01','2020-03-21','Active','Working capital',10),
(166,72,39,'Home',1937622.81,20.1023,6,'2016-06-23','2016-12-20','Pending','Business expansion',91),
(167,348,27,'Home',2819601.72,20.8933,18,'2022-11-13','2024-05-06','Default','Wedding expenses',61),
(168,26,35,'Auto',4547297.55,21.9596,48,'2022-09-19','2026-08-29','Closed','Medical expenses',29),
(169,328,9,'Home',2307943.42,12.8451,24,'2021-08-05','2023-07-26','Closed','Equipment purchase',109),
(170,7,22,'Education',4743392.64,15.4267,12,'2017-05-21','2018-05-16','Active','Home purchase',141),
(171,426,46,'Personal',6473521.56,15.118,18,'2017-05-29','2018-11-20','Active','Equipment purchase',6),
(172,409,30,'Personal',2429175.75,23.5996,60,'2016-11-28','2021-11-02','Default','Education fees',75),
(173,116,31,'Personal',3810637.48,22.6787,240,'2015-07-28','2035-04-14','Default','Working capital',127),
(174,315,34,'Auto',5923545.73,20.5884,6,'2016-12-16','2017-06-14','Default','Equipment purchase',150),
(175,50,21,'Education',2117833.4,10.4436,120,'2013-06-18','2023-04-27','Active','Vehicle purchase',100),
(176,233,49,'Education',6458430.5,7.609,120,'2021-11-09','2031-09-18','Closed','Vehicle purchase',21),
(177,34,47,'Home',6661256.06,13.8862,24,'2015-11-16','2017-11-05','Default','Home purchase',77),
(178,486,16,'Home',5388241.21,23.5824,6,'2015-03-29','2015-09-25','Default','Personal use',29),
(179,473,45,'Business',5683954.81,14.6016,180,'2014-12-26','2029-10-08','Closed','Medical expenses',122),
(180,345,50,'Education',7119885.62,12.5785,240,'2022-07-19','2042-04-05','Default','Wedding expenses',139),
(181,74,19,'Auto',5218081.32,14.2782,180,'2013-02-15','2027-11-29','Pending','Business expansion',17),
(182,287,10,'Auto',348943.15,19.4837,180,'2019-09-17','2034-06-30','Active','Home purchase',45),
(183,37,6,'Business',4317541.28,13.5585,24,'2015-09-02','2017-08-22','Closed','Vehicle purchase',118),
(184,367,36,'Auto',6951935.09,20.7489,48,'2019-06-21','2023-05-31','Pending','Equipment purchase',32),
(185,307,46,'Education',2394584.96,14.7316,18,'2016-03-09','2017-08-31','Closed','Debt consolidation',19),
(186,187,33,'Home',2208645.3,14.1602,24,'2015-07-22','2017-07-11','Default','Vehicle purchase',121),
(187,48,42,'Education',6320410.0,22.7874,12,'2013-06-07','2014-06-02','Active','Personal use',86),
(188,96,21,'Education',5196789.54,12.4399,240,'2016-04-28','2036-01-14','Closed','Debt consolidation',133),
(189,247,11,'Business',4298472.53,20.8469,180,'2019-07-17','2034-04-29','Default','Wedding expenses',131),
(190,108,3,'Home',5886665.71,17.3071,6,'2017-05-21','2017-11-17','Active','Wedding expenses',16),
(191,357,50,'Business',6987583.49,12.668,24,'2017-02-22','2019-02-12','Default','Wedding expenses',43),
(192,25,47,'Home',6352351.8,15.9475,48,'2021-08-06','2025-07-16','Pending','Wedding expenses',13),
(193,18,14,'Business',891332.9,10.3201,36,'2017-12-10','2020-11-24','Closed','Debt consolidation',29),
(194,235,3,'Education',1816740.64,18.315,12,'2014-05-17','2015-05-12','Default','Medical expenses',37),
(195,315,12,'Business',6690322.29,16.2076,120,'2014-02-21','2023-12-31','Pending','Import financing',121),
(196,38,50,'Business',2224205.28,13.9408,36,'2018-06-07','2021-05-22','Default','Home renovation',5),
(197,344,20,'Business',1988634.37,15.5042,240,'2018-12-05','2038-08-22','Pending','Working capital',140),
(198,430,25,'Personal',5877270.84,12.8903,18,'2018-09-10','2020-03-03','Active','Home renovation',61),
(199,22,19,'Auto',2862008.71,15.195,12,'2018-09-02','2019-08-28','Default','Education fees',150),
(200,267,33,'Education',6749194.48,18.151,72,'2022-06-03','2028-05-02','Default','Vehicle purchase',28),
(201,106,29,'Home',3616288.83,8.5737,72,'2018-09-28','2024-08-27','Default','Medical expenses',28),
(202,9,15,'Personal',1485488.71,21.7899,12,'2021-09-28','2022-09-23','Default','Import financing',38),
(203,213,6,'Auto',7621494.43,13.2686,240,'2021-04-13','2040-12-29','Active',NULL,143),
(204,412,35,'Personal',5588785.16,14.4773,60,'2015-05-28','2020-05-01','Default','Personal use',115),
(205,472,14,'Business',4847731.7,11.8978,180,'2018-08-13','2033-05-26','Active','Working capital',71),
(206,221,29,'Home',6312414.45,19.7434,72,'2017-09-13','2023-08-13','Pending','Personal use',29),
(207,409,49,'Personal',3909385.26,7.9779,180,'2021-04-22','2036-02-03','Active','Home purchase',28),
(208,279,29,'Home',7529358.51,15.0946,24,'2014-06-12','2016-06-01','Default','Home purchase',38),
(209,319,36,'Personal',7305982.48,18.5697,120,'2016-02-06','2025-12-15','Active','Vehicle purchase',12),
(210,397,25,'Home',6024604.54,11.6943,60,'2015-08-02','2020-07-06','Default','Medical expenses',33),
(211,84,45,'Personal',4323290.89,9.8348,12,'2019-11-13','2020-11-07','Pending','Debt consolidation',140),
(212,402,38,'Education',802140.38,15.2194,60,'2020-12-21','2025-11-25','Active',NULL,52),
(213,430,17,'Business',5278077.46,15.0495,60,'2022-07-29','2027-07-03','Closed','Equipment purchase',133),
(214,10,33,'Home',7194628.19,16.8799,240,'2017-03-19','2036-12-04','Active','Home purchase',126),
(215,222,48,'Personal',133871.05,22.1655,48,'2015-10-04','2019-09-13','Pending','Education fees',34),
(216,46,50,'Business',3817076.9,20.5274,72,'2018-03-02','2024-01-30','Active','Equipment purchase',106),
(217,368,31,'Education',891955.6,19.2092,12,'2016-08-16','2017-08-11','Pending',NULL,35),
(218,203,39,'Personal',1317149.1,17.298,18,'2016-09-13','2018-03-07','Closed','Medical expenses',87),
(219,136,18,'Personal',3421836.09,9.77,6,'2017-03-18','2017-09-14','Closed','Equipment purchase',132),
(220,483,30,'Personal',7025255.52,23.8157,72,'2016-06-05','2022-05-05','Closed','Education fees',7),
(221,427,30,'Home',5590413.09,23.2333,72,'2020-05-27','2026-04-26','Closed','Home renovation',92),
(222,477,49,'Education',7820171.94,15.171,60,'2022-11-12','2027-10-17','Default','Business expansion',4),
(223,460,19,'Personal',5043355.88,22.0449,12,'2015-01-11','2016-01-06','Active','Wedding expenses',64),
(224,185,19,'Auto',476031.38,19.6077,36,'2020-04-17','2023-04-02','Pending','Wedding expenses',66),
(225,274,4,'Auto',1884396.47,21.1337,12,'2015-06-15','2016-06-09','Default','Home purchase',60),
(226,413,35,'Personal',60222.04,17.1597,72,'2020-11-16','2026-10-16','Pending','Debt consolidation',113),
(227,346,27,'Education',366540.37,23.7634,60,'2018-03-12','2023-02-14','Default','Home renovation',125),
(228,467,42,'Personal',2238680.3,10.7232,180,'2015-05-24','2030-03-06','Closed','Medical expenses',105),
(229,331,23,'Personal',1317419.41,15.0445,120,'2016-07-28','2026-06-06','Default','Equipment purchase',76),
(230,295,15,'Home',2480809.31,18.6757,240,'2019-03-02','2038-11-17','Active','Equipment purchase',149),
(231,170,24,'Auto',2999823.07,22.6876,36,'2016-04-02','2019-03-18','Closed','Wedding expenses',114),
(232,462,45,'Auto',6136886.49,11.9454,180,'2016-12-23','2031-10-06','Active','Home renovation',42),
(233,120,20,'Business',6688769.5,12.1609,12,'2013-03-17','2014-03-12','Default',NULL,82),
(234,409,41,'Education',7372877.07,20.9826,72,'2020-09-14','2026-08-14','Closed','Home purchase',88),
(235,451,18,'Home',4513955.98,18.6159,120,'2019-03-06','2029-01-12','Closed','Home renovation',46),
(236,112,35,'Auto',2285963.86,12.5464,60,'2015-12-22','2020-11-25','Pending',NULL,147),
(237,139,6,'Auto',275712.2,9.0261,6,'2013-03-08','2013-09-04','Active','Business expansion',82),
(238,288,44,'Home',2459272.36,11.626,18,'2013-11-05','2015-04-29','Default','Home renovation',8),
(239,293,25,'Personal',5991667.72,8.306,60,'2016-03-29','2021-03-03','Pending',NULL,91),
(240,107,1,'Business',2089280.87,15.382,6,'2013-04-05','2013-10-02','Closed',NULL,21),
(241,280,48,'Home',6529902.93,20.6853,72,'2022-12-09','2028-11-07','Pending','Equipment purchase',70),
(242,396,44,'Business',2399957.88,11.1324,36,'2019-09-30','2022-09-14','Active','Business expansion',147),
(243,210,23,'Auto',1628881.13,18.8769,48,'2020-07-07','2024-06-16','Default','Wedding expenses',141),
(244,277,15,'Education',7541444.12,15.5271,6,'2014-05-26','2014-11-22','Active','Equipment purchase',57),
(245,392,40,'Home',4875659.62,21.621,72,'2017-11-16','2023-10-16','Active','Home purchase',57),
(246,401,13,'Auto',2937050.93,23.3422,180,'2022-12-20','2037-10-02','Pending','Business expansion',145),
(247,419,34,'Home',7455383.2,16.4741,240,'2013-09-30','2033-06-17','Closed','Business expansion',51),
(248,26,17,'Business',6629331.21,15.8637,120,'2023-01-07','2032-11-15','Pending','Education fees',127),
(249,93,21,'Business',2513946.29,10.4071,18,'2022-03-20','2023-09-11','Closed','Debt consolidation',93),
(250,261,23,'Auto',1813350.99,14.8374,12,'2022-07-31','2023-07-26','Default','Working capital',11),
(251,405,4,'Auto',2089269.36,12.586,240,'2015-09-23','2035-06-10','Pending','Business expansion',143),
(252,472,12,'Business',2611722.23,19.1527,6,'2016-09-21','2017-03-20','Pending','Education fees',95),
(253,30,19,'Home',2988026.81,15.826,12,'2016-11-11','2017-11-06','Closed','Equipment purchase',103),
(254,454,22,'Auto',1024608.28,9.472,120,'2021-08-23','2031-07-02','Default','Import financing',16),
(255,131,31,'Auto',867655.47,18.6884,48,'2013-03-01','2017-02-08','Default','Personal use',48),
(256,359,40,'Home',7119148.57,10.1004,240,'2013-03-25','2032-12-10','Pending','Medical expenses',140),
(257,408,40,'Personal',3780456.46,23.4265,60,'2015-02-20','2020-01-25','Active','Medical expenses',41),
(258,329,24,'Personal',901019.87,12.0898,12,'2014-12-06','2015-12-01','Pending','Working capital',2),
(259,384,27,'Business',4965489.2,22.9301,24,'2017-01-11','2019-01-01','Default','Business expansion',96),
(260,481,32,'Auto',530536.54,14.6187,180,'2013-02-13','2027-11-27','Default','Home renovation',56),
(261,295,20,'Auto',1614570.63,11.0113,12,'2013-02-01','2014-01-27','Default','Import financing',147),
(262,421,7,'Auto',5946607.79,21.2491,36,'2017-04-27','2020-04-11','Default',NULL,12),
(263,226,25,'Education',5763724.41,13.7609,240,'2015-12-01','2035-08-18','Default','Working capital',35),
(264,23,38,'Home',6085912.6,18.2398,60,'2019-10-12','2024-09-15','Closed','Medical expenses',12),
(265,235,39,'Personal',1478489.96,12.5238,6,'2013-02-25','2013-08-24','Closed','Debt consolidation',77),
(266,211,40,'Business',1434779.2,10.1602,180,'2022-07-20','2037-05-02','Default','Debt consolidation',112),
(267,421,34,'Auto',7121790.95,11.0853,180,'2017-03-17','2031-12-29','Active','Debt consolidation',53),
(268,441,33,'Business',7730330.13,13.1299,6,'2021-11-03','2022-05-02','Active','Home purchase',116),
(269,147,7,'Personal',2825873.65,11.8497,24,'2022-03-04','2024-02-22','Default','Equipment purchase',2),
(270,256,2,'Education',174117.88,19.8302,36,'2023-02-15','2026-01-30','Closed','Import financing',114),
(271,373,27,'Business',3350074.05,20.762,12,'2019-09-05','2020-08-30','Default','Wedding expenses',97),
(272,240,24,'Personal',254276.53,10.7239,240,'2019-09-24','2039-06-11','Active','Education fees',87),
(273,448,40,'Business',6952427.44,19.9526,240,'2023-05-06','2043-01-21','Active','Working capital',12),
(274,453,32,'Education',2445337.66,11.2519,12,'2018-11-28','2019-11-23','Closed','Equipment purchase',66),
(275,162,39,'Business',802785.05,18.245,240,'2015-04-19','2035-01-04','Active','Personal use',67),
(276,93,33,'Home',3650030.61,7.5809,120,'2019-02-03','2028-12-12','Closed','Import financing',134),
(277,227,14,'Business',6078584.12,10.4769,60,'2021-11-22','2026-10-27','Default','Education fees',123),
(278,85,14,'Business',5924835.41,16.8405,48,'2016-06-27','2020-06-06','Pending','Equipment purchase',144),
(279,197,22,'Personal',4577469.59,7.6666,36,'2017-06-06','2020-05-21','Active',NULL,32),
(280,305,42,'Auto',87985.83,7.6684,36,'2019-04-05','2022-03-20','Active',NULL,69),
(281,446,24,'Business',330108.78,18.131,36,'2017-02-25','2020-02-10','Closed','Home purchase',76),
(282,134,26,'Auto',7421367.06,10.0702,240,'2017-12-21','2037-09-07','Pending','Wedding expenses',2),
(283,348,47,'Personal',7443866.56,19.6691,18,'2018-02-03','2019-07-28','Active',NULL,39),
(284,318,15,'Personal',6087453.36,7.5173,12,'2014-02-14','2015-02-09','Default','Equipment purchase',72),
(285,207,22,'Personal',5680899.64,7.6061,72,'2014-08-12','2020-07-11','Closed','Business expansion',150),
(286,407,27,'Home',3310274.24,14.9356,18,'2019-12-16','2021-06-08','Pending',NULL,143),
(287,45,25,'Auto',869361.41,19.7437,180,'2018-10-24','2033-08-06','Closed','Working capital',18),
(288,332,1,'Personal',2347588.32,18.0772,48,'2018-01-29','2022-01-08','Active','Working capital',140),
(289,170,41,'Personal',4410508.63,19.9786,48,'2021-11-04','2025-10-14','Closed','Vehicle purchase',1),
(290,75,9,'Auto',6777364.9,10.3889,72,'2015-08-08','2021-07-07','Closed','Working capital',104),
(291,444,39,'Personal',7685191.54,18.4647,180,'2014-11-23','2029-09-05','Pending','Import financing',64),
(292,212,24,'Home',6655081.96,22.768,12,'2022-02-09','2023-02-04','Pending',NULL,12),
(293,68,42,'Home',3714601.16,23.1311,24,'2018-12-12','2020-12-01','Closed','Personal use',107),
(294,462,19,'Auto',3063710.54,9.1706,48,'2013-12-04','2017-11-13','Closed','Wedding expenses',31),
(295,307,30,'Education',4809430.86,23.7222,12,'2013-01-26','2014-01-21','Closed','Personal use',78),
(296,246,13,'Business',5929435.55,23.4533,60,'2017-06-01','2022-05-06','Closed','Wedding expenses',59),
(297,173,41,'Education',5404905.46,20.8293,12,'2015-07-23','2016-07-17','Active',NULL,95),
(298,121,9,'Business',3040577.24,17.2839,18,'2013-05-07','2014-10-29','Closed','Equipment purchase',31),
(299,208,34,'Education',7169294.64,18.2993,36,'2013-08-19','2016-08-03','Default','Equipment purchase',129),
(300,95,36,'Auto',3899267.34,12.3707,24,'2019-08-01','2021-07-21','Default','Import financing',23),
(301,64,18,'Personal',5124940.07,7.6006,240,'2018-02-18','2037-11-05','Default','Debt consolidation',55),
(302,149,4,'Auto',6728874.31,15.7488,240,'2016-12-10','2036-08-27','Active','Debt consolidation',41),
(303,170,3,'Education',3038115.99,19.7993,120,'2020-09-17','2030-07-27','Pending','Vehicle purchase',66),
(304,470,31,'Home',2612293.42,15.9851,240,'2013-04-18','2033-01-03','Pending',NULL,134),
(305,143,26,'Personal',698744.93,17.2628,24,'2020-12-03','2022-11-23','Pending','Working capital',29),
(306,362,36,'Home',2439636.01,9.1634,60,'2019-02-25','2024-01-30','Closed','Vehicle purchase',94),
(307,163,17,'Education',946984.02,12.8659,60,'2014-11-16','2019-10-21','Default','Personal use',96),
(308,127,3,'Education',5598298.06,20.9024,60,'2018-11-22','2023-10-27','Active','Home purchase',102),
(309,187,19,'Home',266898.94,8.483,72,'2014-04-01','2020-02-29','Pending',NULL,101),
(310,204,19,'Education',4255910.98,7.9094,48,'2017-01-07','2020-12-17','Closed','Home renovation',94),
(311,306,14,'Personal',7553981.76,13.5374,36,'2014-08-22','2017-08-06','Default','Business expansion',44),
(312,154,18,'Home',2972212.31,22.9086,36,'2019-05-28','2022-05-12','Pending','Medical expenses',74),
(313,499,26,'Home',3024153.97,10.1112,36,'2014-01-16','2016-12-31','Active','Education fees',149),
(314,76,4,'Business',7508351.53,7.8739,48,'2022-10-25','2026-10-04','Pending','Debt consolidation',41),
(315,382,32,'Personal',2496910.79,19.9715,60,'2017-10-04','2022-09-08','Default','Working capital',126),
(316,404,43,'Auto',6426670.04,11.9686,60,'2017-11-19','2022-10-24','Active','Personal use',34),
(317,185,21,'Personal',5653008.81,22.2363,6,'2013-04-06','2013-10-03','Active','Debt consolidation',110),
(318,193,18,'Education',5361858.33,9.5066,180,'2019-02-08','2033-11-21','Closed','Vehicle purchase',114),
(319,372,25,'Business',6758706.92,10.7052,240,'2019-12-26','2039-09-12','Active','Debt consolidation',39),
(320,178,23,'Auto',6432400.82,19.3656,72,'2019-01-27','2024-12-26','Active','Debt consolidation',12),
(321,312,11,'Personal',1462722.5,19.6948,120,'2013-11-14','2023-09-23','Default','Medical expenses',51),
(322,198,4,'Home',7718228.53,16.4073,48,'2018-03-04','2022-02-11','Closed','Business expansion',25),
(323,279,50,'Auto',7957139.15,16.5959,12,'2015-02-22','2016-02-17','Active','Home renovation',98),
(324,324,47,'Personal',6218913.74,11.628,36,'2021-03-18','2024-03-02','Default','Home renovation',81),
(325,492,23,'Education',3212202.84,7.6506,12,'2022-08-04','2023-07-30','Active',NULL,27),
(326,92,3,'Auto',7513503.72,22.639,72,'2019-12-07','2025-11-05','Default','Wedding expenses',105),
(327,432,10,'Education',925334.86,13.0929,18,'2020-06-03','2021-11-25','Default','Home purchase',123),
(328,328,38,'Home',1287797.77,15.7482,180,'2013-10-03','2028-07-16','Active','Import financing',130),
(329,335,49,'Education',4026056.13,7.7157,120,'2020-11-08','2030-09-17','Closed','Home renovation',32),
(330,153,11,'Home',6503227.85,18.8933,6,'2020-03-02','2020-08-29','Active','Wedding expenses',128),
(331,396,21,'Education',5229887.89,22.3724,48,'2019-01-25','2023-01-04','Closed','Vehicle purchase',70),
(332,117,35,'Auto',5848317.77,7.7856,12,'2018-03-25','2019-03-20','Active','Medical expenses',43),
(333,473,40,'Business',1668789.56,23.7081,240,'2021-03-25','2040-12-10','Active','Import financing',11),
(334,122,33,'Education',2348027.8,10.9303,48,'2022-03-09','2026-02-16','Default','Education fees',21),
(335,142,22,'Auto',3111381.98,16.7813,18,'2020-08-16','2022-02-07','Default','Home renovation',145),
(336,18,20,'Business',1218548.43,11.6863,180,'2019-02-23','2033-12-06','Default','Personal use',76),
(337,106,32,'Personal',6492061.08,16.68,240,'2021-03-22','2040-12-07','Active','Personal use',73),
(338,301,14,'Business',6342427.33,20.4945,12,'2017-12-18','2018-12-13','Closed','Medical expenses',53),
(339,203,19,'Business',1039641.17,12.5342,72,'2017-12-26','2023-11-25','Default','Debt consolidation',32),
(340,495,5,'Business',7187194.01,17.4956,12,'2015-10-22','2016-10-16','Closed','Business expansion',138),
(341,453,8,'Personal',867408.51,21.8831,240,'2022-11-19','2042-08-06','Pending','Working capital',19),
(342,104,46,'Personal',6667665.31,20.1545,24,'2014-05-25','2016-05-14','Closed','Home purchase',13),
(343,400,23,'Education',3834922.92,16.9376,12,'2018-09-14','2019-09-09','Pending','Business expansion',58),
(344,198,1,'Business',6894547.79,15.4699,18,'2014-01-29','2015-07-23','Pending','Import financing',128),
(345,180,41,'Personal',2546458.71,11.8096,120,'2022-05-29','2032-04-06','Pending','Vehicle purchase',84),
(346,437,44,'Education',2299651.31,8.721,12,'2014-06-03','2015-05-29','Default','Equipment purchase',128),
(347,43,29,'Education',3889659.55,17.4502,120,'2022-10-20','2032-08-28','Active','Equipment purchase',109),
(348,29,8,'Education',3296666.49,13.7592,12,'2020-12-23','2021-12-18','Closed','Business expansion',81),
(349,11,27,'Personal',7077805.19,15.8223,60,'2013-04-17','2018-03-22','Default','Debt consolidation',76),
(350,59,23,'Auto',4160902.09,8.0415,6,'2020-11-12','2021-05-11','Closed','Vehicle purchase',21),
(351,138,23,'Personal',1422529.78,12.2137,72,'2017-12-12','2023-11-11','Active','Business expansion',3),
(352,441,42,'Home',1551567.24,21.2987,120,'2013-04-24','2023-03-03','Default',NULL,71),
(353,284,10,'Education',4866340.19,9.7049,240,'2021-12-05','2041-08-22','Default','Home renovation',10),
(354,149,3,'Education',710113.35,10.0702,36,'2023-03-31','2026-03-15','Default','Working capital',123),
(355,236,24,'Education',4182618.67,11.1261,72,'2019-10-29','2025-09-27','Closed','Vehicle purchase',106),
(356,473,37,'Home',5923089.54,13.4916,36,'2022-07-11','2025-06-25','Pending','Working capital',102),
(357,36,42,'Business',6323920.75,22.688,180,'2019-08-21','2034-06-03','Pending','Personal use',69),
(358,189,45,'Education',4021898.0,15.6866,240,'2014-07-17','2034-04-03','Closed',NULL,48),
(359,202,3,'Auto',3545631.45,15.8289,72,'2019-12-18','2025-11-16','Pending','Personal use',4),
(360,421,11,'Home',334709.2,14.6934,120,'2013-10-20','2023-08-29','Active','Working capital',5),
(361,283,27,'Personal',809931.64,7.6181,18,'2020-09-19','2022-03-13','Pending','Home purchase',84),
(362,47,11,'Home',928805.35,18.8774,240,'2014-09-15','2034-06-02','Pending','Education fees',49),
(363,166,44,'Education',5169199.67,18.5001,72,'2020-09-15','2026-08-15','Pending','Medical expenses',4),
(364,178,24,'Business',5670715.93,10.838,180,'2018-10-20','2033-08-02','Default','Import financing',146),
(365,439,13,'Education',5437608.61,10.0538,12,'2018-08-09','2019-08-04','Default','Education fees',119),
(366,457,11,'Home',3793171.72,16.8139,18,'2017-12-15','2019-06-08','Active','Medical expenses',114),
(367,319,43,'Home',7596259.77,16.0587,18,'2014-06-22','2015-12-14','Pending','Home renovation',83),
(368,246,45,'Auto',4016381.27,20.7098,120,'2017-09-08','2027-07-18','Active','Wedding expenses',16),
(369,176,3,'Auto',6117818.96,17.6857,240,'2017-07-08','2037-03-25','Pending','Home renovation',97),
(370,155,42,'Business',3044747.1,22.4471,36,'2019-10-08','2022-09-22','Pending',NULL,81),
(371,112,48,'Auto',7792237.14,13.9823,12,'2016-06-20','2017-06-15','Default',NULL,112),
(372,429,12,'Business',6556117.69,21.0201,6,'2013-08-31','2014-02-27','Closed','Equipment purchase',104),
(373,409,5,'Education',7681736.52,23.9682,48,'2020-12-10','2024-11-19','Default','Home renovation',21),
(374,435,49,'Home',6762231.52,16.1701,36,'2013-10-05','2016-09-19','Active','Equipment purchase',135),
(375,488,5,'Auto',5516813.73,20.0385,18,'2017-10-25','2019-04-18','Pending',NULL,62),
(376,434,21,'Business',977620.11,13.9303,36,'2017-10-19','2020-10-03','Pending','Import financing',8),
(377,268,46,'Personal',494731.59,21.6804,60,'2019-12-16','2024-11-19','Active','Business expansion',45),
(378,461,30,'Auto',3462203.81,9.3131,36,'2021-03-13','2024-02-26','Pending','Import financing',21),
(379,467,31,'Personal',6442924.11,22.6024,120,'2013-12-23','2023-11-01','Closed','Personal use',9),
(380,86,9,'Personal',6259003.81,18.4422,48,'2016-10-26','2020-10-05','Default','Business expansion',34),
(381,77,25,'Education',3256774.21,12.0265,12,'2022-07-31','2023-07-26','Default','Home renovation',134),
(382,83,32,'Home',854698.27,12.3749,12,'2014-11-28','2015-11-23','Active','Wedding expenses',110),
(383,290,43,'Education',609037.6,21.213,120,'2013-02-12','2022-12-22','Default','Vehicle purchase',39),
(384,328,26,'Auto',4563447.71,19.6748,18,'2019-02-02','2020-07-26','Active','Business expansion',21),
(385,398,9,'Business',3405609.63,11.4819,120,'2020-07-02','2030-05-11','Pending','Vehicle purchase',54),
(386,236,21,'Education',2743482.58,8.1936,6,'2022-02-08','2022-08-07','Active','Wedding expenses',84),
(387,491,3,'Auto',261073.87,17.3315,60,'2015-09-16','2020-08-20','Active','Equipment purchase',14),
(388,430,15,'Business',4103217.8,19.8809,24,'2018-03-25','2020-03-14','Closed','Wedding expenses',55),
(389,448,42,'Auto',7877910.96,23.203,72,'2022-09-09','2028-08-08','Closed',NULL,90),
(390,388,4,'Auto',3793003.56,19.0441,120,'2019-05-11','2029-03-19','Pending','Debt consolidation',84),
(391,155,22,'Business',1823243.87,12.708,60,'2015-04-03','2020-03-07','Default','Wedding expenses',28),
(392,301,14,'Education',1578488.1,18.5133,240,'2015-08-19','2035-05-06','Closed',NULL,130),
(393,408,20,'Business',783381.22,9.1903,180,'2015-01-22','2029-11-04','Closed','Medical expenses',108),
(394,285,1,'Education',3195702.04,9.7444,60,'2017-07-16','2022-06-20','Active','Debt consolidation',75),
(395,85,40,'Personal',129742.16,22.3939,6,'2019-06-10','2019-12-07','Closed',NULL,124),
(396,311,24,'Education',3611400.11,15.7359,60,'2014-01-19','2018-12-24','Pending','Debt consolidation',110),
(397,377,21,'Auto',6485246.27,7.5843,6,'2017-06-17','2017-12-14','Default','Home purchase',122),
(398,172,15,'Education',5685118.14,13.0948,12,'2013-03-19','2014-03-14','Active','Home renovation',103),
(399,140,16,'Business',780445.51,22.2774,36,'2015-11-10','2018-10-25','Default','Vehicle purchase',8),
(400,196,7,'Home',7364244.73,13.3085,12,'2022-07-18','2023-07-13','Closed','Wedding expenses',52);

Select * From loans;

-- ================================
-- INSERT Loan_payments
-- ================================
INSERT INTO loan_payments VALUES
(1,25,'2020-05-30',58814.33,'Online',1,2271.23),
(2,25,'2015-03-27',52557.84,'Cash',1,2026.51),
(3,25,'2015-05-28',39909.29,'Online',0,0.0),
(4,390,'2024-06-03',46244.08,'Online',0,0.0),
(5,390,'2013-02-05',10129.15,'Online',0,0.0),
(6,390,'2016-10-11',35228.63,'Cheque',1,927.63),
(7,390,'2014-02-18',14344.36,'Cheque',0,0.0),
(8,52,'2017-05-24',52493.3,'Cheque',1,1236.03),
(9,52,'2023-04-03',69286.8,'Cheque',1,1500.42),
(10,280,'2020-01-12',33809.21,'Cash',1,430.88),
(11,280,'2019-10-08',10929.14,'Online',1,1872.73),
(12,280,'2013-10-17',65767.45,'Online',0,0.0),
(13,280,'2015-02-26',22104.6,'Cheque',0,0.0),
(14,280,'2024-02-27',73457.66,'Cheque',0,0.0),
(15,158,'2022-06-28',41556.08,'Cash',1,523.9),
(16,158,'2016-03-26',58621.21,'Online',1,1490.11),
(17,158,'2013-04-19',51923.73,'Cheque',1,591.0),
(18,158,'2019-09-30',20901.01,'Cheque',0,0.0),
(19,112,'2021-03-14',72445.33,'Online',1,1316.53),
(20,112,'2018-12-04',48648.55,'Cash',1,2200.27),
(21,112,'2021-06-11',60388.4,'Cheque',0,0.0),
(22,112,'2014-12-25',29963.99,'Cash',0,0.0),
(23,112,'2022-10-08',46528.4,'Online',0,0.0),
(24,5,'2018-09-20',41579.07,'Cash',0,0.0),
(25,5,'2021-01-21',70577.6,'Cheque',0,0.0),
(26,5,'2018-03-14',50199.97,'Cash',0,0.0),
(27,5,'2013-10-31',64185.79,'Cash',0,0.0),
(28,313,'2016-03-17',28392.44,'Online',0,0.0),
(29,313,'2013-02-14',68132.49,'Online',1,1024.87),
(30,345,'2022-06-29',17505.55,'Cash',0,0.0),
(31,345,'2023-09-15',51919.35,'Cheque',0,0.0),
(32,345,'2017-07-30',41704.2,'Cheque',0,0.0),
(33,345,'2021-02-20',6932.07,'Cheque',1,1001.46),
(34,115,'2024-01-29',10399.27,'Cash',1,1519.12),
(35,115,'2022-07-04',43783.52,'Cheque',0,0.0),
(36,115,'2023-08-25',35756.28,'Cheque',1,2057.78),
(37,180,'2018-03-29',20510.6,'Cheque',0,0.0),
(38,180,'2023-01-10',19643.95,'Cash',0,0.0),
(39,180,'2016-02-07',29559.05,'Cash',0,0.0),
(40,180,'2023-04-01',23428.72,'Online',0,0.0),
(41,180,'2022-11-02',74750.41,'Online',0,0.0),
(42,392,'2021-07-14',25784.25,'Cheque',0,0.0),
(43,392,'2015-09-08',65858.18,'Cash',0,0.0),
(44,305,'2017-04-14',66876.09,'Online',0,0.0),
(45,305,'2016-06-11',52022.74,'Cash',1,1508.49),
(46,305,'2019-06-15',14533.42,'Online',0,0.0),
(47,305,'2021-12-01',50291.03,'Online',0,0.0),
(48,305,'2017-08-25',24545.75,'Online',0,0.0),
(49,161,'2023-01-04',65782.68,'Cash',0,0.0),
(50,161,'2018-07-31',19915.83,'Cash',1,1552.29),
(51,161,'2019-04-19',73729.33,'Online',0,0.0),
(52,161,'2017-05-22',19420.61,'Online',1,1256.33),
(53,146,'2021-02-25',9427.83,'Cheque',0,0.0),
(54,146,'2017-10-09',67335.87,'Cash',1,243.02),
(55,146,'2018-10-26',60743.52,'Online',0,0.0),
(56,146,'2016-01-16',57505.01,'Cheque',0,0.0),
(57,146,'2014-12-20',14659.15,'Cash',0,0.0),
(58,200,'2016-06-20',57989.06,'Cash',0,0.0),
(59,213,'2013-10-14',29436.06,'Cash',1,1898.75),
(60,213,'2023-02-13',24668.91,'Online',0,0.0),
(61,213,'2017-02-21',15117.83,'Cash',0,0.0),
(62,78,'2021-09-18',7209.45,'Online',1,652.43),
(63,214,'2019-03-05',29261.0,'Cheque',1,1968.21),
(64,214,'2017-02-10',6696.19,'Cash',0,0.0),
(65,214,'2020-08-04',8603.91,'Online',0,0.0),
(66,214,'2021-07-28',35531.14,'Cash',0,0.0),
(67,214,'2018-05-15',36270.64,'Cash',1,1546.65),
(68,319,'2014-05-14',17633.26,'Online',0,0.0),
(69,319,'2023-10-19',56368.05,'Cash',0,0.0),
(70,319,'2019-02-17',13391.6,'Cash',0,0.0),
(71,6,'2021-11-11',14193.34,'Online',0,0.0),
(72,6,'2022-06-05',39592.58,'Online',1,2283.79),
(73,6,'2017-10-09',70183.87,'Online',1,2031.39),
(74,394,'2022-04-17',32673.87,'Cash',1,1475.67),
(75,394,'2017-01-25',5585.18,'Cheque',0,0.0),
(76,394,'2014-08-28',21508.39,'Cash',1,1824.64),
(77,256,'2016-10-01',5817.25,'Cheque',0,0.0),
(78,256,'2013-04-11',8977.17,'Cheque',0,0.0),
(79,256,'2016-11-25',25267.15,'Cheque',0,0.0),
(80,35,'2014-03-22',46227.76,'Cash',1,1494.34),
(81,35,'2024-04-05',54954.44,'Cash',0,0.0),
(82,333,'2014-09-03',30728.26,'Online',0,0.0),
(83,62,'2016-04-16',13518.9,'Online',0,0.0),
(84,62,'2015-09-07',25141.2,'Online',1,2007.33),
(85,62,'2016-08-02',16497.65,'Cash',1,205.11),
(86,62,'2023-09-23',40795.97,'Cheque',0,0.0),
(87,62,'2022-10-31',61003.67,'Online',0,0.0),
(88,289,'2022-07-23',24755.11,'Online',0,0.0),
(89,27,'2022-03-06',54074.11,'Online',1,1822.55),
(90,27,'2014-08-11',13399.01,'Online',1,2398.2),
(91,295,'2016-07-03',44675.23,'Cash',0,0.0),
(92,295,'2016-09-08',70292.29,'Cash',0,0.0),
(93,295,'2015-04-27',28351.9,'Cheque',1,2131.3),
(94,295,'2015-04-16',10587.46,'Cheque',1,1106.54),
(95,32,'2016-03-25',8879.78,'Cheque',0,0.0),
(96,130,'2022-12-24',31723.22,'Cheque',0,0.0),
(97,130,'2013-11-29',39358.04,'Online',1,586.57),
(98,205,'2013-09-14',40607.96,'Cash',0,0.0),
(99,205,'2022-05-21',70201.16,'Cheque',1,1052.16),
(100,205,'2023-02-07',72248.87,'Online',0,0.0),
(101,73,'2019-01-06',57714.39,'Cash',0,0.0),
(102,73,'2019-09-02',23009.95,'Cash',1,541.46),
(103,163,'2022-11-18',44144.94,'Cash',0,0.0),
(104,163,'2013-03-25',18908.29,'Cash',0,0.0),
(105,221,'2020-11-19',49603.84,'Cheque',0,0.0),
(106,221,'2014-07-07',29916.19,'Online',1,1479.82),
(107,221,'2022-04-21',73018.5,'Online',0,0.0),
(108,221,'2017-05-26',59401.1,'Cheque',1,286.72),
(109,349,'2022-03-24',31082.46,'Cash',0,0.0),
(110,349,'2014-06-12',52087.71,'Online',0,0.0),
(111,349,'2023-12-26',10664.99,'Online',0,0.0),
(112,349,'2023-08-18',47527.7,'Cash',0,0.0),
(113,349,'2014-02-20',72520.59,'Online',0,0.0),
(114,248,'2017-04-14',48921.88,'Online',1,1212.25),
(115,248,'2015-09-19',19939.68,'Cash',0,0.0),
(116,4,'2018-10-17',67452.24,'Online',0,0.0),
(117,4,'2021-01-29',54764.07,'Online',0,0.0),
(118,4,'2016-07-13',22692.03,'Online',0,0.0),
(119,126,'2016-12-29',66943.34,'Cash',1,1676.65),
(120,126,'2021-12-27',56389.02,'Online',0,0.0),
(121,126,'2015-08-25',66862.33,'Cheque',0,0.0),
(122,126,'2021-11-30',17451.44,'Cash',1,907.03),
(123,126,'2014-03-27',16794.97,'Cheque',0,0.0),
(124,103,'2017-11-08',64799.54,'Cash',0,0.0),
(125,103,'2019-01-08',27301.45,'Cash',0,0.0),
(126,199,'2014-01-01',5110.17,'Online',0,0.0),
(127,339,'2023-11-03',48404.6,'Cheque',0,0.0),
(128,339,'2022-07-24',40960.31,'Cheque',0,0.0),
(129,75,'2015-10-21',17460.57,'Online',1,543.18),
(130,75,'2017-01-29',69824.59,'Online',0,0.0),
(131,75,'2015-08-29',26351.4,'Online',0,0.0),
(132,75,'2019-03-24',60315.11,'Cash',0,0.0),
(133,75,'2015-09-10',39162.18,'Online',0,0.0),
(134,208,'2018-06-08',24550.75,'Online',0,0.0),
(135,208,'2015-11-18',22125.63,'Online',0,0.0),
(136,142,'2015-12-05',49065.1,'Cheque',0,0.0),
(137,142,'2019-12-18',39472.73,'Cash',0,0.0),
(138,189,'2021-08-29',11103.95,'Cheque',0,0.0),
(139,189,'2015-10-29',46457.15,'Cheque',0,0.0),
(140,189,'2018-04-16',28286.28,'Cheque',0,0.0),
(141,189,'2017-03-01',56359.28,'Cash',0,0.0),
(142,189,'2020-04-18',40957.47,'Online',0,0.0),
(143,376,'2017-03-20',70168.5,'Cash',0,0.0),
(144,376,'2019-05-06',7736.63,'Cash',1,2003.24),
(145,95,'2024-05-29',66311.56,'Cheque',1,998.71),
(146,95,'2019-03-29',11726.33,'Cash',0,0.0),
(147,95,'2023-05-31',24424.52,'Online',1,380.7),
(148,95,'2015-03-01',62522.41,'Cheque',0,0.0),
(149,70,'2021-01-05',50104.56,'Cash',0,0.0),
(150,121,'2019-03-16',54762.87,'Cash',0,0.0),
(151,121,'2022-05-26',16487.02,'Cheque',0,0.0),
(152,121,'2019-04-09',73281.89,'Online',0,0.0),
(153,121,'2016-08-05',7674.65,'Online',0,0.0),
(154,121,'2014-09-30',15772.58,'Online',0,0.0),
(155,194,'2019-01-22',46395.82,'Online',0,0.0),
(156,102,'2023-03-10',13593.99,'Cash',1,2308.25),
(157,102,'2018-08-07',49829.24,'Cash',1,453.1),
(158,102,'2017-11-16',7619.06,'Cheque',0,0.0),
(159,102,'2023-01-02',30152.47,'Cheque',0,0.0),
(160,77,'2019-03-14',67554.56,'Cheque',0,0.0),
(161,77,'2015-01-14',23845.84,'Online',1,1735.97),
(162,77,'2016-10-02',60682.67,'Online',1,426.21),
(163,137,'2021-02-16',17337.37,'Online',1,2468.37),
(164,101,'2016-05-22',70836.0,'Cash',1,820.8),
(165,101,'2020-12-16',24326.58,'Online',1,1731.15),
(166,211,'2014-12-01',37341.54,'Cash',0,0.0),
(167,181,'2023-11-05',35812.81,'Online',0,0.0),
(168,181,'2014-08-05',10339.96,'Cheque',0,0.0),
(169,181,'2019-03-03',70855.18,'Online',1,2499.26),
(170,181,'2022-09-20',18939.99,'Cheque',0,0.0),
(171,139,'2015-07-20',50347.98,'Cheque',1,2447.11),
(172,139,'2023-08-27',64497.98,'Cheque',1,567.88),
(173,110,'2020-05-19',74594.46,'Cheque',0,0.0),
(174,110,'2013-05-27',74555.62,'Cash',1,970.28),
(175,110,'2022-06-15',55258.52,'Cash',0,0.0),
(176,110,'2023-07-16',24778.57,'Cheque',1,2350.26),
(177,110,'2020-12-04',73960.31,'Cash',1,1394.53),
(178,123,'2024-05-07',63101.66,'Cheque',0,0.0),
(179,123,'2018-10-26',63096.84,'Cheque',0,0.0),
(180,123,'2018-01-14',18531.92,'Cheque',0,0.0),
(181,123,'2018-11-18',57706.66,'Online',0,0.0),
(182,123,'2017-02-16',53591.41,'Cash',1,1326.94),
(183,299,'2014-06-09',25085.86,'Cash',0,0.0),
(184,299,'2015-08-10',27961.06,'Cheque',0,0.0),
(185,299,'2021-09-14',61909.16,'Cheque',1,993.22),
(186,222,'2024-06-07',44322.04,'Online',0,0.0),
(187,222,'2022-11-30',40713.72,'Cash',0,0.0),
(188,222,'2021-07-31',11514.91,'Cash',1,1062.97),
(189,222,'2023-10-01',20588.05,'Cash',1,561.91),
(190,272,'2024-06-28',16482.82,'Online',1,218.83),
(191,272,'2020-12-23',65785.77,'Online',0,0.0),
(192,132,'2014-03-25',49468.37,'Online',1,613.75),
(193,132,'2014-07-07',26811.27,'Cheque',0,0.0),
(194,132,'2014-09-23',59401.85,'Online',0,0.0),
(195,254,'2013-11-30',42332.71,'Cheque',1,633.12),
(196,254,'2020-09-29',39503.33,'Cash',1,605.94),
(197,254,'2014-06-23',46590.56,'Cheque',0,0.0),
(198,254,'2014-04-19',36766.59,'Cheque',1,474.37),
(199,254,'2018-11-09',23590.45,'Cheque',0,0.0),
(200,324,'2016-01-03',53153.69,'Online',1,1405.91),
(201,324,'2022-07-16',40155.42,'Online',1,1831.95),
(202,324,'2016-01-30',29661.74,'Online',1,1029.04),
(203,324,'2015-10-29',64063.02,'Cash',0,0.0),
(204,324,'2021-10-28',18284.85,'Cheque',0,0.0),
(205,148,'2015-04-03',11672.92,'Online',0,0.0),
(206,148,'2013-08-11',58170.59,'Online',0,0.0),
(207,148,'2024-05-27',62889.24,'Online',1,1598.85),
(208,148,'2020-09-19',52893.24,'Cheque',0,0.0),
(209,148,'2014-05-03',71492.25,'Cash',0,0.0),
(210,318,'2019-08-03',12455.1,'Cheque',0,0.0),
(211,318,'2021-02-26',55727.57,'Cheque',0,0.0),
(212,318,'2022-09-11',62987.08,'Cash',0,0.0),
(213,288,'2018-03-13',11060.68,'Cheque',1,2264.31),
(214,340,'2018-01-03',7453.78,'Cheque',0,0.0),
(215,340,'2023-12-18',21322.56,'Cash',0,0.0),
(216,340,'2014-10-10',69140.95,'Cash',0,0.0),
(217,21,'2014-02-13',16072.27,'Online',0,0.0),
(218,21,'2019-10-16',51903.42,'Cash',0,0.0),
(219,21,'2021-01-15',32804.91,'Cash',0,0.0),
(220,365,'2014-11-06',19218.82,'Online',0,0.0),
(221,365,'2023-01-07',68764.94,'Online',0,0.0),
(222,365,'2019-04-30',47406.05,'Online',1,1565.42),
(223,365,'2020-11-12',10898.37,'Cheque',1,2488.71),
(224,268,'2024-01-20',54225.29,'Cheque',0,0.0),
(225,268,'2019-11-06',39273.34,'Cash',0,0.0),
(226,268,'2020-06-24',45889.66,'Cheque',0,0.0),
(227,268,'2018-05-27',60303.1,'Cash',0,0.0),
(228,381,'2022-06-02',45247.82,'Online',0,0.0),
(229,381,'2016-08-10',27143.59,'Cheque',0,0.0),
(230,381,'2016-01-30',45046.3,'Cheque',0,0.0),
(231,381,'2023-03-12',25043.09,'Online',1,723.13),
(232,381,'2020-04-03',39052.89,'Cheque',0,0.0),
(233,241,'2020-01-19',47990.4,'Cheque',0,0.0),
(234,90,'2023-05-11',37802.3,'Cash',1,1687.57),
(235,90,'2016-07-04',22883.93,'Cheque',0,0.0),
(236,135,'2014-03-20',8299.17,'Cash',0,0.0),
(237,135,'2015-01-14',52831.9,'Cheque',1,2139.64),
(238,135,'2015-08-19',73352.08,'Cheque',0,0.0),
(239,1,'2015-08-20',19750.67,'Cheque',0,0.0),
(240,1,'2021-07-24',12243.1,'Cheque',0,0.0),
(241,98,'2018-04-19',13446.82,'Cheque',0,0.0),
(242,98,'2014-11-26',47553.22,'Cheque',1,1978.07),
(243,120,'2022-04-10',38349.01,'Online',1,2424.88),
(244,120,'2022-01-11',69274.33,'Cheque',0,0.0),
(245,120,'2013-09-09',67740.6,'Cheque',0,0.0),
(246,120,'2022-06-20',27866.76,'Cheque',0,0.0),
(247,14,'2020-03-16',54051.17,'Online',0,0.0),
(248,54,'2019-07-04',57252.6,'Cheque',0,0.0),
(249,84,'2024-02-06',55455.32,'Cash',0,0.0),
(250,84,'2021-12-03',22736.92,'Online',0,0.0),
(251,185,'2019-07-25',49123.79,'Online',1,584.72),
(252,185,'2024-01-19',53634.87,'Cash',0,0.0),
(253,185,'2018-06-04',23505.76,'Cash',0,0.0),
(254,185,'2018-07-17',57047.04,'Online',0,0.0),
(255,185,'2023-05-22',28529.11,'Online',1,2329.76),
(256,278,'2018-11-28',51308.62,'Cheque',0,0.0),
(257,278,'2017-09-27',60866.71,'Cheque',0,0.0),
(258,278,'2013-03-05',15458.02,'Cheque',0,0.0),
(259,377,'2014-04-13',19748.68,'Cheque',0,0.0),
(260,377,'2016-04-22',49055.52,'Cheque',0,0.0),
(261,377,'2014-02-15',58524.46,'Online',0,0.0),
(262,377,'2018-01-07',17893.6,'Online',0,0.0),
(263,377,'2014-09-15',70496.82,'Online',0,0.0),
(264,236,'2019-10-09',68026.06,'Cheque',1,1960.72),
(265,236,'2016-08-26',11179.82,'Cheque',0,0.0),
(266,236,'2015-10-15',45156.62,'Online',0,0.0),
(267,371,'2023-09-14',59377.87,'Cheque',0,0.0),
(268,371,'2016-04-23',74076.33,'Cash',0,0.0),
(269,371,'2021-05-18',73662.29,'Cash',0,0.0),
(270,108,'2024-01-16',40634.4,'Online',0,0.0),
(271,108,'2019-05-01',31165.14,'Cash',1,1916.17),
(272,108,'2023-07-01',33991.43,'Online',0,0.0),
(273,108,'2021-02-20',36323.06,'Cash',0,0.0),
(274,108,'2013-06-25',23046.67,'Cheque',1,1663.49),
(275,274,'2015-05-05',56598.58,'Cheque',0,0.0),
(276,274,'2022-05-04',10987.22,'Online',1,1690.35),
(277,274,'2019-04-24',13286.84,'Cheque',1,1932.3),
(278,197,'2017-12-02',41318.32,'Online',0,0.0),
(279,197,'2018-03-31',15808.99,'Cheque',0,0.0),
(280,197,'2015-06-10',23191.38,'Cheque',1,857.19),
(281,19,'2018-01-09',57032.14,'Online',0,0.0),
(282,19,'2022-08-03',74341.71,'Cash',0,0.0),
(283,19,'2023-03-03',23025.98,'Cash',0,0.0),
(284,19,'2022-02-19',53992.08,'Cash',1,994.01),
(285,338,'2017-05-26',21978.88,'Online',1,433.72),
(286,338,'2017-06-08',53507.24,'Cash',0,0.0),
(287,338,'2021-02-20',18823.41,'Cash',0,0.0),
(288,338,'2016-02-19',70531.88,'Cash',0,0.0),
(289,338,'2019-08-08',49931.37,'Online',1,1914.29),
(290,96,'2014-12-31',27902.36,'Online',0,0.0),
(291,374,'2016-05-12',11243.5,'Online',1,1226.13),
(292,160,'2013-09-10',14066.53,'Cash',1,2023.76),
(293,160,'2019-07-25',7200.53,'Online',1,784.92),
(294,160,'2015-02-16',32317.66,'Cheque',0,0.0),
(295,160,'2013-12-15',28215.47,'Cheque',0,0.0),
(296,352,'2024-05-12',29725.17,'Cheque',0,0.0),
(297,51,'2023-05-12',62711.39,'Cheque',1,290.76),
(298,51,'2021-02-08',74412.75,'Cheque',0,0.0),
(299,51,'2024-06-26',72527.61,'Cheque',1,2022.5),
(300,91,'2017-04-22',64403.92,'Online',1,2383.45),
(301,91,'2018-01-03',18886.61,'Online',0,0.0),
(302,91,'2019-03-27',40311.52,'Online',0,0.0),
(303,11,'2022-07-22',43103.74,'Cash',0,0.0),
(304,11,'2021-07-15',62185.83,'Online',1,1956.4),
(305,354,'2022-07-24',52877.26,'Cash',0,0.0),
(306,354,'2022-11-24',13667.46,'Cash',0,0.0),
(307,47,'2016-11-06',58672.68,'Online',0,0.0),
(308,47,'2024-02-12',44613.06,'Online',1,1282.59),
(309,47,'2022-10-19',24929.84,'Cash',0,0.0),
(310,182,'2021-01-25',61463.16,'Cheque',0,0.0),
(311,182,'2023-01-08',22124.51,'Cash',0,0.0),
(312,212,'2023-06-11',11360.52,'Online',0,0.0),
(313,212,'2015-01-11',64205.6,'Cheque',1,2095.27),
(314,212,'2017-11-01',61981.87,'Online',1,1783.73),
(315,212,'2021-07-05',71117.22,'Online',0,0.0),
(316,212,'2021-10-23',68839.4,'Online',0,0.0),
(317,330,'2017-09-13',50835.61,'Online',1,2098.08),
(318,72,'2014-03-02',30975.94,'Cash',1,207.49),
(319,72,'2017-07-21',66095.05,'Cash',0,0.0),
(320,72,'2017-01-15',30530.99,'Cheque',0,0.0),
(321,72,'2023-08-11',21897.2,'Cheque',0,0.0),
(322,309,'2014-05-25',16702.37,'Cash',1,1514.2),
(323,244,'2022-08-14',18269.1,'Online',0,0.0),
(324,244,'2023-05-29',68439.85,'Cheque',0,0.0),
(325,244,'2021-10-12',40756.78,'Cash',0,0.0),
(326,244,'2021-12-30',39949.08,'Cash',1,1448.88),
(327,18,'2014-06-16',17116.2,'Online',0,0.0),
(328,18,'2013-11-09',37639.49,'Online',0,0.0),
(329,129,'2014-02-21',68155.36,'Cheque',1,792.86),
(330,399,'2016-07-03',44451.38,'Online',0,0.0),
(331,399,'2017-04-06',9887.69,'Cheque',1,1894.69),
(332,399,'2018-10-10',8753.93,'Cash',0,0.0),
(333,269,'2018-10-08',19741.58,'Online',0,0.0),
(334,269,'2021-11-14',60377.09,'Online',1,802.22),
(335,56,'2022-04-06',64588.75,'Cash',0,0.0),
(336,255,'2021-01-22',66781.19,'Cash',0,0.0),
(337,255,'2017-02-22',59224.97,'Cash',0,0.0),
(338,255,'2013-12-05',23568.82,'Cash',0,0.0),
(339,255,'2016-09-02',68076.01,'Cash',0,0.0),
(340,300,'2021-12-01',38644.83,'Cash',0,0.0),
(341,386,'2014-09-28',22007.44,'Online',0,0.0),
(342,386,'2014-12-09',54600.01,'Cash',1,2266.07),
(343,386,'2014-01-27',28735.42,'Cheque',0,0.0),
(344,320,'2021-06-20',26383.93,'Cash',0,0.0),
(345,320,'2014-09-27',15576.85,'Cheque',0,0.0),
(346,320,'2021-01-28',47185.16,'Online',1,759.71),
(347,320,'2021-04-18',65000.95,'Online',0,0.0),
(348,198,'2023-11-22',33562.4,'Cheque',1,1582.3),
(349,170,'2017-09-07',44740.06,'Online',1,1662.78),
(350,170,'2024-04-03',72983.14,'Cheque',1,1382.14),
(351,170,'2021-05-08',33407.55,'Online',1,1455.84),
(352,170,'2022-07-08',29051.24,'Cash',0,0.0),
(353,170,'2014-11-26',6913.34,'Cheque',0,0.0),
(354,196,'2024-05-18',74942.49,'Online',0,0.0),
(355,196,'2020-01-24',13182.34,'Cash',0,0.0),
(356,196,'2017-02-04',73600.02,'Online',0,0.0),
(357,196,'2019-03-14',5994.45,'Cheque',1,1986.97),
(358,15,'2020-09-28',26300.56,'Cash',0,0.0),
(359,15,'2013-04-02',31410.72,'Cheque',1,2014.44),
(360,15,'2019-04-21',33169.63,'Cash',0,0.0),
(361,15,'2022-11-17',51873.75,'Cash',0,0.0),
(362,169,'2015-01-14',63781.99,'Online',1,2052.42),
(363,169,'2019-02-25',59415.43,'Cash',0,0.0),
(364,169,'2019-08-12',14459.94,'Online',0,0.0),
(365,191,'2024-02-04',18358.54,'Cheque',0,0.0),
(366,191,'2022-02-06',52636.25,'Online',0,0.0),
(367,191,'2019-05-30',14308.79,'Cheque',0,0.0),
(368,227,'2018-09-20',10878.51,'Cheque',0,0.0),
(369,218,'2022-03-28',39691.9,'Cash',0,0.0),
(370,218,'2018-06-19',49268.21,'Cheque',0,0.0),
(371,218,'2020-11-12',16195.2,'Cash',0,0.0),
(372,239,'2015-01-02',44162.34,'Online',1,1293.78),
(373,239,'2022-10-13',29226.51,'Cash',0,0.0),
(374,239,'2017-10-21',38384.44,'Online',1,1533.04),
(375,317,'2023-12-06',57862.85,'Online',0,0.0),
(376,317,'2021-12-12',69382.94,'Cash',0,0.0),
(377,204,'2016-10-27',70632.94,'Cheque',0,0.0),
(378,204,'2022-06-19',51100.94,'Online',0,0.0),
(379,204,'2019-05-25',51184.71,'Online',0,0.0),
(380,71,'2017-06-19',19720.79,'Cash',0,0.0),
(381,71,'2013-10-15',13758.82,'Online',0,0.0),
(382,179,'2019-02-23',9591.23,'Cash',0,0.0),
(383,179,'2015-01-29',51150.65,'Cash',1,1114.79),
(384,261,'2022-06-06',57086.41,'Cheque',1,669.67),
(385,207,'2015-12-27',25834.3,'Online',0,0.0),
(386,2,'2014-06-04',45064.78,'Cheque',0,0.0),
(387,2,'2017-12-23',57921.2,'Cash',0,0.0),
(388,2,'2019-04-10',54959.82,'Online',1,1240.28),
(389,228,'2013-05-17',14603.9,'Cash',0,0.0),
(390,228,'2018-03-28',49518.91,'Cash',0,0.0),
(391,228,'2019-11-04',43004.09,'Online',0,0.0),
(392,228,'2013-08-30',16342.2,'Cheque',0,0.0),
(393,228,'2015-11-21',46071.82,'Cash',0,0.0),
(394,107,'2022-01-01',74432.66,'Online',0,0.0),
(395,107,'2017-06-29',61291.22,'Online',0,0.0),
(396,23,'2023-08-13',35169.08,'Online',0,0.0),
(397,23,'2024-05-15',18478.19,'Cash',0,0.0),
(398,23,'2019-07-15',35903.68,'Online',0,0.0),
(399,68,'2016-05-09',46702.05,'Cheque',1,524.59),
(400,68,'2017-06-11',73567.62,'Online',1,1636.25),
(401,155,'2017-09-16',55640.08,'Cash',0,0.0),
(402,223,'2018-10-16',36354.55,'Cheque',0,0.0),
(403,223,'2016-09-10',61407.79,'Cheque',1,1447.36),
(404,223,'2016-02-04',12614.82,'Online',1,230.36),
(405,282,'2013-07-09',10657.95,'Cash',0,0.0),
(406,217,'2018-04-26',33886.38,'Cash',0,0.0),
(407,217,'2013-05-20',40902.68,'Cash',0,0.0),
(408,217,'2013-11-08',30258.17,'Online',0,0.0),
(409,217,'2015-03-12',11684.78,'Cash',0,0.0),
(410,217,'2016-09-13',57239.05,'Cheque',1,1590.86),
(411,64,'2015-06-09',5851.83,'Cheque',0,0.0),
(412,64,'2023-01-14',54602.22,'Online',0,0.0),
(413,64,'2019-05-26',45522.76,'Cash',0,0.0),
(414,48,'2022-07-24',33164.67,'Cheque',1,2278.12),
(415,192,'2021-09-01',30424.74,'Online',1,966.82),
(416,192,'2017-08-11',11827.28,'Cheque',0,0.0),
(417,192,'2014-05-08',5674.08,'Cash',0,0.0),
(418,192,'2017-08-11',46807.53,'Cheque',1,2349.31),
(419,337,'2023-05-11',51229.68,'Online',0,0.0),
(420,337,'2022-11-28',39280.18,'Cheque',1,2075.87),
(421,337,'2014-04-22',72243.94,'Online',0,0.0),
(422,337,'2023-08-14',73560.96,'Cheque',0,0.0),
(423,87,'2022-04-18',47124.5,'Online',0,0.0),
(424,87,'2014-07-05',41891.75,'Cash',0,0.0),
(425,87,'2022-11-09',40699.29,'Online',1,1772.89),
(426,87,'2015-10-10',65592.45,'Online',0,0.0),
(427,87,'2021-01-23',40900.07,'Cash',0,0.0),
(428,251,'2023-08-28',49791.45,'Cash',0,0.0),
(429,251,'2020-11-27',12070.51,'Cash',0,0.0),
(430,321,'2021-02-20',72925.38,'Online',1,2240.27),
(431,321,'2019-09-02',8128.13,'Online',0,0.0),
(432,321,'2017-06-26',72267.9,'Online',1,2494.09),
(433,321,'2015-09-11',58799.85,'Cheque',1,2185.3),
(434,144,'2018-10-28',53298.81,'Cheque',0,0.0),
(435,144,'2021-07-12',28656.39,'Cash',1,1648.23),
(436,144,'2021-03-20',42118.83,'Cheque',0,0.0),
(437,104,'2015-01-31',32629.64,'Cash',0,0.0),
(438,104,'2013-07-06',40697.73,'Cheque',0,0.0),
(439,104,'2016-10-27',45297.61,'Cheque',0,0.0),
(440,308,'2019-04-03',52547.76,'Cheque',1,1576.13),
(441,308,'2014-01-06',16108.91,'Cheque',0,0.0),
(442,281,'2019-06-25',67528.15,'Online',0,0.0),
(443,281,'2022-11-03',43203.31,'Cheque',0,0.0),
(444,281,'2021-04-01',65062.74,'Online',0,0.0),
(445,347,'2020-05-19',43986.83,'Cheque',0,0.0),
(446,347,'2021-10-27',35721.14,'Cash',0,0.0),
(447,347,'2024-06-11',27989.04,'Cheque',0,0.0),
(448,173,'2013-06-06',35958.1,'Cheque',0,0.0),
(449,173,'2018-01-01',56322.36,'Online',1,524.1),
(450,173,'2016-03-26',9390.08,'Online',0,0.0),
(451,173,'2023-04-20',13515.1,'Online',1,1914.25),
(452,173,'2015-10-22',5149.52,'Cheque',0,0.0),
(453,283,'2021-05-30',35181.95,'Cheque',0,0.0),
(454,283,'2014-11-17',64324.94,'Cash',0,0.0),
(455,283,'2015-09-28',61251.41,'Cash',1,2030.07),
(456,287,'2013-04-17',34069.79,'Cheque',0,0.0),
(457,287,'2015-12-22',41242.5,'Online',0,0.0),
(458,287,'2016-04-22',29877.02,'Cash',0,0.0),
(459,287,'2014-02-16',21980.14,'Cheque',0,0.0),
(460,287,'2022-05-06',43952.08,'Cheque',0,0.0),
(461,316,'2019-11-12',28814.85,'Cheque',0,0.0),
(462,316,'2016-10-24',58557.85,'Online',0,0.0),
(463,316,'2020-08-10',39000.01,'Online',0,0.0),
(464,316,'2023-04-15',14708.71,'Cheque',1,1410.33),
(465,128,'2015-05-28',32024.28,'Cheque',1,801.23),
(466,128,'2019-06-13',42624.67,'Cheque',1,978.29),
(467,128,'2018-04-13',14985.07,'Cheque',0,0.0),
(468,128,'2014-05-28',37581.29,'Online',0,0.0),
(469,128,'2023-07-26',8840.71,'Cash',0,0.0),
(470,53,'2013-10-09',22361.39,'Cash',1,1857.61),
(471,53,'2017-04-16',33627.98,'Cheque',0,0.0),
(472,53,'2017-02-21',28327.98,'Cash',0,0.0),
(473,53,'2022-12-29',30289.94,'Cash',0,0.0),
(474,258,'2019-10-08',50724.72,'Cheque',0,0.0),
(475,258,'2019-08-07',50141.7,'Cheque',0,0.0),
(476,258,'2019-09-20',65445.46,'Online',0,0.0),
(477,258,'2021-05-22',57307.33,'Cash',0,0.0),
(478,258,'2022-12-03',57552.91,'Cash',0,0.0),
(479,334,'2020-11-26',9905.98,'Online',1,387.07),
(480,334,'2016-01-07',54663.97,'Cheque',1,1160.42),
(481,334,'2019-11-26',40010.67,'Online',1,2473.97),
(482,334,'2015-12-03',58691.3,'Online',1,1895.58),
(483,334,'2021-08-31',73699.04,'Cash',0,0.0),
(484,162,'2016-05-14',67362.04,'Cash',0,0.0),
(485,162,'2022-05-03',30881.53,'Cash',1,2187.24),
(486,162,'2021-11-26',25684.2,'Cheque',1,885.09),
(487,329,'2022-07-27',61263.46,'Cash',1,1350.86),
(488,329,'2018-08-28',47941.09,'Online',1,2282.47),
(489,329,'2021-02-28',46194.82,'Cheque',1,1439.38),
(490,329,'2013-05-04',7302.88,'Cash',0,0.0),
(491,378,'2017-01-28',22553.1,'Online',0,0.0),
(492,378,'2016-09-30',17301.42,'Online',0,0.0),
(493,378,'2016-11-09',57513.77,'Online',1,1586.08),
(494,378,'2022-06-26',33985.6,'Cash',0,0.0),
(495,323,'2020-03-15',58856.74,'Cheque',0,0.0),
(496,323,'2024-01-11',13871.9,'Cash',0,0.0),
(497,323,'2013-07-12',63232.38,'Cash',0,0.0),
(498,323,'2020-07-17',60812.74,'Cheque',0,0.0),
(499,271,'2014-02-26',53133.98,'Cash',0,0.0),
(500,271,'2022-05-28',17347.25,'Online',1,1423.04),
(501,271,'2018-12-26',53863.52,'Online',0,0.0),
(502,271,'2024-03-11',26324.83,'Cash',0,0.0),
(503,165,'2015-10-24',44696.14,'Online',0,0.0),
(504,165,'2019-11-15',55771.37,'Cheque',1,662.94),
(505,167,'2013-07-04',45779.09,'Cheque',1,2464.67),
(506,353,'2016-06-15',34045.08,'Online',0,0.0),
(507,353,'2018-02-02',42680.52,'Online',1,2052.54),
(508,353,'2017-12-31',11194.02,'Cash',0,0.0),
(509,353,'2023-10-31',31188.0,'Online',0,0.0),
(510,226,'2018-09-02',62746.63,'Online',1,562.32),
(511,226,'2023-10-04',69518.67,'Cash',1,1296.81),
(512,226,'2020-06-09',52269.77,'Online',0,0.0),
(513,226,'2015-12-18',74628.7,'Online',0,0.0),
(514,226,'2013-12-25',29884.77,'Online',0,0.0),
(515,266,'2016-02-17',24801.69,'Online',1,2361.21),
(516,266,'2017-06-05',62322.48,'Online',1,2051.79),
(517,266,'2020-05-31',25161.24,'Online',1,2050.48),
(518,357,'2021-06-03',71743.43,'Online',0,0.0),
(519,357,'2021-01-28',19426.32,'Online',0,0.0),
(520,357,'2022-11-24',32086.77,'Cash',0,0.0),
(521,12,'2022-02-18',27088.06,'Online',1,1636.34),
(522,12,'2019-05-03',20072.29,'Cash',1,413.88),
(523,7,'2020-12-20',37284.55,'Online',0,0.0),
(524,168,'2020-02-01',12977.54,'Cheque',0,0.0),
(525,249,'2016-07-04',16009.97,'Online',0,0.0),
(526,183,'2016-08-09',40087.15,'Cheque',0,0.0),
(527,183,'2020-05-11',17763.85,'Cash',1,1080.64),
(528,183,'2020-07-17',64265.85,'Cash',0,0.0),
(529,183,'2015-07-29',8544.06,'Cheque',0,0.0),
(530,235,'2013-12-06',67326.46,'Cash',0,0.0),
(531,235,'2020-07-14',22635.04,'Online',0,0.0),
(532,235,'2021-09-09',54888.83,'Cash',1,1016.75),
(533,235,'2022-06-20',67944.93,'Cash',0,0.0),
(534,159,'2014-08-14',44398.06,'Online',0,0.0),
(535,66,'2019-02-03',64270.82,'Cash',0,0.0),
(536,66,'2013-09-18',49393.1,'Cheque',0,0.0),
(537,66,'2015-05-06',63706.07,'Online',0,0.0),
(538,66,'2019-01-30',71282.73,'Online',0,0.0),
(539,94,'2017-09-28',18878.99,'Cash',1,1441.01),
(540,94,'2020-07-30',40182.69,'Online',1,1097.26),
(541,184,'2019-10-29',55508.18,'Online',0,0.0),
(542,240,'2022-03-14',71531.09,'Online',0,0.0),
(543,240,'2014-10-15',15520.06,'Cheque',0,0.0),
(544,240,'2018-07-05',63001.84,'Cheque',0,0.0),
(545,240,'2021-05-31',15162.82,'Cash',1,1023.83),
(546,97,'2014-01-14',54006.25,'Online',0,0.0),
(547,97,'2019-10-18',69432.29,'Cheque',0,0.0),
(548,97,'2018-12-10',69104.81,'Online',0,0.0),
(549,99,'2018-12-20',21000.51,'Cheque',0,0.0),
(550,99,'2022-09-15',69636.6,'Cash',0,0.0),
(551,99,'2013-03-23',61793.99,'Cheque',1,749.85),
(552,63,'2020-04-27',65536.14,'Cheque',0,0.0),
(553,63,'2023-01-15',66909.81,'Online',0,0.0),
(554,63,'2017-06-05',67369.15,'Cash',1,201.69),
(555,348,'2017-06-11',21431.91,'Cash',0,0.0),
(556,348,'2018-08-08',23289.43,'Online',0,0.0),
(557,79,'2018-08-07',72939.96,'Cash',0,0.0),
(558,79,'2018-09-20',30753.63,'Online',1,1960.73),
(559,79,'2016-12-09',9401.15,'Cheque',1,812.23),
(560,79,'2019-08-30',56377.81,'Cheque',0,0.0),
(561,398,'2023-09-21',72978.3,'Online',0,0.0),
(562,398,'2017-01-06',64389.75,'Online',1,1362.29),
(563,176,'2021-03-31',35734.1,'Cheque',0,0.0),
(564,176,'2016-02-05',67062.76,'Cash',0,0.0),
(565,176,'2020-09-11',29771.7,'Online',0,0.0),
(566,176,'2016-11-30',14196.16,'Cash',0,0.0),
(567,176,'2014-03-02',61116.3,'Online',1,2222.27),
(568,134,'2018-02-19',40509.88,'Cash',1,437.56),
(569,134,'2018-09-02',54266.93,'Cheque',1,762.14),
(570,134,'2021-09-25',64796.21,'Cheque',0,0.0),
(571,134,'2014-06-09',7516.17,'Cheque',0,0.0),
(572,264,'2015-10-17',66473.51,'Cheque',0,0.0),
(573,264,'2019-12-15',61762.17,'Online',0,0.0),
(574,264,'2016-11-20',63690.35,'Cash',0,0.0),
(575,264,'2015-10-16',10532.09,'Cash',0,0.0),
(576,186,'2018-02-23',13552.08,'Cheque',0,0.0),
(577,186,'2019-12-12',67118.94,'Online',0,0.0),
(578,186,'2024-06-21',35748.52,'Online',0,0.0),
(579,114,'2022-05-27',27037.4,'Cash',0,0.0),
(580,225,'2015-01-21',29525.98,'Online',0,0.0),
(581,225,'2015-11-24',22165.34,'Online',1,1887.04),
(582,20,'2019-02-14',9011.78,'Cash',1,2194.58),
(583,20,'2018-11-05',9362.21,'Online',1,563.64),
(584,253,'2020-10-23',61212.86,'Cheque',0,0.0),
(585,253,'2018-09-05',54303.6,'Cash',1,1116.33),
(586,253,'2018-06-26',42185.3,'Cash',0,0.0),
(587,24,'2014-01-26',63631.68,'Cheque',0,0.0),
(588,24,'2024-04-02',64263.17,'Cash',0,0.0),
(589,24,'2023-03-22',15202.94,'Cash',1,1128.88),
(590,366,'2017-11-03',11115.86,'Cash',0,0.0),
(591,366,'2014-11-02',41473.33,'Cheque',0,0.0),
(592,366,'2013-09-12',72722.63,'Cheque',0,0.0),
(593,366,'2016-12-27',13873.51,'Online',0,0.0),
(594,366,'2017-10-28',53667.22,'Cash',1,2365.39),
(595,151,'2023-04-03',10185.04,'Cheque',0,0.0),
(596,151,'2024-03-06',23710.32,'Cash',1,620.81),
(597,93,'2023-11-23',61146.32,'Cheque',0,0.0),
(598,93,'2015-12-10',38675.21,'Online',1,609.09),
(599,93,'2017-04-30',49309.9,'Cheque',1,2127.91),
(600,367,'2017-03-26',70809.29,'Online',0,0.0),
(601,367,'2019-01-22',9529.25,'Cheque',0,0.0),
(602,37,'2023-04-06',72920.11,'Online',0,0.0),
(603,37,'2024-04-17',60041.01,'Cheque',1,1838.36),
(604,37,'2023-08-20',65373.46,'Online',0,0.0),
(605,231,'2018-05-11',48664.0,'Cheque',0,0.0),
(606,231,'2023-03-26',72551.45,'Cheque',0,0.0),
(607,231,'2018-04-26',35594.56,'Online',0,0.0),
(608,231,'2014-10-06',69547.49,'Online',0,0.0),
(609,231,'2024-04-10',56326.74,'Cash',0,0.0),
(610,3,'2016-04-08',56117.42,'Cash',0,0.0),
(611,3,'2016-11-11',27794.71,'Online',0,0.0),
(612,3,'2019-04-29',74156.2,'Online',1,370.86),
(613,3,'2024-06-11',57951.57,'Cash',0,0.0),
(614,111,'2014-08-27',40170.02,'Cheque',1,2295.04),
(615,111,'2021-10-13',5349.69,'Cheque',1,2112.41),
(616,111,'2024-05-27',38722.66,'Cheque',0,0.0),
(617,111,'2021-05-12',67249.4,'Cash',0,0.0),
(618,111,'2019-04-22',22652.27,'Cash',0,0.0),
(619,355,'2023-05-24',22760.03,'Online',0,0.0),
(620,355,'2016-08-04',10354.09,'Cash',0,0.0),
(621,34,'2021-08-29',5585.95,'Online',0,0.0),
(622,34,'2015-09-03',30420.47,'Cheque',0,0.0),
(623,328,'2013-05-05',54553.7,'Cheque',0,0.0),
(624,306,'2021-11-09',57700.41,'Online',0,0.0),
(625,306,'2018-12-14',20838.41,'Cheque',0,0.0),
(626,31,'2014-09-30',26089.93,'Cheque',1,1622.24),
(627,55,'2014-06-02',30624.3,'Cheque',0,0.0),
(628,55,'2015-08-13',40494.31,'Cash',0,0.0),
(629,379,'2018-08-12',71160.51,'Cheque',0,0.0),
(630,379,'2022-09-09',57346.62,'Cheque',1,1902.19),
(631,379,'2017-11-09',26847.8,'Cash',0,0.0),
(632,291,'2013-02-28',20808.84,'Cheque',1,758.29),
(633,291,'2020-06-01',8206.03,'Cheque',0,0.0),
(634,291,'2020-04-25',42016.15,'Cash',1,780.87),
(635,291,'2016-09-04',62476.32,'Cash',0,0.0),
(636,245,'2014-07-24',58867.1,'Cheque',0,0.0),
(637,245,'2016-01-17',68418.24,'Online',1,737.67),
(638,39,'2023-08-15',47396.72,'Cash',0,0.0),
(639,39,'2023-03-10',52485.4,'Cash',1,1063.65),
(640,39,'2015-10-06',60906.28,'Cash',0,0.0),
(641,39,'2018-09-05',70312.81,'Cash',1,1029.35),
(642,39,'2014-01-28',20364.65,'Cash',0,0.0),
(643,41,'2018-01-12',18092.25,'Cash',0,0.0),
(644,41,'2019-05-31',21750.76,'Cheque',1,1691.6),
(645,41,'2016-02-07',14810.13,'Cash',0,0.0),
(646,10,'2017-02-07',24721.59,'Cheque',1,1575.89),
(647,10,'2015-04-13',43324.44,'Online',1,2040.05),
(648,10,'2022-07-18',57495.25,'Cheque',0,0.0),
(649,171,'2023-04-17',12004.98,'Cheque',0,0.0),
(650,171,'2017-12-20',25077.87,'Cheque',1,206.84),
(651,171,'2013-01-04',43216.0,'Cheque',1,1715.57),
(652,171,'2015-11-29',61889.82,'Cheque',0,0.0),
(653,383,'2020-05-31',37281.96,'Cash',0,0.0),
(654,149,'2019-09-26',39533.55,'Online',1,939.84),
(655,149,'2023-03-03',69090.8,'Online',0,0.0),
(656,149,'2014-05-03',52451.08,'Online',1,356.14),
(657,242,'2021-11-19',66900.32,'Cash',0,0.0),
(658,242,'2023-12-07',67059.81,'Online',0,0.0),
(659,242,'2024-04-21',13394.47,'Cash',0,0.0),
(660,242,'2020-11-27',57793.59,'Online',0,0.0),
(661,242,'2019-05-12',48993.75,'Cash',0,0.0),
(662,351,'2015-08-29',35410.65,'Cash',0,0.0),
(663,284,'2021-01-01',26608.78,'Online',0,0.0),
(664,284,'2019-06-08',41754.25,'Online',0,0.0),
(665,284,'2018-07-12',37671.73,'Cheque',0,0.0),
(666,284,'2013-01-01',50308.27,'Cheque',0,0.0),
(667,50,'2023-05-01',22743.14,'Cash',0,0.0),
(668,50,'2019-10-23',66594.84,'Cheque',0,0.0),
(669,50,'2013-12-14',51776.36,'Cash',0,0.0),
(670,396,'2021-03-27',30818.32,'Cash',1,1298.66),
(671,396,'2018-05-27',45231.12,'Cheque',1,2388.02),
(672,396,'2021-08-14',62880.14,'Cash',1,2361.67),
(673,387,'2020-06-07',8737.72,'Online',0,0.0),
(674,387,'2015-07-24',7841.89,'Cash',0,0.0),
(675,387,'2022-03-31',14096.64,'Cheque',0,0.0),
(676,315,'2019-10-24',17809.4,'Cheque',0,0.0),
(677,315,'2016-08-17',73133.01,'Cheque',1,2340.53),
(678,215,'2018-11-11',45478.56,'Cash',0,0.0),
(679,400,'2020-06-06',20655.51,'Online',0,0.0),
(680,303,'2016-11-09',63532.98,'Online',0,0.0),
(681,303,'2014-06-12',70400.68,'Online',1,1666.94),
(682,391,'2014-12-13',20765.94,'Cheque',0,0.0),
(683,384,'2018-12-02',17801.56,'Cash',0,0.0),
(684,384,'2024-04-12',10945.25,'Cheque',1,1429.61),
(685,384,'2015-05-21',51069.97,'Online',1,220.97),
(686,384,'2022-03-31',34052.02,'Cash',1,2377.73),
(687,384,'2022-03-19',31219.08,'Cheque',1,1775.16),
(688,397,'2018-06-24',28125.62,'Cash',0,0.0),
(689,397,'2014-08-02',36872.56,'Cash',0,0.0),
(690,397,'2017-09-08',71758.44,'Cash',1,806.13),
(691,238,'2020-08-27',26999.52,'Cash',1,662.05),
(692,238,'2013-12-17',19193.8,'Online',0,0.0),
(693,238,'2019-06-11',67756.58,'Online',0,0.0),
(694,370,'2014-07-10',32691.59,'Cheque',0,0.0),
(695,370,'2021-11-08',20433.35,'Online',0,0.0),
(696,370,'2023-07-19',65596.05,'Cash',1,337.09),
(697,370,'2020-09-23',34476.25,'Online',0,0.0),
(698,370,'2017-10-09',64097.6,'Online',0,0.0),
(699,28,'2021-06-08',9921.41,'Cheque',1,366.01),
(700,369,'2022-02-04',37148.74,'Online',0,0.0),
(701,369,'2023-01-19',15014.13,'Online',0,0.0),
(702,369,'2021-08-18',40266.95,'Cash',0,0.0),
(703,369,'2016-07-13',30163.22,'Online',0,0.0),
(704,369,'2016-04-12',25598.91,'Online',0,0.0),
(705,202,'2019-08-29',53682.05,'Cheque',0,0.0),
(706,202,'2019-07-15',28917.24,'Online',0,0.0),
(707,202,'2023-07-16',20863.15,'Cash',1,914.18),
(708,202,'2020-01-21',21226.58,'Cheque',0,0.0),
(709,220,'2013-03-29',51338.95,'Online',0,0.0),
(710,220,'2020-06-01',40731.25,'Online',1,551.19),
(711,220,'2015-10-01',72990.11,'Cash',1,741.61),
(712,220,'2013-05-12',45030.32,'Cash',1,2287.74),
(713,385,'2015-10-12',43054.34,'Cash',0,0.0),
(714,385,'2024-03-29',10000.27,'Cheque',0,0.0),
(715,385,'2013-03-28',38957.57,'Online',0,0.0),
(716,385,'2014-03-06',48537.82,'Cash',0,0.0),
(717,342,'2020-08-10',60807.61,'Online',0,0.0),
(718,336,'2018-08-20',57598.74,'Cash',0,0.0),
(719,336,'2024-03-24',43355.44,'Cash',0,0.0),
(720,336,'2016-02-23',28086.58,'Online',1,2393.98),
(721,350,'2023-05-30',14856.79,'Cash',0,0.0),
(722,350,'2017-04-23',29694.08,'Online',0,0.0),
(723,350,'2024-06-25',36377.22,'Online',1,2332.5),
(724,350,'2015-09-03',33087.0,'Cash',0,0.0),
(725,350,'2014-03-21',70839.77,'Online',1,2077.37),
(726,361,'2023-07-07',73143.92,'Online',0,0.0),
(727,361,'2024-03-13',27434.54,'Cash',1,475.08),
(728,361,'2013-02-07',31706.6,'Cash',0,0.0),
(729,361,'2015-07-07',40136.31,'Cheque',0,0.0),
(730,16,'2019-10-02',10458.02,'Cash',1,1114.86),
(731,16,'2016-06-02',8940.35,'Online',0,0.0),
(732,203,'2016-07-27',36650.99,'Cash',0,0.0),
(733,203,'2018-01-01',22694.9,'Cash',0,0.0),
(734,203,'2022-08-24',52871.75,'Online',0,0.0),
(735,203,'2022-02-18',59977.07,'Online',0,0.0),
(736,203,'2019-05-18',32247.51,'Online',0,0.0),
(737,393,'2018-06-14',43905.16,'Online',1,1708.67),
(738,393,'2016-01-06',71673.03,'Cheque',1,1821.95),
(739,393,'2022-02-10',40586.58,'Online',0,0.0),
(740,393,'2015-10-16',7994.74,'Cash',0,0.0),
(741,298,'2014-03-14',21201.83,'Online',1,2249.9),
(742,298,'2014-02-27',33482.92,'Online',0,0.0),
(743,154,'2014-05-29',35398.24,'Online',0,0.0),
(744,154,'2018-01-20',21781.3,'Cheque',1,2436.71),
(745,154,'2016-09-10',53207.78,'Cash',1,2118.27),
(746,388,'2020-01-25',10711.1,'Cash',0,0.0),
(747,388,'2018-06-25',25501.18,'Online',0,0.0),
(748,279,'2020-05-21',44962.43,'Cash',0,0.0),
(749,279,'2017-03-22',35495.48,'Online',0,0.0),
(750,118,'2013-01-16',27281.07,'Online',0,0.0),
(751,118,'2016-11-03',5414.91,'Cheque',0,0.0),
(752,118,'2021-03-29',27063.34,'Cheque',0,0.0),
(753,118,'2016-11-03',32382.28,'Online',1,1092.02),
(754,224,'2015-04-24',20205.26,'Cheque',0,0.0),
(755,224,'2023-08-17',8584.43,'Cheque',0,0.0),
(756,224,'2015-11-09',57203.62,'Cheque',0,0.0),
(757,224,'2020-05-17',17075.3,'Online',1,295.14),
(758,224,'2024-04-10',14620.35,'Cash',0,0.0),
(759,301,'2023-10-25',10493.14,'Online',0,0.0),
(760,301,'2021-10-11',25750.51,'Online',0,0.0),
(761,301,'2015-12-28',56947.46,'Cheque',1,261.27),
(762,332,'2016-05-28',17895.2,'Cash',0,0.0),
(763,247,'2015-07-27',63446.37,'Cheque',0,0.0),
(764,247,'2023-12-28',70854.14,'Cash',1,832.61),
(765,247,'2021-05-25',27859.56,'Cash',0,0.0),
(766,247,'2020-01-31',21282.78,'Cash',0,0.0),
(767,59,'2021-03-21',58894.77,'Cheque',0,0.0),
(768,59,'2016-10-14',62826.78,'Cheque',0,0.0),
(769,88,'2021-06-22',33887.12,'Online',1,2178.72),
(770,88,'2016-03-21',59717.46,'Cash',0,0.0),
(771,88,'2018-11-17',18957.91,'Cash',0,0.0),
(772,88,'2022-05-29',58208.34,'Cash',0,0.0),
(773,147,'2016-12-13',65757.74,'Cheque',1,604.88),
(774,147,'2017-08-06',40909.0,'Online',1,304.9),
(775,175,'2016-02-23',67845.33,'Cheque',0,0.0),
(776,175,'2021-12-13',67463.74,'Cash',1,203.18),
(777,216,'2016-04-15',36977.94,'Cheque',0,0.0),
(778,216,'2015-06-06',29313.0,'Cash',1,951.37),
(779,216,'2024-03-21',47608.11,'Online',0,0.0),
(780,233,'2024-05-12',8648.2,'Online',0,0.0),
(781,74,'2022-05-21',41801.81,'Online',0,0.0),
(782,74,'2013-06-08',49660.53,'Cheque',1,2137.4),
(783,100,'2016-10-23',56062.46,'Cash',0,0.0),
(784,100,'2016-11-06',60697.05,'Cheque',0,0.0),
(785,100,'2017-07-01',18649.92,'Cheque',1,2134.69),
(786,100,'2020-05-30',47459.33,'Cheque',1,1686.11),
(787,100,'2014-01-06',37249.18,'Online',0,0.0),
(788,122,'2019-12-04',30944.64,'Online',1,825.04),
(789,122,'2018-06-12',43511.59,'Cash',0,0.0),
(790,310,'2020-05-29',33044.59,'Cheque',0,0.0),
(791,310,'2024-02-01',26995.92,'Cash',0,0.0),
(792,310,'2017-04-13',5874.95,'Cheque',0,0.0),
(793,178,'2023-08-10',7963.36,'Online',0,0.0),
(794,178,'2021-02-25',48397.19,'Online',1,1749.26),
(795,178,'2015-06-25',61266.68,'Online',1,1787.83),
(796,178,'2018-08-07',28313.88,'Cash',1,505.11),
(797,83,'2019-12-27',59258.76,'Online',1,430.36),
(798,17,'2017-01-09',16244.42,'Cheque',0,0.0),
(799,65,'2018-08-09',64892.5,'Cheque',0,0.0),
(800,65,'2015-01-27',40123.74,'Cash',0,0.0),
(801,153,'2024-02-18',33449.74,'Cash',0,0.0),
(802,153,'2013-03-02',47537.6,'Online',0,0.0),
(803,153,'2018-04-19',25627.12,'Online',0,0.0),
(804,153,'2013-10-04',16464.31,'Cheque',0,0.0),
(805,153,'2016-03-07',67996.91,'Cheque',1,322.27),
(806,36,'2024-05-24',17971.95,'Cheque',0,0.0),
(807,36,'2016-01-27',40118.93,'Cheque',0,0.0),
(808,36,'2016-06-30',30919.82,'Online',0,0.0),
(809,36,'2020-10-28',6151.29,'Cheque',0,0.0),
(810,36,'2022-01-02',63884.16,'Online',0,0.0),
(811,8,'2016-07-17',32802.46,'Online',0,0.0),
(812,8,'2017-04-23',20747.88,'Cheque',0,0.0),
(813,296,'2013-07-22',13773.78,'Cheque',0,0.0),
(814,296,'2023-02-03',22189.68,'Cash',1,1809.92),
(815,260,'2014-01-27',11320.35,'Cash',0,0.0),
(816,260,'2020-09-10',25619.34,'Online',1,2443.05),
(817,356,'2017-10-16',60829.38,'Cash',1,762.91),
(818,356,'2018-10-12',62637.3,'Cash',0,0.0),
(819,356,'2016-04-13',53668.88,'Online',1,747.43),
(820,356,'2015-08-13',22582.45,'Online',0,0.0),
(821,356,'2019-03-09',10120.98,'Online',0,0.0),
(822,187,'2019-11-21',7141.76,'Online',1,719.26),
(823,187,'2018-03-17',6817.46,'Cheque',1,1162.36),
(824,187,'2022-05-09',50144.43,'Online',0,0.0),
(825,187,'2021-08-01',52609.04,'Online',0,0.0),
(826,9,'2023-11-02',71361.39,'Cash',1,2417.5),
(827,9,'2017-05-04',53544.87,'Cash',0,0.0),
(828,164,'2015-01-07',53675.24,'Cash',0,0.0),
(829,164,'2017-01-10',8464.87,'Cheque',1,1751.45),
(830,164,'2014-02-06',13904.36,'Online',0,0.0),
(831,29,'2020-04-24',57698.92,'Cheque',0,0.0),
(832,58,'2015-01-29',56811.82,'Cash',0,0.0),
(833,58,'2023-05-16',28898.26,'Cheque',1,458.84),
(834,58,'2022-06-22',58212.83,'Cheque',0,0.0),
(835,58,'2018-11-15',15371.64,'Online',1,1412.57),
(836,275,'2019-03-08',58079.84,'Cheque',0,0.0),
(837,275,'2022-12-23',13270.57,'Cheque',0,0.0),
(838,275,'2022-07-19',6589.12,'Cheque',1,1376.63),
(839,257,'2023-05-02',32908.92,'Cheque',0,0.0),
(840,257,'2019-12-27',62458.12,'Cash',0,0.0),
(841,257,'2022-08-01',41981.96,'Online',1,259.4),
(842,257,'2017-02-10',9296.42,'Cheque',0,0.0),
(843,257,'2021-07-23',65569.58,'Cash',0,0.0),
(844,294,'2019-06-30',68872.19,'Cash',1,2323.09),
(845,294,'2014-10-25',11658.92,'Cheque',1,1325.52),
(846,294,'2023-06-13',35077.61,'Online',0,0.0),
(847,294,'2016-10-28',58090.93,'Online',0,0.0),
(848,344,'2018-08-15',66101.47,'Cheque',0,0.0),
(849,60,'2020-08-23',15482.88,'Cash',1,1434.79),
(850,60,'2019-07-25',66566.38,'Cheque',0,0.0),
(851,60,'2017-06-14',14107.76,'Cash',0,0.0),
(852,60,'2020-06-05',20105.67,'Cash',0,0.0),
(853,60,'2020-04-29',17076.02,'Cheque',1,1167.74),
(854,362,'2023-09-27',65146.2,'Cheque',0,0.0),
(855,362,'2020-02-04',31438.28,'Cash',0,0.0),
(856,311,'2013-06-29',60903.42,'Online',0,0.0),
(857,311,'2023-11-07',66640.51,'Online',0,0.0),
(858,311,'2020-06-02',42333.32,'Cash',0,0.0),
(859,311,'2023-06-27',72292.46,'Cash',0,0.0),
(860,312,'2013-01-12',8896.08,'Online',0,0.0),
(861,230,'2013-07-17',30486.84,'Online',1,2363.23),
(862,230,'2023-06-29',48238.07,'Cheque',0,0.0),
(863,230,'2022-10-21',74921.08,'Cheque',1,393.54),
(864,326,'2021-03-24',20453.27,'Cash',0,0.0),
(865,326,'2023-01-22',34131.07,'Cash',0,0.0),
(866,326,'2018-02-26',42212.97,'Cheque',0,0.0),
(867,326,'2015-02-14',33975.09,'Online',0,0.0),
(868,326,'2022-08-27',53771.85,'Cheque',0,0.0),
(869,360,'2024-01-17',7710.99,'Cheque',0,0.0),
(870,166,'2020-04-05',61810.65,'Online',1,1719.68),
(871,166,'2015-07-10',35153.31,'Cash',0,0.0),
(872,166,'2019-08-05',72650.42,'Online',0,0.0),
(873,166,'2018-07-04',42620.48,'Online',0,0.0),
(874,363,'2016-11-07',39255.78,'Cash',0,0.0),
(875,363,'2022-09-25',50982.16,'Cash',0,0.0),
(876,363,'2017-11-10',10382.74,'Cheque',0,0.0),
(877,363,'2019-09-26',42221.98,'Online',0,0.0),
(878,363,'2018-05-22',74818.07,'Cheque',1,1792.6),
(879,156,'2022-09-21',47562.03,'Cash',0,0.0),
(880,156,'2022-07-29',15898.31,'Cheque',0,0.0),
(881,156,'2021-07-04',58744.14,'Cheque',0,0.0),
(882,131,'2019-12-04',8779.63,'Cash',0,0.0),
(883,131,'2015-02-28',26050.27,'Cash',0,0.0),
(884,131,'2016-12-18',58831.32,'Cheque',0,0.0),
(885,131,'2013-08-24',29950.64,'Cash',0,0.0),
(886,131,'2014-11-12',54826.6,'Online',0,0.0),
(887,270,'2024-05-04',15540.04,'Cash',0,0.0),
(888,270,'2015-07-18',51111.98,'Cash',0,0.0),
(889,270,'2024-05-28',20456.26,'Online',1,724.98),
(890,270,'2019-10-29',67608.32,'Cash',0,0.0),
(891,270,'2014-07-04',38101.63,'Online',0,0.0),
(892,210,'2017-12-11',16311.64,'Online',1,462.08),
(893,210,'2014-09-18',33305.43,'Cheque',0,0.0),
(894,210,'2016-08-30',33049.63,'Online',1,1502.47),
(895,210,'2024-06-27',41195.8,'Cash',1,1009.74),
(896,210,'2018-09-01',56870.95,'Cheque',1,1882.47),
(897,140,'2023-06-07',11161.28,'Cash',0,0.0),
(898,140,'2023-06-04',64445.24,'Cash',1,2280.48),
(899,61,'2017-01-14',12761.88,'Online',0,0.0),
(900,42,'2014-06-23',13126.81,'Cash',0,0.0),
(901,42,'2017-07-10',45714.47,'Cheque',0,0.0),
(902,42,'2016-11-25',61516.83,'Online',0,0.0),
(903,42,'2021-06-13',16216.79,'Cheque',1,610.69),
(904,42,'2015-04-15',22948.43,'Cheque',0,0.0),
(905,26,'2020-06-22',52712.67,'Online',0,0.0),
(906,26,'2020-12-31',6990.39,'Online',1,1513.63),
(907,26,'2015-09-05',71275.25,'Cash',0,0.0),
(908,26,'2018-06-09',68144.62,'Cheque',0,0.0),
(909,117,'2021-05-06',31272.32,'Cash',1,550.27),
(910,335,'2018-10-08',69466.54,'Online',1,2386.6),
(911,335,'2015-07-11',12762.65,'Cheque',1,1466.98),
(912,335,'2022-06-27',31849.27,'Online',0,0.0),
(913,335,'2016-10-22',43297.26,'Online',0,0.0),
(914,335,'2024-05-16',62387.18,'Cash',0,0.0),
(915,33,'2016-11-13',47229.6,'Cheque',0,0.0),
(916,33,'2021-01-23',42644.99,'Online',0,0.0),
(917,33,'2017-11-18',69945.38,'Online',0,0.0),
(918,33,'2022-01-26',48239.76,'Online',0,0.0),
(919,33,'2017-04-12',47978.56,'Online',0,0.0),
(920,380,'2014-09-22',39721.22,'Cheque',0,0.0),
(921,380,'2020-05-20',44571.59,'Cash',0,0.0),
(922,380,'2017-11-17',63378.71,'Cash',0,0.0),
(923,145,'2017-08-04',55997.39,'Online',1,2143.06),
(924,145,'2017-09-07',56327.89,'Cash',0,0.0),
(925,145,'2019-11-03',72720.79,'Cash',0,0.0),
(926,145,'2017-12-10',74380.11,'Online',1,1971.68),
(927,304,'2021-04-30',33386.81,'Cash',1,786.16),
(928,304,'2014-02-02',51368.91,'Online',0,0.0),
(929,304,'2013-09-19',62495.54,'Online',0,0.0),
(930,304,'2016-03-13',34850.84,'Cash',0,0.0),
(931,304,'2016-11-30',64593.56,'Online',0,0.0),
(932,327,'2021-09-26',33677.19,'Online',0,0.0),
(933,327,'2021-11-07',54947.91,'Cheque',1,1042.45),
(934,327,'2016-10-05',29751.09,'Online',0,0.0),
(935,327,'2021-01-30',43616.59,'Cheque',0,0.0),
(936,30,'2017-11-14',18441.29,'Online',0,0.0),
(937,30,'2015-12-29',40458.22,'Cash',0,0.0),
(938,30,'2018-11-14',65081.97,'Cash',1,971.77),
(939,259,'2023-02-27',6552.21,'Cheque',1,1992.93),
(940,259,'2017-09-14',62156.44,'Cash',0,0.0),
(941,259,'2015-06-10',44940.54,'Cash',0,0.0),
(942,259,'2022-02-27',56066.17,'Online',0,0.0),
(943,259,'2019-07-11',26649.81,'Online',0,0.0),
(944,116,'2015-02-09',31493.45,'Cheque',0,0.0),
(945,116,'2014-12-20',30522.15,'Online',0,0.0),
(946,116,'2023-05-28',16434.93,'Cheque',0,0.0),
(947,44,'2017-07-23',71439.35,'Cheque',0,0.0),
(948,44,'2016-10-10',15539.08,'Online',0,0.0),
(949,85,'2014-12-04',32048.43,'Cheque',1,1470.47),
(950,85,'2020-06-10',27796.58,'Cheque',0,0.0),
(951,85,'2022-03-15',34265.28,'Cheque',0,0.0),
(952,85,'2019-12-01',67620.55,'Online',1,586.01),
(953,389,'2023-05-13',28990.96,'Online',0,0.0),
(954,389,'2013-04-12',33167.7,'Cheque',0,0.0),
(955,343,'2019-02-01',9406.99,'Online',0,0.0),
(956,343,'2016-07-24',56249.6,'Cheque',0,0.0),
(957,343,'2013-03-19',34332.81,'Cash',0,0.0),
(958,343,'2016-04-14',17129.48,'Online',0,0.0),
(959,343,'2016-03-07',50775.32,'Online',1,1359.04),
(960,119,'2014-01-25',15853.78,'Cash',1,687.99),
(961,277,'2020-03-10',65416.41,'Online',0,0.0),
(962,277,'2023-11-17',65133.83,'Cash',1,708.26),
(963,277,'2022-03-17',7078.92,'Online',0,0.0),
(964,322,'2019-12-24',24934.31,'Cheque',0,0.0),
(965,322,'2024-03-09',43813.72,'Cash',1,877.67),
(966,322,'2019-01-17',56060.75,'Cheque',0,0.0),
(967,322,'2023-11-12',37519.96,'Online',0,0.0),
(968,322,'2018-08-06',6626.74,'Cash',0,0.0),
(969,80,'2015-04-05',34235.64,'Online',1,670.82),
(970,80,'2013-09-25',46556.65,'Cash',0,0.0),
(971,80,'2013-08-03',41363.62,'Cheque',0,0.0),
(972,80,'2017-06-26',59738.82,'Cheque',1,1797.23),
(973,292,'2020-04-15',43065.02,'Cash',0,0.0),
(974,292,'2021-05-03',18829.45,'Cash',1,1208.67),
(975,292,'2014-07-10',39291.23,'Cheque',0,0.0),
(976,292,'2014-09-03',16748.02,'Online',0,0.0),
(977,292,'2022-06-05',57633.8,'Cash',0,0.0),
(978,359,'2015-12-22',49229.06,'Online',0,0.0),
(979,359,'2014-09-24',28378.51,'Online',0,0.0),
(980,359,'2020-05-25',55498.77,'Online',0,0.0),
(981,314,'2017-08-22',26065.15,'Online',0,0.0),
(982,232,'2013-11-30',58509.11,'Cheque',0,0.0),
(983,232,'2016-03-13',53701.91,'Online',1,2252.99),
(984,232,'2013-03-25',30718.61,'Cheque',0,0.0),
(985,232,'2020-08-29',50498.54,'Cheque',1,2386.5),
(986,232,'2021-10-12',38681.89,'Cash',1,1157.35),
(987,201,'2020-10-25',73888.36,'Cheque',0,0.0),
(988,201,'2022-06-05',67819.37,'Online',1,2175.98),
(989,201,'2016-07-15',47379.98,'Online',0,0.0),
(990,46,'2017-06-20',40039.88,'Online',1,1890.79),
(991,46,'2014-08-31',38940.5,'Online',0,0.0),
(992,46,'2023-06-29',47357.52,'Online',0,0.0),
(993,40,'2020-07-20',64978.93,'Online',0,0.0),
(994,40,'2022-08-08',9891.57,'Cash',0,0.0),
(995,40,'2017-04-28',6273.39,'Cash',1,1501.76),
(996,40,'2018-03-05',49747.2,'Online',0,0.0),
(997,188,'2018-06-06',22030.58,'Cash',0,0.0),
(998,188,'2014-02-25',53009.32,'Cash',0,0.0),
(999,188,'2020-04-22',5737.35,'Cash',0,0.0),
(1000,127,'2013-05-13',33288.08,'Online',0,0.0),
(1001,127,'2023-10-06',73111.67,'Cheque',0,0.0),
(1002,346,'2020-11-15',66408.55,'Online',1,1836.78),
(1003,346,'2014-02-01',57761.27,'Cash',0,0.0),
(1004,346,'2021-04-28',13077.2,'Cheque',1,1604.96),
(1005,346,'2016-02-07',58595.88,'Cash',0,0.0),
(1006,193,'2021-01-15',43454.01,'Cash',0,0.0),
(1007,193,'2018-04-05',60645.38,'Cash',0,0.0),
(1008,382,'2017-07-21',34015.74,'Online',0,0.0),
(1009,157,'2014-10-07',42722.81,'Cheque',0,0.0),
(1010,157,'2023-03-17',60242.88,'Cash',0,0.0),
(1011,157,'2013-10-17',26808.98,'Online',0,0.0),
(1012,157,'2014-03-08',58367.47,'Online',1,1287.6),
(1013,157,'2023-08-01',32771.08,'Cash',0,0.0),
(1014,143,'2014-12-30',53668.33,'Cheque',1,606.26),
(1015,143,'2019-07-26',8539.12,'Online',0,0.0),
(1016,143,'2020-10-16',22111.65,'Online',0,0.0),
(1017,143,'2022-01-11',28986.48,'Online',1,1048.36),
(1018,136,'2022-11-22',36374.83,'Online',0,0.0),
(1019,136,'2018-09-26',68952.6,'Cash',1,988.04),
(1020,136,'2020-12-05',25997.89,'Online',1,2262.68),
(1021,136,'2024-05-16',34217.24,'Cheque',1,776.32),
(1022,136,'2023-04-26',67385.79,'Cheque',0,0.0),
(1023,57,'2016-05-10',53113.77,'Cash',0,0.0),
(1024,57,'2015-02-21',53217.65,'Cash',0,0.0),
(1025,57,'2013-08-01',23981.98,'Cash',0,0.0),
(1026,234,'2013-02-25',54787.31,'Cash',0,0.0),
(1027,331,'2019-10-01',45158.07,'Online',1,1149.93),
(1028,13,'2019-08-13',46679.9,'Cash',0,0.0),
(1029,195,'2017-07-20',23596.71,'Cheque',0,0.0),
(1030,195,'2013-03-12',31457.35,'Online',0,0.0),
(1031,195,'2022-07-13',70165.45,'Online',1,1264.78),
(1032,195,'2014-04-09',61576.97,'Cheque',0,0.0),
(1033,195,'2018-05-27',7596.65,'Cash',1,915.44),
(1034,250,'2023-05-24',51339.94,'Online',0,0.0),
(1035,250,'2017-11-12',62238.71,'Cash',0,0.0),
(1036,286,'2017-12-08',64668.51,'Cheque',0,0.0),
(1037,375,'2013-10-22',42709.26,'Cheque',0,0.0),
(1038,375,'2021-01-07',12159.4,'Cheque',0,0.0),
(1039,375,'2017-07-19',57014.4,'Cash',0,0.0),
(1040,229,'2021-06-04',9563.73,'Cash',1,637.11),
(1041,229,'2019-09-29',58496.93,'Online',0,0.0),
(1042,174,'2015-08-23',38103.06,'Online',0,0.0),
(1043,174,'2021-05-25',54511.11,'Cash',0,0.0),
(1044,285,'2023-02-09',42720.8,'Online',0,0.0),
(1045,285,'2017-05-30',27187.65,'Online',1,1516.47),
(1046,285,'2014-11-03',7206.82,'Cash',0,0.0),
(1047,285,'2023-11-22',54101.85,'Cheque',1,1089.22),
(1048,285,'2014-09-11',36435.0,'Online',0,0.0),
(1049,293,'2022-07-31',48263.27,'Cash',0,0.0),
(1050,293,'2020-12-08',57713.42,'Online',0,0.0),
(1051,293,'2015-09-29',22122.39,'Cheque',0,0.0),
(1052,105,'2017-10-12',34954.93,'Cheque',0,0.0),
(1053,105,'2016-08-16',15617.05,'Online',1,696.07),
(1054,276,'2022-12-12',9721.96,'Cash',0,0.0),
(1055,276,'2017-01-05',54576.19,'Online',1,1848.3);

Select * From loan_payments;

-- ================================
-- INSERT Transactions
-- ================================
INSERT INTO transactions (txn_id,account_id,txn_date,txn_type,amount,balance_after,channel,description) VALUES
(1,243,'2018-08-07','Transfer',324261.72,2509566.95,'Internet Banking','Online purchase'),
(2,38,'2018-06-28','Withdraw',333618.37,1147727.43,'ATM','Utility bill'),
(3,335,'2022-08-10','Transfer',196249.29,1582196.17,'Mobile App','Bonus credit'),
(4,553,'2022-09-02','Withdraw',233312.1,3001749.8,'Internet Banking','Online purchase'),
(5,221,'2019-04-11','Withdraw',229878.54,2933961.23,'Branch','Salary credit'),
(6,94,'2020-04-07','Transfer',73569.13,3915051.55,'ATM','Utility bill'),
(7,573,'2018-03-03','Transfer',199146.95,3279507.51,'Internet Banking','Cash deposit'),
(8,557,'2023-11-22','Withdraw',248645.2,1440310.28,'Branch','Dividend'),
(9,549,'2019-05-22','Deposit',76913.95,323145.32,'ATM','Fuel'),
(10,74,'2022-06-05','Withdraw',108921.18,2390484.9,'Internet Banking','Salary credit'),
(11,208,'2021-04-20','Transfer',139563.16,2881285.83,'Mobile App','Salary credit'),
(12,332,'2021-03-02','Transfer',35466.5,1350963.99,'Mobile App','Rent payment'),
(13,556,'2022-11-17','Withdraw',158582.94,3225284.83,NULL,'Utility bill'),
(14,51,'2024-01-07','Transfer',146018.95,2745752.15,'Branch','Salary credit'),
(15,432,'2018-08-13','Deposit',213415.45,558068.22,NULL,'Rent payment'),
(16,397,'2020-07-05','Transfer',43372.34,3756475.39,'Internet Banking','Grocery'),
(17,132,'2021-05-13','Transfer',83598.61,1279788.15,'Branch','Online purchase'),
(18,461,'2020-12-07','Transfer',280778.41,1137275.66,'Internet Banking','Utility bill'),
(19,116,'2022-03-27','Transfer',197784.56,1782089.65,'Branch','ATM withdrawal'),
(20,442,'2024-05-14','Withdraw',326205.72,3505778.86,'Branch','Grocery'),
(21,429,'2022-02-27','Withdraw',331440.8,2571988.18,'Branch','Vendor payment'),
(22,391,'2019-06-10','Withdraw',31465.06,855812.61,'Mobile App',NULL),
(23,381,'2018-09-11','Withdraw',169027.99,3191000.16,'Branch','Cash deposit'),
(24,138,'2024-01-17','Withdraw',270820.66,3630243.94,'ATM',NULL),
(25,424,'2019-06-24','Transfer',272038.2,3415455.54,'Internet Banking',NULL),
(26,251,'2018-06-28','Deposit',7708.76,3376247.95,'Mobile App','Online purchase'),
(27,78,'2021-02-14','Deposit',57267.75,2320657.78,'Branch','Medical'),
(28,77,'2023-02-28','Transfer',61081.08,2611997.84,'ATM','School fees'),
(29,248,'2020-05-24','Deposit',99504.82,3082708.02,'Mobile App','Salary credit'),
(30,527,'2024-06-15','Transfer',265414.84,3188481.61,'Branch','Dividend'),
(31,69,'2023-06-18','Transfer',262155.5,1457502.47,'Mobile App','ATM withdrawal'),
(32,542,'2023-03-31','Deposit',201062.39,3274435.21,'Mobile App','Medical'),
(33,504,'2019-09-30','Withdraw',230469.97,1311567.8,'Mobile App',NULL),
(34,116,'2021-11-05','Transfer',208381.39,3688002.01,'Internet Banking','School fees'),
(35,71,'2023-12-29','Deposit',185467.38,3576921.52,'Internet Banking','Dividend'),
(36,82,'2021-06-08','Withdraw',366731.86,2740552.01,'Mobile App','Fund transfer'),
(37,509,'2023-08-17','Withdraw',215146.37,1371979.49,'Internet Banking',NULL),
(38,349,'2020-10-27','Deposit',20497.23,502382.55,'Branch','Salary credit'),
(39,27,'2020-09-27','Transfer',339248.04,2230953.68,'Branch','ATM withdrawal'),
(40,379,'2022-07-24','Deposit',30414.0,390212.83,'Branch','Rent payment'),
(41,199,'2023-04-15','Deposit',236676.34,609518.65,'ATM',NULL),
(42,595,'2019-01-19','Withdraw',80346.86,1117358.06,'Mobile App','Grocery'),
(43,188,'2018-11-07','Transfer',252203.72,3452608.71,'Internet Banking','Medical'),
(44,197,'2021-03-23','Withdraw',148636.36,1839849.33,'Mobile App','Bonus credit'),
(45,77,'2024-01-29','Deposit',282486.27,1404103.73,'Internet Banking','Rent payment'),
(46,546,'2019-07-08','Withdraw',53275.75,2354989.33,'ATM','Utility bill'),
(47,451,'2023-05-03','Withdraw',110236.05,412133.5,'Mobile App','Online purchase'),
(48,213,'2023-12-26','Transfer',58048.73,3420911.15,'ATM','Vendor payment'),
(49,2,'2023-11-14','Withdraw',324087.42,1495701.88,'Branch','Rent payment'),
(50,570,'2019-11-19','Transfer',337083.35,674762.46,'Internet Banking',NULL),
(51,139,'2019-01-01','Transfer',346018.63,2178707.28,'ATM','Bonus credit'),
(52,408,'2018-09-29','Transfer',169681.82,2268287.16,'Internet Banking','School fees'),
(53,588,'2022-05-09','Withdraw',129935.21,2143216.83,'Internet Banking','Grocery'),
(54,138,'2019-09-29','Deposit',191162.17,877691.7,'ATM','ATM withdrawal'),
(55,320,'2018-04-30','Transfer',216408.61,3526422.08,'Internet Banking','Utility bill'),
(56,147,'2022-08-24','Withdraw',205118.35,106604.78,'ATM','Cash deposit'),
(57,36,'2019-05-11','Withdraw',260474.44,2686016.56,'ATM','Insurance premium'),
(58,35,'2020-12-04','Withdraw',23145.22,3842316.23,'Branch','School fees'),
(59,94,'2021-02-16','Deposit',213144.5,3923036.26,'ATM','ATM withdrawal'),
(60,20,'2022-04-11','Deposit',71186.92,1381555.78,'Internet Banking','Grocery'),
(61,117,'2022-07-20','Withdraw',17754.01,881432.65,'Mobile App',NULL),
(62,278,'2018-05-13','Deposit',109898.83,465262.55,'Internet Banking',NULL),
(63,102,'2023-01-24','Transfer',176294.22,470790.0,NULL,NULL),
(64,50,'2021-02-02','Transfer',140315.58,672340.95,'Internet Banking','ATM withdrawal'),
(65,315,'2018-11-19','Withdraw',249571.93,2769310.21,'Internet Banking','Rent payment'),
(66,436,'2019-02-11','Withdraw',210295.01,1002944.43,'Branch','Utility bill'),
(67,470,'2024-01-23','Transfer',221970.44,2528500.86,'Branch','Salary credit'),
(68,505,'2019-06-09','Transfer',399135.28,3578515.29,'Branch','Rent payment'),
(69,445,'2020-10-23','Deposit',335665.43,3196805.42,'Internet Banking','Salary credit'),
(70,444,'2019-03-06','Deposit',165768.63,108807.68,'Mobile App','Utility bill'),
(71,597,'2023-11-27','Transfer',54383.91,1069285.27,'Internet Banking',NULL),
(72,258,'2023-09-06','Transfer',129774.57,492307.91,'ATM','Utility bill'),
(73,311,'2022-03-30','Transfer',147675.43,3776797.93,'Branch','Cash deposit'),
(74,16,'2019-02-02','Withdraw',33867.79,1069789.68,'Internet Banking','Online purchase'),
(75,262,'2018-03-23','Transfer',3420.32,818948.34,'Branch','Rent payment'),
(76,484,'2022-01-25','Deposit',31318.28,948283.17,'Mobile App','Fuel'),
(77,245,'2023-03-31','Deposit',317626.82,3301402.84,'ATM','Rent payment'),
(78,74,'2024-04-24','Withdraw',4360.14,128395.54,'Mobile App','School fees'),
(79,534,'2020-09-09','Deposit',134033.93,2226494.02,'Branch','Rent payment'),
(80,153,'2020-11-09','Withdraw',265239.28,2884133.27,'Branch','Fund transfer'),
(81,293,'2021-12-18','Deposit',136596.44,2815927.54,'ATM','Fuel'),
(82,366,'2021-03-06','Transfer',54430.04,2610008.93,'Mobile App','Grocery'),
(83,216,'2021-08-04','Withdraw',261516.59,192147.33,'Mobile App','Vendor payment'),
(84,421,'2024-02-15','Deposit',12606.86,3409059.13,'Internet Banking','Bonus credit'),
(85,273,'2023-05-30','Deposit',278838.45,2990180.97,'Mobile App','Online purchase'),
(86,258,'2022-06-05','Transfer',87907.23,3114733.43,'ATM','Cash deposit'),
(87,563,'2021-07-08','Transfer',356875.6,3697411.18,'Mobile App','Vendor payment'),
(88,514,'2019-01-18','Deposit',83865.51,2613595.05,NULL,'Fuel'),
(89,352,'2019-08-29','Withdraw',214011.1,3274260.68,'Internet Banking',NULL),
(90,438,'2020-04-12','Withdraw',336396.51,285887.62,NULL,'Utility bill'),
(91,124,'2020-05-30','Deposit',246948.02,2331380.09,'Internet Banking','Rent payment'),
(92,385,'2018-03-06','Deposit',1958.52,2764077.86,'Internet Banking','Rent payment'),
(93,189,'2019-01-18','Transfer',356117.53,391402.82,'Mobile App','Fund transfer'),
(94,462,'2020-11-01','Withdraw',79690.07,1037635.61,'ATM','Bonus credit'),
(95,256,'2021-10-10','Withdraw',365107.42,782555.95,'ATM','Fuel'),
(96,373,'2021-02-26','Withdraw',395610.75,2384205.93,'Branch','Fund transfer'),
(97,250,'2018-02-22','Deposit',132983.23,2950584.21,'ATM','Insurance premium'),
(98,502,'2020-11-21','Withdraw',256184.8,3255061.35,'ATM','Rent payment'),
(99,547,'2022-03-10','Transfer',94219.2,920478.13,'Internet Banking','Grocery'),
(100,127,'2021-03-18','Deposit',8811.52,911926.1,'ATM','School fees'),
(101,108,'2019-05-08','Transfer',173593.78,3135479.3,'Internet Banking','Dividend'),
(102,358,'2021-05-17','Withdraw',209357.39,1656915.37,'ATM','Fund transfer'),
(103,373,'2021-07-21','Deposit',12313.13,1548557.3,NULL,'School fees'),
(104,325,'2019-04-07','Withdraw',17229.05,2417774.14,'Internet Banking','Cash deposit'),
(105,35,'2022-09-03','Deposit',303132.72,1007717.84,'ATM',NULL),
(106,412,'2024-04-12','Withdraw',58711.66,3147304.23,NULL,NULL),
(107,391,'2020-07-01','Transfer',307311.21,1140543.69,'Branch','Vendor payment'),
(108,141,'2019-03-14','Transfer',137640.15,2098735.82,'Branch','Medical'),
(109,344,'2019-06-17','Deposit',247143.42,207593.24,'Mobile App','Dividend'),
(110,113,'2023-12-28','Deposit',18575.32,1599980.1,'ATM','Rent payment'),
(111,237,'2021-06-11','Withdraw',306891.1,884475.16,'Branch','Fuel'),
(112,195,'2021-08-04','Transfer',157589.89,131727.17,'Mobile App','Salary credit'),
(113,384,'2018-02-18','Deposit',301952.87,2040956.86,'ATM','Rent payment'),
(114,221,'2023-05-23','Transfer',216871.33,1425817.07,'Branch',NULL),
(115,305,'2024-01-04','Withdraw',228740.8,1660109.82,'Branch','Cash deposit'),
(116,92,'2020-11-29','Transfer',352390.19,3685377.8,'Internet Banking',NULL),
(117,304,'2023-10-29','Deposit',13086.31,419362.16,'Branch','Rent payment'),
(118,166,'2021-07-17','Transfer',231591.58,1857806.88,'Mobile App','School fees'),
(119,256,'2023-06-01','Deposit',49595.15,2168229.73,'Branch','Utility bill'),
(120,510,'2018-08-07','Transfer',164357.49,3249041.81,'Internet Banking','Fuel'),
(121,39,'2022-11-25','Deposit',226912.3,1087172.74,'Mobile App','Fuel'),
(122,227,'2019-02-18','Transfer',64824.6,1006606.81,'ATM','Bonus credit'),
(123,568,'2021-08-30','Deposit',55505.35,1503869.75,'Internet Banking','Dividend'),
(124,361,'2021-03-30','Transfer',339236.52,1101338.26,NULL,'Fund transfer'),
(125,127,'2020-07-15','Deposit',380444.27,2694403.84,'Internet Banking','Insurance premium'),
(126,542,'2020-11-05','Withdraw',91169.44,1178299.78,'ATM','Bonus credit'),
(127,141,'2022-08-28','Deposit',174233.46,1971558.79,'Mobile App','Bonus credit'),
(128,473,'2021-09-09','Transfer',152134.46,3012644.91,'Internet Banking',NULL),
(129,351,'2019-01-12','Transfer',294185.61,1332185.55,'Mobile App','Grocery'),
(130,393,'2018-10-10','Transfer',348694.64,938907.21,'Mobile App','ATM withdrawal'),
(131,474,'2019-09-08','Transfer',232326.72,834028.17,'ATM','Online purchase'),
(132,267,'2022-03-18','Withdraw',288635.11,540812.05,'Mobile App','Bonus credit'),
(133,211,'2018-11-18','Withdraw',244207.9,1188080.77,'Branch','Online purchase'),
(134,466,'2021-06-27','Deposit',346617.91,3313263.38,'Branch','Dividend'),
(135,424,'2022-02-10','Transfer',325156.51,3244491.59,'Internet Banking','Vendor payment'),
(136,199,'2021-08-31','Withdraw',12830.07,8321.98,'ATM','Fund transfer'),
(137,127,'2024-03-20','Transfer',9019.67,1116821.9,'Mobile App','Salary credit'),
(138,523,'2021-02-05','Deposit',142876.32,1184628.67,'Mobile App','Rent payment'),
(139,21,'2019-04-28','Withdraw',175541.55,2648612.84,'Internet Banking','Fund transfer'),
(140,473,'2023-10-10','Deposit',77810.63,842608.99,'Internet Banking','Grocery'),
(141,37,'2022-09-15','Withdraw',221673.96,1942905.89,'Branch','Fuel'),
(142,187,'2024-02-26','Deposit',156910.44,2471172.08,'Mobile App',NULL),
(143,417,'2023-10-02','Deposit',136938.96,3487421.12,'ATM','Online purchase'),
(144,375,'2018-06-11','Deposit',182193.75,774551.82,'Internet Banking','School fees'),
(145,314,'2020-06-19','Withdraw',186615.57,2261968.05,'Branch','Fuel'),
(146,559,'2018-04-14','Transfer',48548.15,1124112.72,'Mobile App','Fuel'),
(147,399,'2024-06-08','Transfer',312237.39,1160496.96,'Internet Banking','Dividend'),
(148,478,'2023-11-05','Transfer',161013.41,40943.02,'Mobile App','ATM withdrawal'),
(149,455,'2022-12-15','Withdraw',311692.66,2497861.98,'ATM','Dividend'),
(150,159,'2019-04-22','Deposit',60747.44,607234.92,NULL,NULL),
(151,269,'2022-09-17','Transfer',312112.97,3368052.99,'Branch','Fuel'),
(152,483,'2021-01-06','Transfer',199685.63,2252267.31,'Branch','Salary credit'),
(153,33,'2023-05-28','Withdraw',250923.94,3488924.05,'ATM','Insurance premium'),
(154,30,'2021-11-08','Withdraw',191249.61,3699318.61,'Branch','Medical'),
(155,221,'2020-06-02','Deposit',246473.77,762950.04,'Branch','Grocery'),
(156,241,'2019-03-26','Withdraw',243848.86,1268362.58,'Internet Banking',NULL),
(157,145,'2018-07-04','Transfer',176694.26,944687.91,'Mobile App',NULL),
(158,497,'2020-12-27','Transfer',375412.79,2834857.85,'Branch','Online purchase'),
(159,298,'2023-04-21','Withdraw',268088.61,2111306.45,'Internet Banking',NULL),
(160,30,'2024-02-13','Withdraw',55553.79,1573835.42,'Branch','Bonus credit'),
(161,347,'2019-09-14','Withdraw',154504.86,3620795.63,'ATM',NULL),
(162,201,'2019-04-14','Withdraw',242302.96,1755540.43,'ATM','Grocery'),
(163,410,'2019-10-31','Deposit',392723.83,2185913.21,'Mobile App','Medical'),
(164,92,'2018-07-14','Deposit',249911.69,1740288.61,'Branch','Utility bill'),
(165,288,'2020-11-09','Transfer',307099.54,3841666.96,'ATM','Vendor payment'),
(166,352,'2022-02-05','Transfer',398160.96,3767570.86,'Mobile App',NULL),
(167,307,'2020-01-03','Withdraw',157824.02,1862019.47,NULL,'Medical'),
(168,494,'2020-09-18','Transfer',393762.49,1405538.48,'Mobile App','Medical'),
(169,136,'2019-10-09','Withdraw',370247.96,3048201.6,'Mobile App',NULL),
(170,222,'2021-10-09','Withdraw',188348.35,727474.78,'Branch','Fund transfer'),
(171,438,'2022-08-29','Transfer',38974.3,2907067.46,NULL,'Fuel'),
(172,398,'2020-11-22','Withdraw',330357.17,115035.61,'Mobile App',NULL),
(173,263,'2019-01-02','Transfer',99506.91,2340976.39,'Internet Banking','Fund transfer'),
(174,389,'2018-07-19','Deposit',344113.11,3972999.17,'ATM','Rent payment'),
(175,134,'2018-09-12','Withdraw',76247.16,559269.36,'Mobile App','Medical'),
(176,555,'2018-05-26','Deposit',116674.74,1219979.12,'Internet Banking','Fund transfer'),
(177,452,'2019-02-12','Withdraw',338025.54,3009856.94,'ATM','ATM withdrawal'),
(178,148,'2020-11-09','Deposit',82316.63,3352585.94,'Internet Banking','Utility bill'),
(179,122,'2024-01-26','Deposit',300891.36,2226541.75,'Mobile App',NULL),
(180,317,'2023-11-30','Deposit',267146.92,3881738.2,'Mobile App','Cash deposit'),
(181,368,'2022-07-08','Transfer',260209.41,3297036.9,'Mobile App','Medical'),
(182,91,'2022-08-18','Deposit',16791.64,518142.18,'Mobile App','Cash deposit'),
(183,269,'2022-01-12','Deposit',315996.35,3835601.82,'Branch','Fuel'),
(184,481,'2020-06-13','Withdraw',115987.41,3769978.77,'Mobile App','Bonus credit'),
(185,181,'2022-03-29','Withdraw',210110.42,3716344.25,'ATM','Vendor payment'),
(186,570,'2024-03-15','Withdraw',110961.01,3758748.85,'ATM',NULL),
(187,91,'2020-06-18','Withdraw',178838.68,769881.44,'Branch','Cash deposit'),
(188,462,'2020-09-12','Deposit',3340.9,153444.78,'Mobile App','Rent payment'),
(189,483,'2019-01-02','Withdraw',155254.7,3118574.21,'Branch',NULL),
(190,408,'2020-01-07','Deposit',54759.59,430885.58,'Mobile App','Utility bill'),
(191,195,'2020-11-17','Withdraw',282321.99,3420060.63,'Branch','Utility bill'),
(192,484,'2020-11-02','Transfer',197149.58,101108.75,'Branch','Cash deposit'),
(193,412,'2021-07-08','Transfer',264341.72,3327682.94,'Branch','Dividend'),
(194,60,'2020-11-30','Withdraw',278380.07,1804760.98,'Mobile App','Grocery'),
(195,309,'2021-07-24','Transfer',126566.49,1963097.41,'Internet Banking','Online purchase'),
(196,135,'2022-07-11','Transfer',295922.61,900221.81,'Mobile App','Salary credit'),
(197,315,'2019-01-10','Transfer',300371.09,2115497.55,'Internet Banking','Rent payment'),
(198,79,'2019-03-30','Transfer',235211.43,1864483.57,'ATM',NULL),
(199,185,'2019-05-21','Deposit',349723.41,2703377.0,'Internet Banking',NULL),
(200,516,'2024-04-21','Transfer',371743.22,1994892.9,'ATM','Dividend'),
(201,353,'2021-07-12','Withdraw',138341.03,1154370.39,'ATM','Medical'),
(202,383,'2018-10-22','Withdraw',383214.97,1754663.81,'ATM','Grocery'),
(203,521,'2019-07-26','Transfer',177878.82,1456821.25,'ATM','Grocery'),
(204,368,'2019-01-23','Transfer',225259.56,735309.62,'Mobile App','ATM withdrawal'),
(205,39,'2019-01-06','Deposit',160893.29,2632556.57,'Branch','Rent payment'),
(206,206,'2018-07-16','Deposit',63890.33,1170117.1,'ATM',NULL),
(207,111,'2023-04-07','Withdraw',224223.1,131409.75,'Internet Banking',NULL),
(208,98,'2018-11-05','Transfer',210869.95,1044057.77,'Branch','Fuel'),
(209,321,'2022-01-02','Transfer',189210.57,3662167.2,'ATM','Vendor payment'),
(210,289,'2021-08-11','Withdraw',308784.28,3227032.06,'ATM','Fuel'),
(211,98,'2021-11-26','Deposit',345251.9,464633.14,'ATM',NULL),
(212,246,'2019-08-29','Transfer',48289.32,2121585.94,'Branch','School fees'),
(213,442,'2019-02-05','Withdraw',386626.57,2755593.17,'Mobile App','Insurance premium'),
(214,48,'2022-10-02','Withdraw',298460.7,617248.45,'Branch','Online purchase'),
(215,569,'2020-07-20','Transfer',352145.44,205.51,'Internet Banking','ATM withdrawal'),
(216,562,'2019-09-24','Transfer',147713.99,1866452.62,'ATM','Salary credit'),
(217,150,'2024-02-02','Deposit',374933.16,943976.09,'Branch','Salary credit'),
(218,127,'2022-06-07','Withdraw',163375.76,219590.19,'Branch','Vendor payment'),
(219,523,'2023-02-23','Withdraw',265269.68,183556.8,'ATM','Dividend'),
(220,219,'2023-01-17','Withdraw',379809.79,1371889.78,NULL,'Vendor payment'),
(221,335,'2024-05-08','Withdraw',32775.12,54603.96,'ATM','Rent payment'),
(222,464,'2019-04-07','Deposit',167241.42,2005945.75,'Internet Banking','Cash deposit'),
(223,449,'2024-01-21','Deposit',241567.27,2215959.19,'Branch','Utility bill'),
(224,430,'2023-01-22','Transfer',214623.05,1476952.94,'Branch','Fund transfer'),
(225,342,'2021-11-03','Transfer',8857.83,501024.94,'Internet Banking','Salary credit'),
(226,440,'2023-01-21','Withdraw',44821.91,1146986.19,NULL,NULL),
(227,110,'2022-04-29','Transfer',315270.74,543578.35,NULL,NULL),
(228,193,'2020-11-30','Deposit',173302.2,703824.78,'ATM',NULL),
(229,446,'2021-10-06','Transfer',330203.13,2486601.72,NULL,NULL),
(230,13,'2019-09-26','Withdraw',129451.87,2872778.86,'Mobile App','Utility bill'),
(231,251,'2021-09-11','Deposit',52853.39,1068646.53,'Internet Banking','Insurance premium'),
(232,98,'2018-05-24','Transfer',317441.93,1951271.32,'Internet Banking','Online purchase'),
(233,540,'2023-02-21','Withdraw',101114.42,3080936.7,NULL,'School fees'),
(234,266,'2024-02-15','Deposit',53217.79,556898.17,'ATM','Bonus credit'),
(235,99,'2021-04-14','Transfer',227531.11,49223.51,'Mobile App','Dividend'),
(236,515,'2023-02-18','Transfer',62811.69,3560218.66,'Branch','ATM withdrawal'),
(237,390,'2020-06-07','Transfer',212769.71,773697.15,'ATM','Grocery'),
(238,321,'2018-01-07','Withdraw',379802.02,1133905.6,'Branch',NULL),
(239,286,'2019-10-19','Withdraw',149173.87,2105335.1,'ATM','Vendor payment'),
(240,396,'2021-12-31','Transfer',331480.63,1611703.39,NULL,'Fund transfer'),
(241,518,'2020-09-10','Transfer',380918.48,2603453.35,'Branch','Vendor payment'),
(242,320,'2023-06-26','Transfer',106557.34,2513059.89,'Mobile App','Bonus credit'),
(243,214,'2022-12-29','Transfer',327624.75,1573311.43,'Branch','Vendor payment'),
(244,26,'2022-04-30','Withdraw',249465.71,1006802.34,'Mobile App',NULL),
(245,476,'2024-05-28','Deposit',303989.74,3219774.31,NULL,'Insurance premium'),
(246,34,'2020-10-06','Deposit',221522.92,2606899.32,'Internet Banking',NULL),
(247,223,'2020-08-29','Transfer',77889.05,617000.0,'Branch','Online purchase'),
(248,394,'2019-08-16','Withdraw',277504.05,3238631.14,'Mobile App','Vendor payment'),
(249,456,'2023-03-15','Deposit',292588.67,951097.76,'Mobile App','Fund transfer'),
(250,55,'2022-03-05','Transfer',302472.86,3256163.84,'Branch','Online purchase'),
(251,478,'2019-03-18','Transfer',148835.13,3759344.45,'ATM','Cash deposit'),
(252,189,'2020-11-21','Deposit',189935.27,1114065.36,'Internet Banking','Fund transfer'),
(253,561,'2019-11-13','Withdraw',196652.12,1027055.9,'Branch','Vendor payment'),
(254,182,'2018-11-21','Transfer',280075.95,1558419.74,'ATM','Vendor payment'),
(255,484,'2019-10-01','Withdraw',15965.09,3201238.44,'Branch',NULL),
(256,446,'2020-11-02','Deposit',263539.91,766165.9,'ATM','Fuel'),
(257,73,'2020-07-19','Withdraw',200591.58,3617710.9,'ATM','School fees'),
(258,53,'2018-01-20','Deposit',361223.35,3098137.39,'Internet Banking','Vendor payment'),
(259,374,'2020-01-23','Deposit',77514.16,476098.71,'Internet Banking','Online purchase'),
(260,165,'2019-11-22','Deposit',376646.84,3282344.98,'Internet Banking',NULL),
(261,239,'2023-07-25','Withdraw',87600.71,1594473.68,'Branch','Insurance premium'),
(262,99,'2023-04-03','Transfer',326935.13,2929713.14,'ATM','Bonus credit'),
(263,36,'2022-07-29','Transfer',189596.12,1768267.05,'Mobile App','Online purchase'),
(264,540,'2022-09-27','Deposit',152384.81,256649.23,'Internet Banking','Grocery'),
(265,519,'2023-02-10','Withdraw',161058.58,816085.01,'ATM','Fund transfer'),
(266,462,'2023-06-23','Withdraw',200296.38,24730.77,'Branch','Bonus credit'),
(267,455,'2022-12-22','Transfer',159695.19,2752163.67,'ATM','School fees'),
(268,6,'2021-11-15','Transfer',341046.96,508206.14,NULL,'Fuel'),
(269,472,'2023-06-25','Withdraw',210401.38,3821041.09,'Branch','School fees'),
(270,322,'2020-08-11','Deposit',188737.24,1385710.2,NULL,'Vendor payment'),
(271,245,'2023-02-19','Transfer',57243.24,2420484.54,'ATM','Utility bill'),
(272,179,'2018-06-11','Deposit',178753.81,1439901.26,'Branch','Utility bill'),
(273,217,'2021-03-25','Deposit',94253.08,610758.68,'Mobile App','Utility bill'),
(274,411,'2022-01-11','Transfer',399349.77,3596612.01,'Mobile App',NULL),
(275,44,'2019-07-21','Withdraw',203909.2,697552.82,'Mobile App','Fuel'),
(276,212,'2023-08-18','Withdraw',316039.3,2524904.43,'Branch','Online purchase'),
(277,576,'2021-06-16','Transfer',193220.25,2626466.96,'Internet Banking','Utility bill'),
(278,139,'2021-12-07','Transfer',386661.62,1375815.3,'ATM','Online purchase'),
(279,45,'2024-06-26','Withdraw',309258.26,810033.67,'Internet Banking','School fees'),
(280,259,'2018-08-11','Transfer',220407.34,1469138.73,'Mobile App','Online purchase'),
(281,591,'2021-03-26','Deposit',128962.56,2180415.56,'Mobile App','Vendor payment'),
(282,30,'2020-12-26','Withdraw',339432.35,3371722.55,'Mobile App','Fuel'),
(283,169,'2023-11-29','Deposit',350138.89,2595200.45,'ATM','Insurance premium'),
(284,455,'2018-01-20','Transfer',166079.1,584759.51,'Internet Banking','Insurance premium'),
(285,467,'2024-02-21','Withdraw',317593.22,269346.99,'ATM','Vendor payment'),
(286,580,'2023-02-09','Withdraw',60853.62,1475112.84,'Branch','Grocery'),
(287,126,'2019-12-16','Withdraw',389863.93,3587883.29,'Internet Banking','Salary credit'),
(288,132,'2022-11-13','Withdraw',354528.57,2195666.3,'Mobile App','Utility bill'),
(289,43,'2022-02-16','Withdraw',231787.73,3743384.4,'Internet Banking',NULL),
(290,429,'2022-04-27','Transfer',99500.73,1285432.79,'ATM','Bonus credit'),
(291,461,'2018-01-01','Withdraw',13697.92,3136250.74,'ATM','Grocery'),
(292,572,'2023-12-13','Transfer',115439.84,1522678.45,'Mobile App','Online purchase'),
(293,478,'2022-02-06','Deposit',153280.05,3603994.49,'Internet Banking','Salary credit'),
(294,333,'2022-11-21','Transfer',304893.45,3641792.29,'ATM',NULL),
(295,262,'2018-06-29','Transfer',232513.16,2851622.24,'Branch','ATM withdrawal'),
(296,288,'2023-01-26','Deposit',133194.59,411237.57,'Internet Banking','Dividend'),
(297,155,'2020-11-26','Deposit',127564.21,1299616.8,'ATM',NULL),
(298,301,'2021-05-08','Deposit',284992.24,2635497.24,'Mobile App','Dividend'),
(299,518,'2021-05-14','Transfer',212603.38,2385512.55,'Mobile App','Fuel'),
(300,461,'2018-08-06','Deposit',232712.77,2798559.86,'ATM','Cash deposit'),
(301,40,'2019-06-24','Deposit',382843.11,643565.14,'Internet Banking','Dividend'),
(302,291,'2018-05-07','Withdraw',368414.0,2785239.06,'ATM','Online purchase'),
(303,519,'2024-01-25','Withdraw',242561.25,1156793.63,'Mobile App','Salary credit'),
(304,479,'2020-09-05','Deposit',17392.69,2054140.96,'ATM','Rent payment'),
(305,82,'2021-08-17','Withdraw',67369.75,2231694.05,'Branch','Utility bill'),
(306,202,'2023-08-07','Withdraw',339371.07,1932835.27,NULL,'Bonus credit'),
(307,553,'2023-03-04','Deposit',75398.16,1112507.76,'ATM','Insurance premium'),
(308,93,'2018-08-22','Transfer',377621.17,1420262.55,'Branch','Grocery'),
(309,204,'2018-06-12','Deposit',2692.52,2512645.32,'Branch','Insurance premium'),
(310,51,'2020-03-23','Deposit',169205.46,3367488.69,'Mobile App','Grocery'),
(311,442,'2023-03-19','Transfer',175782.04,3118423.56,'Mobile App','Grocery'),
(312,564,'2022-07-12','Transfer',81932.38,877628.95,'Branch','Medical'),
(313,254,'2021-06-27','Deposit',57002.33,1123974.13,'Internet Banking',NULL),
(314,486,'2018-12-17','Deposit',181686.65,2949821.83,'Branch','Medical'),
(315,19,'2020-05-31','Withdraw',175795.12,2516817.36,'Internet Banking',NULL),
(316,540,'2020-06-07','Withdraw',33822.46,2808973.43,NULL,'Bonus credit'),
(317,143,'2022-02-24','Withdraw',246543.86,1617396.09,'Mobile App','Cash deposit'),
(318,194,'2021-12-31','Deposit',260691.07,480318.0,'Mobile App','Medical'),
(319,79,'2021-07-24','Transfer',133194.47,96214.61,'Internet Banking',NULL),
(320,354,'2022-07-11','Transfer',311916.17,1137607.92,'Branch','Cash deposit'),
(321,565,'2018-02-15','Withdraw',168248.91,1190893.76,'Branch','Fuel'),
(322,228,'2018-07-10','Deposit',203577.52,1984826.8,'Mobile App','Vendor payment'),
(323,273,'2022-08-04','Deposit',27437.93,3369562.09,NULL,'Bonus credit'),
(324,434,'2021-06-23','Transfer',105772.7,1569269.66,'ATM','ATM withdrawal'),
(325,374,'2019-05-21','Transfer',217739.91,3903092.65,'Internet Banking','Online purchase'),
(326,494,'2020-05-30','Deposit',213242.38,2225952.65,'Branch','Vendor payment'),
(327,30,'2018-11-06','Withdraw',14482.37,3908578.72,'Mobile App','Medical'),
(328,356,'2020-07-12','Transfer',97263.47,925152.93,'Mobile App','Medical'),
(329,414,'2021-02-04','Deposit',268716.72,3013662.75,'Mobile App','Grocery'),
(330,500,'2019-11-07','Withdraw',38263.6,1133310.72,'Internet Banking','Fuel'),
(331,172,'2019-08-08','Transfer',84166.71,1066553.21,'Internet Banking','ATM withdrawal'),
(332,340,'2022-11-06','Deposit',230507.27,1871692.08,'Mobile App','Rent payment'),
(333,15,'2022-09-11','Deposit',263897.99,1938496.31,NULL,'Cash deposit'),
(334,213,'2022-03-04','Transfer',228145.43,2782482.96,'Branch','Bonus credit'),
(335,379,'2022-02-06','Transfer',13122.08,965127.89,'Branch','Salary credit'),
(336,348,'2020-06-06','Withdraw',150864.5,3957816.92,'Branch','Dividend'),
(337,267,'2021-01-18','Deposit',177903.28,1168602.52,'Internet Banking','Medical'),
(338,50,'2022-06-24','Deposit',18231.31,2119861.33,'Internet Banking','Utility bill'),
(339,178,'2018-11-25','Deposit',216499.33,241664.03,'Branch',NULL),
(340,442,'2022-04-11','Transfer',282765.08,870350.08,'ATM','Dividend'),
(341,76,'2018-12-22','Transfer',242952.64,290349.82,'Mobile App',NULL),
(342,368,'2022-10-05','Withdraw',333923.79,1384680.34,'ATM','School fees'),
(343,132,'2019-03-10','Transfer',76575.56,287760.67,'ATM',NULL),
(344,318,'2023-01-19','Transfer',216764.08,1924564.09,'Mobile App','Dividend'),
(345,586,'2021-04-21','Transfer',214365.84,121108.04,'ATM','Utility bill'),
(346,163,'2023-02-21','Deposit',330750.63,3910536.71,'Branch','Fuel'),
(347,14,'2021-06-23','Withdraw',362945.75,1295476.98,'ATM',NULL),
(348,501,'2018-01-25','Transfer',117119.36,3799391.58,'Mobile App','ATM withdrawal'),
(349,261,'2022-08-02','Withdraw',281346.24,3683066.1,'Mobile App','Rent payment'),
(350,288,'2018-03-26','Withdraw',331619.9,2295526.5,NULL,'Vendor payment'),
(351,446,'2023-07-27','Deposit',115665.14,761371.22,'ATM','Utility bill'),
(352,152,'2019-02-10','Withdraw',289049.83,1639474.98,'Branch','Rent payment'),
(353,109,'2019-06-30','Withdraw',341663.22,1211533.01,'Branch','Online purchase'),
(354,114,'2022-10-12','Withdraw',224448.21,3821252.72,'Internet Banking',NULL),
(355,149,'2019-07-19','Deposit',5250.83,3090775.57,'Branch','Rent payment'),
(356,145,'2024-05-16','Deposit',318686.35,3146464.32,'Branch',NULL),
(357,439,'2023-07-11','Withdraw',6070.39,3589291.31,'Internet Banking','Fund transfer'),
(358,492,'2021-12-15','Transfer',326952.1,3229078.52,'Internet Banking',NULL),
(359,107,'2018-01-28','Transfer',314969.38,1505208.72,'Branch',NULL),
(360,597,'2023-01-29','Withdraw',316945.64,2920279.07,'Branch','Medical'),
(361,305,'2021-08-25','Deposit',320317.48,3214478.36,'Mobile App','Fund transfer'),
(362,417,'2018-02-21','Withdraw',371201.75,2420509.48,'Mobile App','Bonus credit'),
(363,127,'2019-12-10','Transfer',190953.04,115506.51,'ATM','Online purchase'),
(364,53,'2023-09-24','Withdraw',390817.73,3302527.37,'Internet Banking',NULL),
(365,234,'2018-12-28','Withdraw',250906.42,2679131.15,'Mobile App','ATM withdrawal'),
(366,134,'2018-10-31','Deposit',101717.32,3302533.69,'Branch','Rent payment'),
(367,487,'2021-04-24','Deposit',283443.99,254077.94,'Branch','Bonus credit'),
(368,552,'2020-12-17','Transfer',232890.56,468912.01,'ATM',NULL),
(369,402,'2019-07-08','Withdraw',309463.68,1348687.35,'Internet Banking','Cash deposit'),
(370,510,'2022-07-19','Deposit',298585.56,887856.74,NULL,'Medical'),
(371,432,'2021-05-23','Deposit',119768.07,158328.42,'ATM','ATM withdrawal'),
(372,194,'2019-08-25','Transfer',186395.51,441698.35,'Mobile App','Fund transfer'),
(373,356,'2024-03-30','Transfer',317201.56,342413.14,'Internet Banking','Salary credit'),
(374,87,'2021-05-18','Withdraw',4820.95,1727942.25,'Internet Banking','School fees'),
(375,201,'2019-10-13','Withdraw',27986.56,2185135.77,'Branch','ATM withdrawal'),
(376,438,'2018-02-01','Transfer',21446.27,2418884.38,'ATM','Medical'),
(377,142,'2022-12-14','Withdraw',351463.41,2208062.8,'Internet Banking','Medical'),
(378,406,'2024-05-01','Withdraw',358170.89,2859044.48,'Mobile App','Utility bill'),
(379,176,'2022-12-30','Deposit',177158.74,3128956.3,'Mobile App','Rent payment'),
(380,10,'2021-12-11','Withdraw',157527.35,1788406.64,'Internet Banking','Insurance premium'),
(381,453,'2018-03-12','Withdraw',351048.67,3194904.99,'Mobile App','Medical'),
(382,547,'2019-01-02','Withdraw',52715.63,2341760.81,'Internet Banking','Fuel'),
(383,368,'2023-04-15','Transfer',317876.59,316363.22,'Branch','Salary credit'),
(384,573,'2022-05-19','Deposit',105089.46,3373234.9,'Branch','Rent payment'),
(385,229,'2024-01-27','Transfer',170439.09,1401388.38,'Branch','Vendor payment'),
(386,11,'2022-05-09','Withdraw',92795.77,1111176.55,NULL,'Insurance premium'),
(387,165,'2018-12-27','Withdraw',159985.9,737594.34,'Internet Banking','Dividend'),
(388,165,'2020-05-21','Withdraw',302220.88,2224628.63,'Internet Banking','Fund transfer'),
(389,90,'2023-03-24','Withdraw',250770.53,1666660.14,'Mobile App',NULL),
(390,77,'2019-08-23','Deposit',269046.59,1970635.46,'ATM','Dividend'),
(391,512,'2021-06-01','Deposit',152325.29,2555178.31,'Mobile App','Dividend'),
(392,538,'2023-07-05','Deposit',369142.78,638482.32,'ATM',NULL),
(393,162,'2020-02-16','Transfer',209180.21,1477378.06,'Internet Banking',NULL),
(394,506,'2019-10-25','Withdraw',371402.8,2152802.93,'Branch','Bonus credit'),
(395,463,'2024-03-30','Deposit',72902.14,1074236.04,'Branch','Dividend'),
(396,369,'2023-03-29','Deposit',380917.19,2017070.84,'ATM','ATM withdrawal'),
(397,289,'2023-07-01','Withdraw',92903.38,2692992.44,'ATM','Fuel'),
(398,55,'2020-10-15','Transfer',268074.16,855568.33,'ATM','Bonus credit'),
(399,588,'2020-05-30','Withdraw',74539.66,3518869.09,'Branch','Salary credit'),
(400,450,'2018-04-26','Deposit',275498.28,673289.74,NULL,'Fund transfer'),
(401,400,'2020-09-11','Transfer',8518.99,2780334.11,'ATM','Bonus credit'),
(402,249,'2018-09-11','Transfer',119386.26,933100.21,'Mobile App','Grocery'),
(403,5,'2023-11-23','Deposit',19108.3,1498879.1,'ATM','Online purchase'),
(404,450,'2018-10-28','Transfer',205633.74,2103879.48,'Internet Banking','Fuel'),
(405,87,'2024-06-24','Deposit',74788.36,1804503.55,'Branch','Insurance premium'),
(406,272,'2018-07-02','Withdraw',280193.91,2855547.54,'Internet Banking','Insurance premium'),
(407,220,'2019-09-17','Deposit',151116.1,118343.31,'Mobile App','School fees'),
(408,270,'2023-05-21','Withdraw',86714.94,1461662.78,'Branch','Grocery'),
(409,82,'2019-07-19','Transfer',46155.82,1404832.54,'Branch','Insurance premium'),
(410,539,'2020-11-27','Withdraw',85005.72,3237495.66,'Branch','School fees'),
(411,579,'2020-01-15','Withdraw',343748.22,2455498.4,'Branch',NULL),
(412,355,'2020-07-08','Transfer',89075.43,1585678.0,'Mobile App','Fuel'),
(413,290,'2022-04-27','Withdraw',306401.24,3736040.71,'ATM','Cash deposit'),
(414,247,'2019-08-10','Withdraw',359144.09,2255966.07,'Branch','Salary credit'),
(415,103,'2018-06-17','Transfer',336459.98,374422.74,'Branch','Medical'),
(416,157,'2023-11-08','Withdraw',338683.62,3831779.92,'ATM','Salary credit'),
(417,17,'2023-09-23','Withdraw',57007.57,3417483.36,'Internet Banking',NULL),
(418,128,'2022-12-17','Transfer',351295.71,3293435.3,'ATM','School fees'),
(419,214,'2022-12-26','Transfer',158660.8,1301228.13,'Mobile App','Rent payment'),
(420,290,'2022-12-13','Deposit',365088.21,938289.4,'ATM','ATM withdrawal'),
(421,545,'2021-05-27','Deposit',272404.69,1688345.4,'ATM','Salary credit'),
(422,351,'2020-05-28','Withdraw',280746.77,2285253.74,'Internet Banking','Cash deposit'),
(423,139,'2018-04-09','Transfer',125054.4,960569.77,'Branch',NULL),
(424,434,'2023-11-08','Deposit',291792.79,2281203.72,'Internet Banking',NULL),
(425,67,'2020-06-27','Withdraw',261278.83,1552444.38,'Mobile App','School fees'),
(426,243,'2020-11-24','Transfer',328992.16,2243719.42,'Internet Banking',NULL),
(427,364,'2021-06-04','Transfer',323166.67,3230994.86,'Mobile App','Fund transfer'),
(428,541,'2018-07-04','Deposit',323604.53,2680474.0,'Internet Banking','School fees'),
(429,507,'2019-01-15','Deposit',388413.11,1060541.03,'Internet Banking','Utility bill'),
(430,263,'2018-10-19','Deposit',135919.84,308899.76,'ATM','Vendor payment'),
(431,192,'2018-12-10','Withdraw',6385.73,2467946.19,'ATM','Fund transfer'),
(432,571,'2024-04-20','Transfer',253648.39,701189.98,'Mobile App','Utility bill'),
(433,252,'2023-07-18','Transfer',82615.64,696263.01,'Internet Banking','ATM withdrawal'),
(434,434,'2023-10-19','Transfer',195585.99,3118980.09,'Internet Banking','Dividend'),
(435,176,'2022-01-22','Transfer',283069.32,3082517.76,'ATM','Fuel'),
(436,533,'2018-05-09','Withdraw',394728.09,875844.41,'Mobile App','Salary credit'),
(437,130,'2019-08-16','Deposit',374663.03,1385512.8,'Mobile App','Utility bill'),
(438,202,'2019-01-23','Transfer',161367.03,1952940.51,'Mobile App','Utility bill'),
(439,419,'2022-07-29','Transfer',339658.42,2774696.39,'ATM','Rent payment'),
(440,117,'2020-09-08','Transfer',137462.27,2818367.75,'Branch','Insurance premium'),
(441,329,'2024-01-29','Transfer',315262.14,176391.54,'Branch','Grocery'),
(442,159,'2020-02-24','Deposit',74062.75,3077788.39,'ATM','School fees'),
(443,508,'2019-01-07','Withdraw',228785.64,1029230.01,'Internet Banking','Utility bill'),
(444,71,'2023-11-01','Withdraw',187453.5,3717847.64,'ATM','Dividend'),
(445,77,'2020-09-02','Transfer',142478.9,3760858.84,'ATM','Fuel'),
(446,468,'2023-01-14','Withdraw',71701.32,3687461.62,'Branch','Medical'),
(447,368,'2018-03-10','Withdraw',233088.6,3035301.98,'Mobile App','Utility bill'),
(448,55,'2022-09-19','Withdraw',308194.23,1894236.64,'ATM','ATM withdrawal'),
(449,248,'2018-10-03','Deposit',39894.99,2981305.97,'Internet Banking',NULL),
(450,3,'2018-11-28','Deposit',88499.03,2228315.93,'Branch','Salary credit'),
(451,204,'2022-01-01','Deposit',29196.35,1466051.02,'Internet Banking','Vendor payment'),
(452,79,'2022-12-29','Transfer',58014.4,868213.28,'Internet Banking','Fuel'),
(453,101,'2019-05-09','Withdraw',145087.88,531350.39,'Branch','Dividend'),
(454,282,'2023-01-09','Transfer',123569.78,1362865.66,'ATM','Insurance premium'),
(455,302,'2018-11-15','Deposit',98881.17,2753361.68,NULL,'Bonus credit'),
(456,204,'2018-04-29','Withdraw',87005.31,1935408.69,'ATM','Fuel'),
(457,487,'2022-10-22','Transfer',107354.41,1249691.09,'Internet Banking','Vendor payment'),
(458,495,'2018-06-28','Withdraw',76201.53,2017584.46,'Branch','Cash deposit'),
(459,563,'2023-09-27','Transfer',145376.73,361196.94,'ATM','Vendor payment'),
(460,442,'2019-08-12','Transfer',40597.19,668650.15,'Branch','Grocery'),
(461,240,'2021-05-26','Withdraw',161804.52,1343596.36,'Internet Banking','Rent payment'),
(462,206,'2023-11-22','Withdraw',231135.27,2482496.89,'Mobile App','Bonus credit'),
(463,442,'2020-09-15','Deposit',386399.97,1661406.17,'Branch',NULL),
(464,120,'2024-03-09','Withdraw',238665.79,2783546.41,'Mobile App','Dividend'),
(465,109,'2023-01-10','Deposit',118848.93,2925095.16,'Mobile App','Bonus credit'),
(466,312,'2018-01-01','Transfer',197619.28,3069323.6,'Mobile App','Fuel'),
(467,32,'2022-10-11','Transfer',290888.81,2850434.07,'Internet Banking','Medical'),
(468,11,'2023-07-28','Deposit',184553.43,1973891.24,'Internet Banking','ATM withdrawal'),
(469,503,'2018-05-30','Deposit',2850.14,1944180.1,'Branch','Fuel'),
(470,516,'2023-02-06','Withdraw',102547.44,3695113.41,'Mobile App','Fuel'),
(471,345,'2023-07-16','Withdraw',245957.11,1750248.71,'Mobile App','Medical'),
(472,196,'2021-05-05','Withdraw',38280.87,1296778.93,'Branch',NULL),
(473,366,'2021-04-05','Deposit',23132.2,701702.07,'Mobile App','School fees'),
(474,355,'2022-06-07','Withdraw',23291.35,3322630.74,'Branch','Rent payment'),
(475,296,'2023-04-06','Withdraw',270308.55,2070174.75,NULL,NULL),
(476,326,'2018-01-11','Withdraw',210000.08,776401.72,'Mobile App','Fund transfer'),
(477,508,'2023-08-09','Transfer',16728.2,2741022.83,'Mobile App','Bonus credit'),
(478,174,'2021-12-02','Transfer',45742.8,1048069.79,'ATM','School fees'),
(479,507,'2019-04-07','Withdraw',188054.44,2340800.56,'Mobile App','ATM withdrawal'),
(480,238,'2019-11-29','Transfer',386062.3,3704800.39,'ATM','Dividend'),
(481,55,'2019-05-30','Deposit',295282.1,3974872.69,'Branch','Online purchase'),
(482,539,'2022-02-27','Deposit',329457.48,1525053.88,'Mobile App',NULL),
(483,570,'2024-04-07','Deposit',382183.48,3168630.46,'ATM',NULL),
(484,536,'2024-04-29','Withdraw',122628.25,36924.93,'Internet Banking','Grocery'),
(485,146,'2023-01-28','Deposit',171477.44,2907511.62,'Branch','ATM withdrawal'),
(486,588,'2018-06-25','Deposit',361511.13,2000126.78,'Branch',NULL),
(487,330,'2020-07-25','Deposit',48116.58,679530.78,'Branch','Online purchase'),
(488,403,'2022-03-13','Withdraw',75799.22,226983.08,'Mobile App','Utility bill'),
(489,181,'2019-10-21','Deposit',387904.5,2162795.96,'ATM','Dividend'),
(490,192,'2023-04-11','Deposit',99939.55,2565707.86,'ATM',NULL),
(491,351,'2022-04-06','Transfer',219517.11,2442630.53,'Branch','Medical'),
(492,239,'2018-07-29','Withdraw',287980.18,2528382.9,'Internet Banking','School fees'),
(493,443,'2021-04-20','Withdraw',52692.4,1131134.0,'Internet Banking','Grocery'),
(494,395,'2022-04-10','Transfer',198767.21,2743642.62,NULL,'Dividend'),
(495,61,'2019-06-26','Deposit',169165.71,1673900.94,'Branch','Medical'),
(496,472,'2023-11-20','Transfer',331652.51,3087054.9,'Branch','Rent payment'),
(497,79,'2021-09-11','Deposit',274375.7,2446092.87,'Branch','Rent payment'),
(498,88,'2019-12-07','Transfer',268249.16,971337.38,'Branch','Cash deposit'),
(499,334,'2022-10-31','Transfer',102533.49,1420384.91,'ATM',NULL),
(500,544,'2018-01-04','Transfer',234050.63,3510636.77,'ATM','Medical'),
(501,265,'2022-02-24','Deposit',267010.6,2799560.94,'ATM','Rent payment'),
(502,37,'2023-02-08','Transfer',288826.39,1042950.87,'Internet Banking','Utility bill'),
(503,566,'2024-01-21','Deposit',384715.26,2339773.42,'Mobile App','Bonus credit'),
(504,100,'2020-09-14','Deposit',53359.96,2402197.5,'Internet Banking','ATM withdrawal'),
(505,327,'2018-08-03','Withdraw',192336.56,3818882.26,'Mobile App','Fuel'),
(506,226,'2020-09-07','Withdraw',380066.6,3065152.73,'Internet Banking','Utility bill'),
(507,79,'2018-12-12','Transfer',300651.29,1903159.84,'Internet Banking','Bonus credit'),
(508,44,'2023-07-31','Transfer',176463.88,2363634.05,'Internet Banking','Salary credit'),
(509,48,'2020-09-21','Withdraw',177772.89,981483.91,'Branch','Rent payment'),
(510,259,'2023-03-23','Withdraw',362716.71,767255.72,'Mobile App',NULL),
(511,272,'2020-09-02','Deposit',194374.26,369174.85,NULL,NULL),
(512,253,'2023-09-03','Withdraw',318743.94,3707882.73,'ATM',NULL),
(513,60,'2022-05-24','Withdraw',385895.45,566450.69,'Mobile App','Online purchase'),
(514,346,'2018-05-01','Withdraw',331353.1,2917157.37,'Mobile App','Dividend'),
(515,585,'2020-04-01','Withdraw',273827.71,2081747.53,'ATM','Insurance premium'),
(516,552,'2024-01-04','Transfer',240900.25,1244001.79,'ATM','Cash deposit'),
(517,515,'2022-09-08','Withdraw',276029.2,2465061.08,'Mobile App','Grocery'),
(518,234,'2022-03-21','Deposit',100930.07,1673725.9,'Branch',NULL),
(519,400,'2022-05-01','Transfer',127298.4,1176667.46,'Mobile App','Vendor payment'),
(520,118,'2021-04-16','Withdraw',347191.28,2368854.2,'Internet Banking','Utility bill'),
(521,107,'2018-09-17','Deposit',390301.64,1388897.09,'Mobile App',NULL),
(522,260,'2019-12-15','Transfer',203806.59,3789559.56,'Branch','Rent payment'),
(523,348,'2020-08-16','Deposit',143778.86,401683.8,'ATM','Vendor payment'),
(524,169,'2023-02-14','Withdraw',191347.83,300818.87,'Mobile App','Salary credit'),
(525,51,'2018-06-18','Transfer',237928.64,3611375.06,'Mobile App','Fuel'),
(526,507,'2023-10-06','Transfer',125829.52,1929946.01,'Mobile App','Cash deposit'),
(527,122,'2023-04-18','Transfer',99013.15,2153807.7,'ATM',NULL),
(528,318,'2022-09-15','Withdraw',247468.76,3940778.98,'Branch','Grocery'),
(529,23,'2023-10-24','Transfer',179777.79,1024278.27,'ATM','Cash deposit'),
(530,387,'2021-02-05','Transfer',157097.21,112673.65,'Mobile App','Fuel'),
(531,175,'2023-01-14','Deposit',353328.5,3969889.78,'Internet Banking','Online purchase'),
(532,274,'2024-05-07','Transfer',100118.19,1486127.04,'ATM',NULL),
(533,311,'2019-08-24','Withdraw',364774.79,1516044.28,'Internet Banking','Fuel'),
(534,434,'2021-12-11','Transfer',319075.49,3372357.56,'Internet Banking','Vendor payment'),
(535,567,'2020-09-28','Deposit',23485.27,2271977.21,'Internet Banking','Dividend'),
(536,11,'2024-01-23','Deposit',107255.12,3287792.92,'Internet Banking','Cash deposit'),
(537,144,'2018-07-05','Withdraw',64595.38,1019369.97,'Internet Banking','Medical'),
(538,495,'2019-05-29','Transfer',69399.35,1131946.15,'Branch','Utility bill'),
(539,104,'2018-01-03','Withdraw',230871.28,3565485.57,'Branch','Cash deposit'),
(540,133,'2021-07-12','Transfer',258067.38,453777.41,'Branch','Fund transfer'),
(541,524,'2020-11-21','Transfer',177656.56,1620863.36,'ATM','Online purchase'),
(542,157,'2018-09-09','Deposit',315336.82,131468.51,'Internet Banking',NULL),
(543,244,'2022-07-14','Withdraw',120789.49,1916298.09,'Branch','Cash deposit'),
(544,595,'2021-08-16','Deposit',66719.95,1699115.57,'ATM','Rent payment'),
(545,332,'2020-09-24','Transfer',12919.79,511101.4,NULL,'Dividend'),
(546,347,'2020-05-31','Transfer',393825.73,678063.08,'Mobile App','Grocery'),
(547,256,'2020-01-08','Transfer',88775.34,250340.59,'ATM','Dividend'),
(548,371,'2023-10-17','Withdraw',302317.45,3083132.45,'Internet Banking','School fees'),
(549,392,'2023-02-22','Transfer',106666.02,567540.53,'Mobile App',NULL),
(550,126,'2023-04-25','Transfer',67635.67,2534435.82,'Internet Banking','Medical'),
(551,12,'2023-01-23','Withdraw',125774.54,1603580.32,'Mobile App','Dividend'),
(552,564,'2022-01-06','Transfer',17563.47,3410235.13,'Internet Banking','Online purchase'),
(553,298,'2019-04-04','Withdraw',187629.04,775675.83,'Branch','Fund transfer'),
(554,17,'2024-03-14','Deposit',240363.54,2203156.11,'Branch','School fees'),
(555,47,'2018-06-21','Transfer',199258.56,1572126.2,'ATM','Fund transfer'),
(556,575,'2020-02-01','Deposit',364534.78,3327226.24,'Internet Banking','Cash deposit'),
(557,373,'2020-09-16','Transfer',275225.97,2732905.62,'Mobile App','Bonus credit'),
(558,282,'2021-10-20','Deposit',355243.2,2673808.09,'Internet Banking','Fuel'),
(559,81,'2020-12-26','Withdraw',238950.75,3559885.68,'Branch','Bonus credit'),
(560,509,'2018-01-21','Deposit',188125.09,2051671.1,'Internet Banking','Dividend'),
(561,52,'2018-01-18','Transfer',146210.78,1163230.45,'Internet Banking','Grocery'),
(562,58,'2021-12-05','Withdraw',70116.76,3414337.8,'Branch',NULL),
(563,252,'2023-02-19','Withdraw',67657.65,3501768.45,'Branch','Insurance premium'),
(564,447,'2019-11-25','Transfer',79369.41,3194323.25,'Mobile App','Fund transfer'),
(565,510,'2021-03-21','Withdraw',154908.69,3050499.82,'Branch','Medical'),
(566,578,'2023-01-04','Deposit',118332.8,2985941.25,'ATM','Fund transfer'),
(567,382,'2021-04-20','Deposit',274088.84,1093346.7,'Mobile App','ATM withdrawal'),
(568,196,'2020-12-08','Withdraw',41164.62,3267585.01,'Internet Banking','Salary credit'),
(569,333,'2023-11-16','Withdraw',190662.13,152425.53,'Mobile App','Fuel'),
(570,299,'2018-03-07','Withdraw',383593.9,3762023.71,'Mobile App','Fuel'),
(571,140,'2022-02-23','Withdraw',307059.77,1461592.18,'Mobile App','Fuel'),
(572,383,'2018-08-30','Transfer',16028.94,3569747.41,'ATM','Medical'),
(573,218,'2019-04-09','Deposit',307521.11,3038892.14,'ATM','Insurance premium'),
(574,132,'2020-06-03','Deposit',125099.63,1258082.74,'Branch','Bonus credit'),
(575,174,'2020-07-28','Transfer',180794.83,1764963.33,'Mobile App','Grocery'),
(576,590,'2020-02-04','Withdraw',209488.81,2992467.28,'Internet Banking','Rent payment'),
(577,230,'2021-05-24','Deposit',184401.08,2829046.84,'Mobile App','Salary credit'),
(578,160,'2019-11-08','Deposit',155578.49,3225684.78,'Branch','ATM withdrawal'),
(579,260,'2019-12-23','Withdraw',62938.51,1023707.46,'ATM','Fund transfer'),
(580,263,'2023-12-14','Transfer',232488.79,2719227.43,'ATM','ATM withdrawal'),
(581,548,'2018-12-16','Transfer',125247.4,1857175.0,'Internet Banking','Online purchase'),
(582,526,'2019-06-27','Deposit',127241.6,905346.6,'Branch','Dividend'),
(583,94,'2020-06-25','Transfer',9044.59,2388420.71,'Mobile App','ATM withdrawal'),
(584,349,'2022-01-14','Withdraw',166615.87,2068596.73,'Internet Banking','Online purchase'),
(585,448,'2020-02-08','Withdraw',393010.37,1071671.11,'Branch',NULL),
(586,349,'2018-06-05','Deposit',268011.4,3031064.42,'Branch','Rent payment'),
(587,322,'2022-12-01','Transfer',220390.07,880086.82,NULL,'Insurance premium'),
(588,201,'2021-08-20','Deposit',163733.44,3733800.34,'Internet Banking','Utility bill'),
(589,333,'2023-02-16','Withdraw',158872.51,1626795.44,'ATM','School fees'),
(590,272,'2021-05-25','Transfer',13173.38,1761087.2,'Branch','Rent payment'),
(591,554,'2018-03-12','Withdraw',148146.86,2886202.64,'Internet Banking','Bonus credit'),
(592,500,'2019-11-07','Deposit',111569.1,3885268.16,'ATM','Fuel'),
(593,224,'2020-10-24','Transfer',385033.76,3276427.97,'Branch','Fund transfer'),
(594,327,'2020-09-03','Withdraw',74926.17,66632.52,'Mobile App','Fund transfer'),
(595,550,'2018-12-06','Withdraw',198428.38,2901040.2,'Internet Banking','Medical'),
(596,598,'2020-08-04','Transfer',345586.13,77594.79,'Mobile App','Vendor payment'),
(597,85,'2022-01-25','Withdraw',52597.36,700038.58,'ATM','Vendor payment'),
(598,371,'2019-10-15','Withdraw',284432.31,2903463.39,'Internet Banking','Cash deposit'),
(599,178,'2018-12-30','Transfer',37567.67,764943.86,'Mobile App',NULL),
(600,431,'2019-06-19','Withdraw',82145.18,3018572.95,'ATM',NULL),
(601,1,'2019-01-19','Withdraw',175679.91,3624721.15,'Mobile App','Dividend'),
(602,14,'2018-12-25','Transfer',64265.92,1838307.87,'Branch','Salary credit'),
(603,79,'2023-07-12','Deposit',336826.33,3916455.92,'Internet Banking','Online purchase'),
(604,69,'2024-05-04','Deposit',31032.85,341767.37,'ATM','Salary credit'),
(605,248,'2024-05-17','Transfer',53848.64,2501516.87,'ATM','Rent payment'),
(606,56,'2021-05-29','Deposit',144563.5,3611665.57,'ATM','Cash deposit'),
(607,342,'2023-05-28','Withdraw',49176.33,1944278.37,'ATM',NULL),
(608,86,'2020-02-12','Transfer',202382.12,1961790.78,'ATM','Cash deposit'),
(609,18,'2021-03-27','Withdraw',392101.28,2326201.33,'Mobile App','Fuel'),
(610,591,'2023-09-22','Transfer',313178.01,1200891.83,'ATM','Fund transfer'),
(611,244,'2019-07-24','Withdraw',229636.75,1605801.39,'Internet Banking','ATM withdrawal'),
(612,274,'2023-07-23','Withdraw',82828.58,2587385.16,'Mobile App','Insurance premium'),
(613,411,'2022-09-14','Deposit',240200.01,417855.45,'ATM','Fund transfer'),
(614,496,'2021-04-09','Withdraw',9818.0,1128557.2,'Mobile App','School fees'),
(615,115,'2019-05-08','Withdraw',317723.6,1800577.31,'Mobile App','Fuel'),
(616,219,'2018-10-05','Deposit',327359.0,1432825.41,'Mobile App','Rent payment'),
(617,35,'2021-02-17','Deposit',178655.37,1723034.41,'ATM','Insurance premium'),
(618,310,'2018-05-08','Deposit',82914.21,1995885.15,'Internet Banking','Vendor payment'),
(619,394,'2024-05-29','Deposit',310691.54,2292381.97,'ATM','Vendor payment'),
(620,293,'2019-06-26','Transfer',352534.98,1939741.88,'Mobile App',NULL),
(621,3,'2019-12-29','Deposit',341963.2,2285945.17,'Mobile App','Vendor payment'),
(622,541,'2022-12-30','Deposit',27897.61,974313.72,'Mobile App','Cash deposit'),
(623,7,'2023-04-01','Transfer',363043.17,1609355.57,'ATM','Bonus credit'),
(624,284,'2021-05-10','Transfer',124052.18,537642.71,'Mobile App','Utility bill'),
(625,5,'2021-03-28','Deposit',145554.52,510397.79,NULL,'Vendor payment'),
(626,8,'2022-01-11','Deposit',218317.73,1555319.38,'Branch','ATM withdrawal'),
(627,343,'2019-05-27','Deposit',304380.41,3822093.38,'Internet Banking','ATM withdrawal'),
(628,234,'2018-09-22','Withdraw',140341.39,2844252.45,'Internet Banking','Bonus credit'),
(629,449,'2023-05-05','Transfer',218227.86,3150448.33,'Mobile App','Online purchase'),
(630,223,'2023-01-31','Deposit',219556.67,1080835.82,'Mobile App','Rent payment'),
(631,41,'2020-01-20','Withdraw',184483.9,3622723.79,'Branch','Cash deposit'),
(632,158,'2022-05-31','Withdraw',46182.68,426169.77,'Internet Banking','Fuel'),
(633,432,'2022-06-05','Deposit',329933.4,1098343.86,'Branch','Fuel'),
(634,8,'2024-04-18','Deposit',85884.38,1020294.94,'Branch','Utility bill'),
(635,329,'2019-04-09','Deposit',371390.76,1339716.5,'Mobile App','Rent payment'),
(636,290,'2018-08-09','Deposit',113144.04,2288697.75,'Internet Banking','Vendor payment'),
(637,573,'2020-01-26','Transfer',74701.51,3367815.44,'Mobile App',NULL),
(638,360,'2021-05-02','Withdraw',92469.35,2757933.55,'Branch','Online purchase'),
(639,349,'2020-08-16','Withdraw',178586.17,1969371.73,'Mobile App','School fees'),
(640,528,'2022-10-31','Transfer',364251.29,2464481.44,'Internet Banking','Dividend'),
(641,520,'2019-07-15','Deposit',65093.95,254116.01,'Internet Banking','Fund transfer'),
(642,254,'2021-04-01','Withdraw',49214.59,466772.62,'Mobile App','Vendor payment'),
(643,355,'2023-06-15','Transfer',42637.26,3232760.55,'Mobile App','Rent payment'),
(644,365,'2019-10-24','Deposit',22838.44,1087591.02,'Internet Banking','Utility bill'),
(645,92,'2021-02-14','Deposit',43623.65,591865.89,'ATM','Grocery'),
(646,501,'2022-07-12','Deposit',80130.68,3809342.7,'Branch','Rent payment'),
(647,312,'2024-02-26','Deposit',11582.02,2938732.83,'Mobile App','Grocery'),
(648,208,'2019-11-13','Transfer',102934.89,2606811.42,'Mobile App','Cash deposit'),
(649,238,'2018-04-30','Withdraw',294121.69,2697866.53,'Internet Banking','Online purchase'),
(650,231,'2019-03-01','Transfer',77104.39,1037189.37,'ATM',NULL),
(651,600,'2023-04-10','Deposit',134001.68,1096944.56,'Mobile App','Online purchase'),
(652,472,'2020-06-20','Withdraw',307863.57,2480785.59,'Mobile App','Bonus credit'),
(653,156,'2019-05-06','Withdraw',187547.52,1592378.01,'Internet Banking',NULL),
(654,43,'2018-01-24','Transfer',3547.17,1652085.76,'Internet Banking','Rent payment'),
(655,437,'2023-03-06','Transfer',253334.18,833671.73,'Mobile App','Grocery'),
(656,106,'2022-08-28','Withdraw',88525.02,3147696.73,'Mobile App','Fund transfer'),
(657,12,'2020-09-07','Withdraw',289665.13,3211833.68,'Branch','Medical'),
(658,422,'2020-08-27','Withdraw',65787.37,451876.94,'Branch','Cash deposit'),
(659,140,'2019-05-23','Deposit',267702.91,812413.53,'Branch','Insurance premium'),
(660,276,'2022-07-19','Withdraw',83791.95,2803128.52,'ATM','Medical'),
(661,369,'2022-09-09','Transfer',238303.98,2820926.46,'Mobile App',NULL),
(662,513,'2024-02-29','Withdraw',131291.95,770255.05,'Branch','ATM withdrawal'),
(663,42,'2021-08-04','Deposit',95735.64,514897.96,'Branch','Bonus credit'),
(664,93,'2021-01-28','Transfer',184784.43,2512610.9,'Branch',NULL),
(665,433,'2020-04-19','Transfer',283442.07,3578111.63,'Internet Banking','ATM withdrawal'),
(666,403,'2021-06-01','Deposit',205521.31,2896431.01,'ATM','Insurance premium'),
(667,327,'2023-03-14','Withdraw',172079.5,2445097.09,'Branch','ATM withdrawal'),
(668,420,'2018-12-20','Withdraw',192238.44,2859441.79,'Internet Banking',NULL),
(669,43,'2021-11-04','Deposit',324432.27,3586496.1,'ATM','ATM withdrawal'),
(670,281,'2021-02-23','Deposit',362227.33,507774.18,'ATM','Insurance premium'),
(671,438,'2019-04-13','Transfer',312665.58,2187475.74,'ATM',NULL),
(672,352,'2022-06-01','Transfer',204178.75,1456472.9,'Internet Banking','Salary credit'),
(673,402,'2019-06-04','Transfer',395923.95,3437590.84,'Internet Banking',NULL),
(674,127,'2019-03-27','Withdraw',147964.24,682318.98,'Branch','Bonus credit'),
(675,305,'2024-05-17','Deposit',25546.06,1912874.15,NULL,'Bonus credit'),
(676,130,'2020-07-03','Transfer',316316.15,3005957.74,'ATM','Rent payment'),
(677,590,'2022-10-13','Withdraw',137231.31,2842584.41,'Branch','Grocery'),
(678,313,'2018-03-13','Deposit',253414.67,920205.89,'Internet Banking','Insurance premium'),
(679,466,'2022-07-19','Transfer',399085.05,1569302.54,'Branch','School fees'),
(680,227,'2019-07-15','Withdraw',254921.86,2090828.5,'Mobile App',NULL),
(681,414,'2019-01-23','Transfer',185095.12,3026567.75,'Internet Banking','Dividend'),
(682,254,'2019-09-01','Withdraw',278889.28,121752.27,'Internet Banking','Fuel'),
(683,416,'2022-05-18','Deposit',368938.03,1141212.39,'Internet Banking','Fund transfer'),
(684,101,'2022-02-21','Deposit',379153.44,648231.62,'Mobile App','Fund transfer'),
(685,369,'2021-07-05','Deposit',304600.11,3224729.12,'ATM','Bonus credit'),
(686,2,'2020-01-26','Transfer',6545.54,3081188.32,'ATM','Utility bill'),
(687,488,'2018-06-25','Withdraw',212231.21,1931512.06,NULL,'Rent payment'),
(688,17,'2018-07-27','Transfer',189608.5,3795500.37,'Internet Banking','Online purchase'),
(689,340,'2019-02-19','Withdraw',328362.93,609759.31,'ATM','Rent payment'),
(690,530,'2018-06-27','Transfer',232097.19,1159449.34,'ATM','Insurance premium'),
(691,484,'2024-03-27','Transfer',310574.08,2552365.41,'Mobile App','School fees'),
(692,174,'2021-05-04','Deposit',329236.61,2135357.72,'Mobile App','Insurance premium'),
(693,204,'2023-03-04','Deposit',248190.12,2540781.33,'Branch','School fees'),
(694,553,'2023-01-09','Withdraw',86599.89,447549.45,'Mobile App','Insurance premium'),
(695,202,'2018-01-19','Transfer',165068.66,3038498.93,'Mobile App','Dividend'),
(696,281,'2022-07-06','Deposit',310693.61,2234396.91,'Mobile App','Rent payment'),
(697,354,'2021-07-01','Deposit',121844.48,2480588.44,'ATM','Grocery'),
(698,2,'2019-08-25','Transfer',136201.57,846749.22,'Internet Banking','Salary credit'),
(699,548,'2020-08-28','Deposit',51702.01,1627759.28,'Branch','ATM withdrawal'),
(700,84,'2023-12-14','Deposit',92660.42,826645.11,'ATM',NULL),
(701,451,'2018-06-19','Withdraw',386672.27,60068.4,'Mobile App','Fuel'),
(702,427,'2024-05-17','Transfer',356016.16,3949170.14,'Mobile App','Online purchase'),
(703,295,'2022-05-21','Deposit',337646.88,2562268.41,'ATM','Cash deposit'),
(704,139,'2022-12-20','Withdraw',265727.88,2743250.5,'ATM','Salary credit'),
(705,229,'2023-05-14','Transfer',353349.61,3162244.17,'Branch','ATM withdrawal'),
(706,283,'2021-10-04','Transfer',42928.47,923528.56,'ATM','ATM withdrawal'),
(707,219,'2018-11-08','Withdraw',2670.37,2379708.11,'Branch','Cash deposit'),
(708,326,'2022-10-05','Transfer',311698.97,3424262.16,'ATM','Insurance premium'),
(709,421,'2022-06-18','Deposit',155723.65,3049083.0,'Internet Banking','School fees'),
(710,336,'2023-04-17','Withdraw',167536.03,252199.65,'ATM','Online purchase'),
(711,571,'2021-05-04','Transfer',397458.63,2750256.48,'Mobile App','Salary credit'),
(712,495,'2024-02-25','Deposit',54633.9,456256.49,'Branch','Rent payment'),
(713,348,'2023-08-19','Withdraw',280559.42,3349184.94,'Mobile App','School fees'),
(714,318,'2019-11-23','Deposit',42210.93,776333.07,'Mobile App','Grocery'),
(715,259,'2022-05-13','Transfer',34146.29,1957947.17,'Internet Banking','Fuel'),
(716,229,'2019-11-10','Deposit',228399.6,2219309.21,'ATM','School fees'),
(717,195,'2021-05-27','Transfer',332768.97,470863.29,'Branch','School fees'),
(718,339,'2018-07-04','Withdraw',69318.87,152602.83,'Mobile App','Salary credit'),
(719,18,'2022-09-23','Withdraw',4099.1,1373591.36,'Mobile App','Utility bill'),
(720,4,'2022-10-15','Transfer',395100.16,1546866.59,NULL,'Utility bill'),
(721,408,'2018-11-18','Transfer',5205.6,3475971.71,'Internet Banking','Medical'),
(722,202,'2022-04-25','Withdraw',256159.71,1642059.64,'ATM',NULL),
(723,440,'2022-06-17','Withdraw',25213.94,995482.53,'Branch','School fees'),
(724,142,'2018-05-29','Transfer',227539.29,2994016.6,'Internet Banking','Fund transfer'),
(725,582,'2023-06-12','Deposit',278009.07,1011129.43,'Mobile App','Rent payment'),
(726,36,'2018-10-23','Deposit',293796.48,165415.22,'Mobile App','Utility bill'),
(727,402,'2023-05-09','Deposit',231970.88,2494134.46,'Internet Banking','Fund transfer'),
(728,561,'2018-06-23','Transfer',5965.82,2810629.62,'ATM','Salary credit'),
(729,461,'2023-07-22','Withdraw',361987.2,682826.84,'Mobile App','Cash deposit'),
(730,284,'2023-12-25','Deposit',330263.6,91849.09,'Mobile App','Online purchase'),
(731,288,'2020-03-27','Withdraw',26825.24,405756.12,'ATM','Online purchase'),
(732,271,'2022-09-14','Withdraw',152751.75,1686955.36,NULL,'Bonus credit'),
(733,319,'2022-08-13','Withdraw',84397.78,2630173.71,'ATM','Medical'),
(734,350,'2018-08-22','Deposit',48647.32,969783.61,'Mobile App',NULL),
(735,320,'2020-06-10','Withdraw',391541.32,3289496.52,'Mobile App',NULL),
(736,503,'2021-05-30','Withdraw',308087.42,963585.97,'Branch','Fund transfer'),
(737,212,'2018-06-11','Transfer',140576.82,1937257.55,'ATM','Fund transfer'),
(738,479,'2020-01-04','Transfer',325544.54,3464372.51,'Mobile App','Utility bill'),
(739,181,'2019-10-22','Withdraw',311307.02,1001147.43,'Internet Banking','ATM withdrawal'),
(740,543,'2021-08-29','Deposit',71201.27,2566378.91,'Internet Banking','Medical'),
(741,188,'2024-02-15','Deposit',331931.94,2187061.98,'ATM','Online purchase'),
(742,161,'2022-12-29','Withdraw',225771.22,85088.17,'Branch','Salary credit'),
(743,75,'2021-05-04','Deposit',231488.45,1381131.79,'Branch','Salary credit'),
(744,486,'2020-10-14','Withdraw',340266.67,2064275.77,'ATM',NULL),
(745,29,'2021-02-23','Withdraw',222766.63,3903086.97,'Branch','Rent payment'),
(746,85,'2018-09-18','Transfer',304958.23,2175606.82,'Mobile App','School fees'),
(747,410,'2021-04-04','Withdraw',382437.18,2747051.66,'Mobile App','School fees'),
(748,60,'2021-06-17','Transfer',163988.87,389973.44,'Branch','Grocery'),
(749,371,'2022-04-20','Deposit',378394.28,2514565.35,NULL,NULL),
(750,319,'2021-12-16','Transfer',240904.71,1925344.25,'ATM',NULL),
(751,118,'2020-05-05','Deposit',172112.93,697005.06,'Internet Banking','Cash deposit'),
(752,129,'2023-03-31','Deposit',117879.96,1322362.04,'ATM','ATM withdrawal'),
(753,216,'2022-03-01','Transfer',62456.19,99012.83,'ATM',NULL),
(754,156,'2023-01-19','Deposit',68736.12,1372075.6,NULL,'Dividend'),
(755,307,'2024-04-03','Transfer',310109.37,2653695.89,'Internet Banking','Medical'),
(756,255,'2019-06-22','Withdraw',230621.07,4133.94,'Branch','Fuel'),
(757,121,'2020-11-30','Withdraw',327556.5,1786307.18,'Mobile App','Insurance premium'),
(758,504,'2022-11-02','Transfer',259012.62,2630081.04,'Branch','Medical'),
(759,507,'2022-01-28','Transfer',176054.13,635230.2,'ATM','Grocery'),
(760,478,'2024-04-03','Deposit',199291.38,1448602.06,NULL,'School fees'),
(761,575,'2018-03-23','Transfer',143756.75,1363673.14,'ATM','Medical'),
(762,52,'2022-06-07','Deposit',279042.81,2429607.17,'Branch','ATM withdrawal'),
(763,341,'2022-04-16','Withdraw',119348.41,947150.04,'ATM','Cash deposit'),
(764,86,'2018-06-08','Deposit',294805.48,826688.24,'Mobile App','Grocery'),
(765,424,'2023-11-18','Transfer',365056.56,3361109.96,'ATM','Bonus credit'),
(766,284,'2022-12-26','Deposit',357167.56,1104651.83,'Mobile App','ATM withdrawal'),
(767,316,'2022-06-26','Transfer',33050.74,3630900.16,'ATM','Fuel'),
(768,470,'2022-01-01','Deposit',131710.84,3876457.97,'Mobile App','Utility bill'),
(769,585,'2018-07-04','Transfer',14789.49,1589497.76,'Internet Banking','School fees'),
(770,288,'2022-02-07','Withdraw',319337.7,3085080.95,'ATM','Medical'),
(771,333,'2018-05-20','Withdraw',278897.94,3056702.73,'ATM','Online purchase'),
(772,397,'2019-12-16','Withdraw',365141.04,2031090.16,'Branch','Bonus credit'),
(773,177,'2020-01-11','Withdraw',250058.09,938399.85,'ATM','Cash deposit'),
(774,418,'2023-09-04','Withdraw',192721.82,2884585.59,'Internet Banking','Vendor payment'),
(775,132,'2019-08-08','Deposit',185130.76,215696.63,'Branch','ATM withdrawal'),
(776,501,'2022-11-30','Transfer',372369.27,3612581.33,'Mobile App',NULL),
(777,221,'2019-09-27','Withdraw',289962.06,3359642.49,'Internet Banking','Fuel'),
(778,117,'2019-06-07','Withdraw',180693.62,907700.04,'Branch','Salary credit'),
(779,430,'2018-04-19','Transfer',260687.52,2869439.15,'Internet Banking','Bonus credit'),
(780,531,'2019-01-03','Withdraw',362717.95,3991008.05,'Internet Banking','Dividend'),
(781,296,'2021-10-01','Deposit',338072.05,2378275.85,'Mobile App','School fees'),
(782,583,'2022-12-27','Transfer',80393.98,2987825.25,'Mobile App','Fund transfer'),
(783,272,'2018-05-16','Transfer',128486.83,1678398.96,'Internet Banking','Grocery'),
(784,521,'2019-07-27','Deposit',213150.73,3766005.44,'Branch',NULL),
(785,572,'2023-01-29','Deposit',218530.4,1568223.25,'Internet Banking','Salary credit'),
(786,149,'2021-11-09','Withdraw',297261.73,2567269.01,'Internet Banking','Dividend'),
(787,124,'2024-01-30','Withdraw',28241.22,2355184.92,'ATM',NULL),
(788,452,'2021-10-28','Deposit',315729.25,962837.43,'ATM','Grocery'),
(789,90,'2020-03-29','Transfer',159609.02,894716.14,'Mobile App','Vendor payment'),
(790,97,'2018-04-06','Withdraw',52099.1,597431.23,'ATM','Grocery'),
(791,414,'2024-06-09','Deposit',41527.79,1729317.69,'Mobile App','Vendor payment'),
(792,492,'2023-08-15','Transfer',39440.85,898743.18,'Internet Banking','School fees'),
(793,165,'2020-09-29','Withdraw',285095.75,936196.7,'ATM','School fees'),
(794,386,'2019-05-22','Withdraw',165631.24,1846058.4,'Branch','Vendor payment'),
(795,333,'2021-08-23','Deposit',325728.46,2965074.64,'Mobile App','Utility bill'),
(796,487,'2022-04-15','Transfer',85069.55,1910738.61,'Branch','Online purchase'),
(797,454,'2022-12-01','Transfer',134289.93,3629637.97,NULL,NULL),
(798,91,'2024-02-15','Withdraw',229395.24,769304.67,'Branch','Insurance premium'),
(799,279,'2022-08-14','Transfer',23151.95,2505504.51,'Mobile App','Salary credit'),
(800,410,'2020-04-27','Withdraw',172722.0,789755.5,'ATM','Grocery'),
(801,6,'2021-11-18','Deposit',317307.24,1973862.07,'ATM','Rent payment'),
(802,233,'2018-03-20','Transfer',222836.93,1578458.24,NULL,'Online purchase'),
(803,303,'2023-04-06','Transfer',36218.06,1176049.48,'Branch',NULL),
(804,64,'2021-11-06','Transfer',71665.54,3173311.61,'Internet Banking',NULL),
(805,217,'2019-12-09','Withdraw',153022.28,3228577.77,'Branch',NULL),
(806,8,'2020-12-08','Deposit',177478.44,3421106.55,'ATM','Cash deposit'),
(807,523,'2019-01-17','Deposit',165382.1,1370855.04,'Internet Banking','Vendor payment'),
(808,168,'2018-11-07','Transfer',200897.49,1379703.28,'ATM','Bonus credit'),
(809,114,'2020-03-18','Transfer',115031.24,3512172.23,'Internet Banking','Medical'),
(810,580,'2021-01-19','Deposit',194334.47,800611.5,'Branch','School fees'),
(811,381,'2018-03-13','Transfer',209353.72,1068343.4,'Internet Banking','Rent payment'),
(812,205,'2023-08-19','Transfer',196397.41,144005.07,'Branch','Fuel'),
(813,230,'2023-01-09','Transfer',242749.12,783619.17,'Branch','Grocery'),
(814,3,'2023-07-19','Deposit',57136.78,3811096.95,'ATM','Medical'),
(815,170,'2019-05-14','Deposit',240379.65,738699.3,'Mobile App','Insurance premium'),
(816,304,'2021-01-11','Transfer',239486.05,2015955.44,'Branch','Rent payment'),
(817,232,'2018-06-24','Deposit',266758.55,2613263.35,NULL,'Bonus credit'),
(818,383,'2023-09-15','Deposit',129629.79,1204955.84,'Mobile App','Insurance premium'),
(819,450,'2018-05-24','Deposit',327886.4,3327864.07,'Internet Banking',NULL),
(820,115,'2018-02-05','Transfer',118013.81,3702694.18,'Branch','Utility bill'),
(821,354,'2024-03-19','Transfer',302630.91,2171248.02,'Internet Banking','Online purchase'),
(822,108,'2018-06-18','Deposit',125689.45,41792.72,'ATM','Utility bill'),
(823,145,'2024-02-02','Deposit',223184.39,142971.37,'ATM','Online purchase'),
(824,48,'2021-08-22','Deposit',96739.42,2461497.69,'Branch','Grocery'),
(825,268,'2018-07-23','Withdraw',275491.85,2985943.71,'Internet Banking','Online purchase'),
(826,325,'2022-09-10','Deposit',358791.81,3931583.03,'ATM','Dividend'),
(827,194,'2022-04-23','Withdraw',112046.01,2875584.13,'Mobile App','Utility bill'),
(828,276,'2018-01-27','Withdraw',352691.11,1856320.86,'ATM','Salary credit'),
(829,36,'2020-05-22','Deposit',320967.21,3000046.15,'Mobile App','Cash deposit'),
(830,473,'2021-08-20','Transfer',316989.89,882186.35,'Branch',NULL),
(831,434,'2022-03-08','Transfer',117865.22,778724.24,'Internet Banking','Online purchase'),
(832,377,'2018-09-12','Transfer',312433.41,3888944.33,'ATM','Salary credit'),
(833,306,'2024-04-08','Withdraw',353495.51,820574.61,'ATM','Insurance premium'),
(834,115,'2021-05-27','Transfer',174570.54,718178.34,'Mobile App','Salary credit'),
(835,393,'2019-05-03','Transfer',336639.35,2069671.22,'ATM','Rent payment'),
(836,304,'2022-12-26','Transfer',99395.47,688315.43,'Internet Banking','Grocery'),
(837,96,'2020-02-28','Withdraw',297386.85,3762811.39,'Branch','Dividend'),
(838,470,'2023-08-08','Deposit',77197.01,1966319.75,NULL,'Rent payment'),
(839,138,'2018-07-31','Withdraw',192639.42,2043518.84,'ATM',NULL),
(840,450,'2021-04-11','Deposit',113506.12,3507910.61,'Branch',NULL),
(841,339,'2022-08-19','Transfer',200355.06,592480.87,'Mobile App','Bonus credit'),
(842,448,'2022-06-30','Deposit',123075.34,688045.96,NULL,NULL),
(843,231,'2018-12-24','Deposit',314507.5,2092595.55,'Branch','School fees'),
(844,85,'2020-08-18','Transfer',267137.07,1935585.97,'ATM','School fees'),
(845,260,'2021-04-28','Withdraw',148354.22,1604126.96,'ATM',NULL),
(846,50,'2022-07-17','Withdraw',225740.72,2444352.6,NULL,'Cash deposit'),
(847,524,'2024-01-31','Withdraw',78091.14,733046.57,NULL,'Online purchase'),
(848,346,'2024-03-02','Transfer',242863.1,2825578.34,'Branch','ATM withdrawal'),
(849,230,'2020-04-01','Deposit',245505.13,2979025.4,'Mobile App','Vendor payment'),
(850,189,'2022-09-01','Withdraw',278629.58,3990705.86,'Mobile App','School fees'),
(851,385,'2020-08-28','Deposit',43411.55,1043446.21,'ATM','Bonus credit'),
(852,69,'2020-08-05','Deposit',372831.21,2587043.7,'Internet Banking','School fees'),
(853,427,'2021-05-30','Transfer',323263.23,1743140.0,'Branch','School fees'),
(854,433,'2018-01-05','Transfer',103748.54,333085.98,NULL,'Dividend'),
(855,237,'2024-05-16','Deposit',1306.77,1931865.51,'Internet Banking','School fees'),
(856,108,'2022-01-17','Deposit',235885.61,837789.19,'ATM','Fund transfer'),
(857,82,'2024-01-04','Deposit',346386.45,3054116.62,'ATM',NULL),
(858,553,'2019-05-02','Deposit',64912.3,1686740.26,'ATM','Fund transfer'),
(859,31,'2023-11-02','Withdraw',300851.48,1396427.42,'Internet Banking','Medical'),
(860,502,'2018-09-22','Withdraw',110777.2,3092946.63,'Mobile App','Salary credit'),
(861,575,'2018-11-14','Transfer',294587.34,534209.64,'ATM','Rent payment'),
(862,81,'2021-04-08','Deposit',235753.86,2401794.6,'Branch',NULL),
(863,429,'2020-02-15','Withdraw',300164.22,2839450.47,'Internet Banking','ATM withdrawal'),
(864,377,'2018-11-12','Withdraw',384258.83,1774132.58,'Internet Banking',NULL),
(865,2,'2023-12-18','Transfer',99929.81,1957827.34,'Branch','ATM withdrawal'),
(866,460,'2018-10-15','Withdraw',368510.65,3152724.3,'Mobile App','Online purchase'),
(867,274,'2022-05-29','Withdraw',71573.59,2119259.85,'Internet Banking','Cash deposit'),
(868,348,'2020-07-16','Withdraw',145731.29,2266094.63,'Branch','ATM withdrawal'),
(869,126,'2021-05-04','Deposit',8339.2,1166496.36,'ATM','Vendor payment'),
(870,354,'2022-11-22','Transfer',26987.32,3341369.77,'Internet Banking',NULL),
(871,252,'2023-04-05','Transfer',14490.1,1581649.21,'Mobile App','Online purchase'),
(872,560,'2021-02-28','Transfer',173531.28,1198764.65,'Internet Banking','Cash deposit'),
(873,345,'2018-12-05','Transfer',188661.95,405349.13,'Internet Banking','Bonus credit'),
(874,379,'2019-04-30','Deposit',232684.66,1651119.81,'Internet Banking','Cash deposit'),
(875,553,'2019-05-28','Deposit',109765.77,3948946.86,'Internet Banking','Rent payment'),
(876,287,'2019-01-04','Deposit',127796.46,2095890.93,'Mobile App',NULL),
(877,31,'2020-04-12','Transfer',25887.79,2174135.75,'Internet Banking','Utility bill'),
(878,58,'2021-05-09','Deposit',230939.78,3518760.31,'Mobile App','School fees'),
(879,331,'2019-07-04','Deposit',168379.72,1826737.9,'ATM',NULL),
(880,463,'2021-01-17','Withdraw',127022.87,3740248.21,'Mobile App','Fund transfer'),
(881,97,'2023-09-21','Deposit',79012.13,1085506.7,'Branch','Dividend'),
(882,157,'2020-05-26','Transfer',74815.67,2609354.82,'Branch','Dividend'),
(883,363,'2023-07-20','Transfer',240071.76,1392860.79,'Mobile App','Rent payment'),
(884,374,'2021-12-05','Transfer',166394.25,2800147.98,'ATM',NULL),
(885,534,'2024-03-09','Deposit',69108.51,3765674.85,'Internet Banking',NULL),
(886,266,'2022-01-04','Withdraw',218541.72,952388.86,'Internet Banking',NULL),
(887,66,'2023-06-24','Transfer',237210.51,713065.28,'Branch','Fund transfer'),
(888,71,'2022-06-13','Deposit',137440.6,2221681.97,'ATM','Cash deposit'),
(889,287,'2023-04-21','Withdraw',194008.16,2755732.43,'Internet Banking','Vendor payment'),
(890,429,'2023-10-01','Transfer',190056.95,3081762.09,'Mobile App','Fund transfer'),
(891,559,'2018-12-01','Withdraw',278503.77,2343949.03,'Internet Banking',NULL),
(892,524,'2022-04-22','Withdraw',106118.32,910290.19,'ATM','Medical'),
(893,363,'2023-03-25','Deposit',118369.24,816662.95,'Internet Banking','Fuel'),
(894,92,'2019-08-15','Withdraw',159449.46,1365836.91,'Mobile App','ATM withdrawal'),
(895,204,'2020-10-06','Transfer',135882.81,821075.92,'Internet Banking',NULL),
(896,109,'2020-06-23','Deposit',208209.48,3479988.36,'Mobile App','Vendor payment'),
(897,215,'2021-12-14','Deposit',94684.27,379168.3,'Branch',NULL),
(898,339,'2020-09-07','Deposit',249596.59,778361.04,'Mobile App',NULL),
(899,95,'2020-05-06','Deposit',85714.32,2242259.49,'Mobile App','Fund transfer'),
(900,64,'2023-05-22','Deposit',11692.38,3390057.3,'Branch','Bonus credit'),
(901,176,'2019-03-21','Transfer',41188.1,3988187.98,'Mobile App','Cash deposit'),
(902,414,'2020-07-19','Withdraw',16937.12,12140.71,'ATM','Grocery'),
(903,48,'2023-01-31','Withdraw',381660.17,74783.8,'Internet Banking','Dividend'),
(904,118,'2020-11-11','Transfer',312074.57,3382989.77,'Mobile App','Salary credit'),
(905,588,'2021-03-04','Transfer',70343.82,1779295.87,'Mobile App','Utility bill'),
(906,364,'2020-01-08','Deposit',10696.18,412156.56,'ATM','Online purchase'),
(907,27,'2021-08-12','Transfer',254881.65,524226.49,'Internet Banking','ATM withdrawal'),
(908,200,'2023-09-23','Transfer',103622.9,2032024.21,'Branch','Grocery'),
(909,513,'2023-09-07','Withdraw',352858.5,494495.06,'Mobile App','Dividend'),
(910,310,'2019-03-04','Transfer',51799.8,1366928.12,'Branch','Bonus credit'),
(911,563,'2019-01-04','Deposit',371013.89,271572.31,'Internet Banking','Cash deposit'),
(912,442,'2022-01-03','Deposit',212721.9,1608512.93,'Internet Banking','Dividend'),
(913,135,'2019-11-09','Deposit',107103.59,343790.56,'Internet Banking',NULL),
(914,252,'2023-08-14','Withdraw',65726.31,3395909.98,'Branch','ATM withdrawal'),
(915,275,'2021-12-14','Withdraw',78829.56,3540007.5,'Mobile App','Fund transfer'),
(916,173,'2021-11-20','Withdraw',318389.91,920519.21,'ATM','Salary credit'),
(917,240,'2024-01-08','Deposit',48060.04,2744923.64,'Branch','Fund transfer'),
(918,430,'2022-09-16','Withdraw',74038.95,3185827.41,'ATM','Grocery'),
(919,146,'2020-09-16','Transfer',311371.4,1855234.6,'Internet Banking','Vendor payment'),
(920,437,'2019-08-16','Transfer',274792.49,2021303.25,'Branch','School fees'),
(921,574,'2021-10-07','Transfer',29311.83,725255.1,'Internet Banking','Rent payment'),
(922,254,'2022-12-09','Withdraw',317405.73,3950041.84,'Branch','Insurance premium'),
(923,539,'2020-09-21','Deposit',277190.82,2934498.95,'Internet Banking','Vendor payment'),
(924,84,'2020-04-06','Withdraw',292318.66,2140502.17,'Mobile App',NULL),
(925,316,'2020-12-18','Deposit',268841.84,1154226.71,'Internet Banking','Bonus credit'),
(926,301,'2022-01-31','Withdraw',40521.46,3601023.26,'ATM','ATM withdrawal'),
(927,285,'2018-07-31','Deposit',123780.45,3448770.84,'ATM','Cash deposit'),
(928,137,'2023-05-05','Transfer',148481.43,213341.51,'Mobile App','Fund transfer'),
(929,206,'2022-11-09','Transfer',109111.12,2774532.4,'ATM','Online purchase'),
(930,119,'2018-12-01','Withdraw',78303.3,2018899.82,'Mobile App','Cash deposit'),
(931,220,'2019-05-13','Withdraw',248458.74,3978356.1,'Internet Banking','Dividend'),
(932,91,'2018-06-08','Transfer',349081.98,2192268.57,'Branch',NULL),
(933,345,'2021-01-13','Deposit',161416.52,2195873.16,'Mobile App','Insurance premium'),
(934,448,'2022-12-09','Transfer',313835.97,3432751.95,'Mobile App','Rent payment'),
(935,307,'2022-01-16','Withdraw',164502.38,3752830.51,'ATM','Grocery'),
(936,598,'2024-02-07','Transfer',57552.1,1244820.81,'Internet Banking','Medical'),
(937,401,'2021-07-03','Withdraw',174832.63,3678273.65,'Internet Banking','Utility bill'),
(938,252,'2019-12-31','Transfer',121227.88,2582910.19,'Internet Banking','Dividend'),
(939,579,'2022-04-08','Deposit',275575.62,3811817.78,'Branch',NULL),
(940,163,'2018-06-05','Deposit',300930.61,2173512.28,'Mobile App','Rent payment'),
(941,129,'2023-11-03','Transfer',327342.75,3933720.0,'Mobile App',NULL),
(942,443,'2021-05-05','Deposit',123110.33,2469664.91,'Mobile App','Cash deposit'),
(943,494,'2021-11-12','Transfer',159697.82,808550.23,'Branch','Salary credit'),
(944,2,'2021-05-02','Transfer',172894.35,2366038.84,'ATM','Fund transfer'),
(945,594,'2019-07-04','Transfer',295396.0,2788190.79,'Mobile App','Bonus credit'),
(946,38,'2020-01-28','Transfer',273496.71,3034806.03,'Mobile App','School fees'),
(947,580,'2022-07-30','Transfer',18157.56,10878.32,'Branch','Salary credit'),
(948,289,'2023-07-02','Deposit',83539.52,3275675.11,'Mobile App','Utility bill'),
(949,46,'2019-10-14','Withdraw',292319.44,3593505.34,'Branch','Dividend'),
(950,410,'2023-09-05','Deposit',121336.08,652235.06,'ATM',NULL),
(951,295,'2022-11-27','Withdraw',12405.41,3342854.48,'ATM','Fuel'),
(952,479,'2024-05-22','Withdraw',310458.52,2559228.69,NULL,'Vendor payment'),
(953,379,'2021-05-01','Withdraw',329661.33,3359149.77,'Mobile App','Utility bill'),
(954,460,'2024-05-14','Deposit',320720.94,3780876.98,'Internet Banking',NULL),
(955,4,'2021-05-07','Withdraw',305664.63,3412594.41,'Branch',NULL),
(956,527,'2021-11-16','Deposit',319416.67,2141820.43,'Internet Banking','Utility bill'),
(957,38,'2020-06-23','Transfer',325036.32,947517.99,'ATM','Grocery'),
(958,136,'2020-12-30','Transfer',13568.11,2488048.31,'Mobile App',NULL),
(959,547,'2022-02-12','Withdraw',146495.15,3550561.32,NULL,'Salary credit'),
(960,209,'2022-06-24','Deposit',248687.09,341522.4,'Mobile App','Cash deposit'),
(961,36,'2024-04-14','Transfer',269035.56,1403676.89,'Mobile App','Insurance premium'),
(962,191,'2021-10-31','Transfer',283714.05,1559009.12,'Internet Banking','Grocery'),
(963,414,'2019-03-05','Withdraw',348304.75,446220.16,'Internet Banking','School fees'),
(964,509,'2018-07-30','Deposit',371723.48,3756284.91,'Internet Banking','Fund transfer'),
(965,328,'2018-12-01','Transfer',98034.17,733627.02,'Branch','Utility bill'),
(966,161,'2023-07-26','Transfer',224670.0,409437.91,'Internet Banking','Online purchase'),
(967,579,'2021-09-13','Deposit',100993.34,3118334.38,'ATM','Insurance premium'),
(968,233,'2018-11-06','Transfer',112142.0,1697661.43,'Internet Banking','Grocery'),
(969,180,'2021-03-11','Deposit',167942.28,2015600.74,'ATM','Online purchase'),
(970,419,'2024-06-29','Transfer',90506.19,1038171.58,'Branch',NULL),
(971,430,'2019-08-31','Withdraw',255099.82,516207.92,'Internet Banking','Medical'),
(972,373,'2020-02-17','Deposit',393404.35,3219399.38,'ATM','Rent payment'),
(973,498,'2018-02-05','Deposit',166280.08,1819835.13,'Mobile App','Bonus credit'),
(974,78,'2022-10-10','Transfer',37168.23,1217729.38,'Mobile App','Rent payment'),
(975,369,'2018-09-24','Withdraw',149827.96,2670617.64,'ATM','Dividend'),
(976,493,'2019-09-24','Deposit',183476.1,162740.68,'Mobile App',NULL),
(977,501,'2024-01-16','Deposit',258442.13,1175686.23,'Mobile App','Rent payment'),
(978,444,'2022-09-05','Withdraw',99300.09,3092585.91,'Mobile App','Dividend'),
(979,469,'2018-03-28','Deposit',117031.88,2784921.76,'Mobile App','ATM withdrawal'),
(980,332,'2018-06-26','Deposit',220013.74,451850.41,NULL,NULL),
(981,457,'2021-09-19','Deposit',37902.13,1955756.48,'Internet Banking','Vendor payment'),
(982,405,'2020-12-11','Withdraw',326325.85,2380240.87,'ATM','Cash deposit'),
(983,342,'2022-06-24','Withdraw',241905.82,2906249.23,'Branch','Vendor payment'),
(984,195,'2018-07-17','Transfer',151276.41,3639950.5,'ATM',NULL),
(985,221,'2023-01-10','Withdraw',318079.9,884826.56,'Internet Banking','Dividend'),
(986,92,'2020-12-14','Deposit',394770.19,2570580.18,'ATM','Salary credit'),
(987,283,'2020-11-16','Transfer',101247.12,3046914.06,'ATM','Vendor payment'),
(988,379,'2020-09-16','Transfer',155361.58,1601023.65,'Branch','ATM withdrawal'),
(989,107,'2022-03-14','Deposit',236308.14,554037.79,'ATM','ATM withdrawal'),
(990,223,'2023-06-07','Deposit',289282.47,1531951.6,'Mobile App','Insurance premium'),
(991,345,'2020-10-29','Deposit',252425.66,3230308.9,'Mobile App','Medical'),
(992,40,'2022-10-06','Withdraw',131855.24,2893966.62,'Branch','Dividend'),
(993,228,'2021-05-03','Transfer',315674.05,2597073.29,'Mobile App','Online purchase'),
(994,197,'2019-02-24','Withdraw',94415.53,2004152.58,'Mobile App','Fund transfer'),
(995,78,'2022-12-29','Transfer',18047.3,3779471.31,'Branch','Cash deposit'),
(996,228,'2021-07-12','Transfer',98326.95,1321385.81,'Mobile App','Dividend'),
(997,219,'2021-09-07','Deposit',181739.61,379115.02,'Internet Banking','Medical'),
(998,439,'2019-07-29','Deposit',231273.54,2972101.23,'ATM',NULL),
(999,473,'2023-07-23','Transfer',201720.0,1821545.66,'Internet Banking','School fees'),
(1000,460,'2023-11-27','Transfer',101492.03,134547.64,'ATM','Fund transfer'),
(1001,527,'2019-01-01','Deposit',29602.78,1546866.79,NULL,'Fuel'),
(1002,394,'2023-06-15','Deposit',376365.29,275401.56,'Internet Banking','School fees'),
(1003,3,'2021-12-31','Withdraw',13314.12,879816.53,NULL,'Grocery'),
(1004,547,'2018-01-25','Withdraw',123253.68,1271233.85,'ATM','Medical'),
(1005,307,'2022-08-14','Withdraw',257347.84,3787305.43,'Mobile App','Bonus credit'),
(1006,151,'2019-11-01','Deposit',295860.46,473101.45,'Branch','Utility bill'),
(1007,172,'2023-02-03','Withdraw',228486.77,2722029.94,'ATM',NULL),
(1008,256,'2024-06-01','Deposit',101293.69,3158712.79,'Internet Banking','School fees'),
(1009,414,'2018-12-02','Transfer',225753.18,3801921.25,NULL,'Bonus credit'),
(1010,240,'2020-01-10','Deposit',258547.09,192147.91,'ATM','ATM withdrawal'),
(1011,331,'2019-07-26','Withdraw',120084.01,1519833.98,'Mobile App',NULL),
(1012,380,'2024-01-24','Deposit',272512.29,3051072.64,'Mobile App','Insurance premium'),
(1013,416,'2020-12-20','Deposit',244533.74,1991826.1,'ATM','Medical'),
(1014,114,'2023-03-19','Withdraw',62511.49,1088439.78,'Internet Banking','Vendor payment'),
(1015,27,'2018-01-16','Transfer',287322.21,2480526.27,'Branch',NULL),
(1016,341,'2022-04-27','Transfer',115130.16,1937642.22,'ATM','School fees'),
(1017,362,'2019-10-17','Transfer',137058.98,3284717.57,'Internet Banking','School fees'),
(1018,51,'2022-02-10','Transfer',258447.37,3306386.75,'Mobile App','School fees'),
(1019,207,'2024-06-22','Deposit',259931.15,3234982.72,'Mobile App','Bonus credit'),
(1020,242,'2021-05-05','Withdraw',96141.92,2706885.32,'Branch','Fuel'),
(1021,183,'2019-09-09','Deposit',12303.8,2248548.04,'Branch','ATM withdrawal'),
(1022,528,'2023-09-08','Deposit',114338.67,2804464.16,'Internet Banking',NULL),
(1023,600,'2022-05-01','Transfer',89725.73,19040.94,'Internet Banking','Salary credit'),
(1024,350,'2020-12-21','Withdraw',88397.75,2951222.27,'Mobile App','Bonus credit'),
(1025,152,'2022-01-16','Withdraw',72352.35,1759417.01,'Mobile App',NULL),
(1026,534,'2019-06-24','Transfer',185207.89,2222316.46,'Branch','Fund transfer'),
(1027,361,'2019-02-25','Deposit',58476.38,607337.27,'Branch','Grocery'),
(1028,428,'2022-12-12','Deposit',308014.78,266077.94,'Branch','Salary credit'),
(1029,498,'2021-10-26','Withdraw',270199.73,1180264.73,'Internet Banking','Medical'),
(1030,507,'2024-06-23','Transfer',126813.53,2428731.22,'ATM','Fund transfer'),
(1031,392,'2023-09-07','Deposit',336181.45,3352135.42,'ATM',NULL),
(1032,350,'2022-12-27','Deposit',139071.15,964282.22,'ATM','Salary credit'),
(1033,4,'2021-11-19','Deposit',124394.61,223652.13,'Branch','Utility bill'),
(1034,235,'2021-03-03','Transfer',368230.15,182000.92,'Internet Banking','Grocery'),
(1035,207,'2021-01-19','Withdraw',154432.0,1489680.84,'Branch','Insurance premium'),
(1036,156,'2023-05-17','Transfer',162563.57,65107.75,'Internet Banking',NULL),
(1037,65,'2018-06-16','Withdraw',290469.47,3978615.7,'Internet Banking','Bonus credit'),
(1038,418,'2018-02-12','Deposit',206569.49,1312292.46,'Internet Banking','School fees'),
(1039,444,'2023-10-16','Transfer',385849.35,378162.08,'ATM',NULL),
(1040,97,'2018-05-22','Withdraw',288835.49,2266288.5,'ATM','Bonus credit'),
(1041,412,'2021-11-08','Withdraw',45641.39,3394466.95,'Internet Banking',NULL),
(1042,90,'2022-04-14','Withdraw',131850.9,423117.16,'Branch','Fuel'),
(1043,571,'2022-06-27','Withdraw',145432.99,2441829.16,'Internet Banking','Cash deposit'),
(1044,238,'2018-11-25','Transfer',384116.04,1565550.9,'Branch',NULL),
(1045,86,'2021-06-06','Transfer',80989.34,3118124.27,'ATM',NULL),
(1046,252,'2018-10-13','Withdraw',105419.09,1488423.04,'Branch','Fuel'),
(1047,199,'2021-11-12','Withdraw',118983.51,3997285.41,'Mobile App','Cash deposit'),
(1048,305,'2019-05-29','Transfer',349609.04,133993.71,'ATM','Insurance premium'),
(1049,52,'2020-02-19','Withdraw',291946.66,2781534.98,'Mobile App','Insurance premium'),
(1050,164,'2022-02-27','Transfer',76493.67,3111221.97,NULL,'Fuel'),
(1051,251,'2024-01-17','Transfer',263208.06,1855562.08,'Mobile App','Bonus credit'),
(1052,121,'2018-07-04','Withdraw',214140.14,465269.02,'Branch','Fund transfer'),
(1053,284,'2020-10-06','Deposit',127518.48,798450.2,NULL,'Bonus credit'),
(1054,555,'2021-08-23','Deposit',33160.17,3748283.99,'Branch',NULL),
(1055,112,'2019-06-12','Transfer',27744.25,1690926.01,'Branch','Utility bill'),
(1056,268,'2023-03-30','Deposit',10998.2,2668394.91,'Internet Banking','Grocery'),
(1057,87,'2022-03-25','Withdraw',45755.57,3945821.49,NULL,NULL),
(1058,558,'2018-09-15','Transfer',9781.58,3759564.26,'Branch','Cash deposit'),
(1059,538,'2022-12-19','Withdraw',87732.64,653147.46,'Branch','Fund transfer'),
(1060,123,'2021-10-03','Withdraw',120276.65,119545.2,'Internet Banking','Salary credit'),
(1061,490,'2020-02-13','Deposit',339087.61,324402.41,'Branch','Bonus credit'),
(1062,338,'2018-01-01','Transfer',66647.72,3188784.64,'Mobile App','Utility bill'),
(1063,405,'2019-08-05','Withdraw',314671.54,3759136.91,'Branch','Cash deposit'),
(1064,495,'2019-09-05','Deposit',202325.19,998659.38,'Branch',NULL),
(1065,568,'2023-06-19','Withdraw',305819.2,3725802.16,'ATM','School fees'),
(1066,254,'2024-02-15','Transfer',132357.83,2892550.69,'Internet Banking','Bonus credit'),
(1067,212,'2021-08-27','Deposit',372735.29,2701348.31,'Mobile App','Utility bill'),
(1068,344,'2019-10-16','Deposit',84854.26,2109733.02,'Mobile App','Grocery'),
(1069,191,'2020-04-12','Withdraw',20290.83,392.71,'Mobile App','Dividend'),
(1070,377,'2024-02-11','Transfer',139813.07,892051.97,'ATM','School fees'),
(1071,149,'2018-03-30','Transfer',125719.81,3639092.73,'Branch','Salary credit'),
(1072,461,'2018-08-22','Transfer',229868.44,2692434.19,'Branch','Salary credit'),
(1073,481,'2022-02-20','Deposit',118706.48,3612533.36,'Branch','Salary credit'),
(1074,103,'2023-09-17','Transfer',388015.97,1378273.11,'Branch','Fuel'),
(1075,396,'2024-03-22','Withdraw',82898.54,1793900.14,'Mobile App','Dividend'),
(1076,269,'2021-11-10','Deposit',88578.35,224367.68,'Internet Banking','Grocery'),
(1077,440,'2023-10-18','Withdraw',204404.66,389824.42,'Mobile App','Dividend'),
(1078,449,'2018-02-23','Deposit',276564.28,3788595.72,'Branch','Rent payment'),
(1079,25,'2023-12-13','Withdraw',309561.77,1837916.61,'Mobile App','Fund transfer'),
(1080,549,'2023-07-09','Transfer',374278.98,1804252.2,'Mobile App','Insurance premium'),
(1081,545,'2020-04-23','Transfer',243957.58,1453945.22,'Internet Banking','Grocery'),
(1082,10,'2023-02-16','Withdraw',251786.28,1002908.08,'Branch',NULL),
(1083,458,'2019-10-17','Withdraw',242492.62,2619506.71,'Internet Banking',NULL),
(1084,369,'2023-05-27','Transfer',140720.6,2313425.18,'Mobile App','Medical'),
(1085,323,'2018-11-25','Deposit',99830.67,3994254.67,'ATM','School fees'),
(1086,417,'2023-11-19','Deposit',362333.88,3730374.36,'Mobile App','Cash deposit'),
(1087,304,'2020-12-15','Withdraw',390329.46,2285617.92,'Internet Banking','Medical'),
(1088,253,'2020-06-05','Transfer',139059.44,1938024.59,'Internet Banking','Utility bill'),
(1089,106,'2023-10-30','Withdraw',94660.55,829497.87,'Branch','Cash deposit'),
(1090,313,'2018-04-26','Withdraw',345932.88,3293013.02,'ATM','Salary credit'),
(1091,402,'2020-03-25','Deposit',231735.05,127677.03,'ATM','Cash deposit'),
(1092,548,'2022-03-16','Withdraw',94813.91,2168010.49,'Internet Banking','Insurance premium'),
(1093,295,'2023-01-25','Transfer',371886.54,2434063.41,'Branch',NULL),
(1094,259,'2022-03-30','Transfer',272315.79,1184441.11,NULL,NULL),
(1095,143,'2019-03-13','Withdraw',118729.39,1585128.62,'ATM','Fuel'),
(1096,100,'2020-06-14','Deposit',75885.99,1712603.13,'Mobile App','Fuel'),
(1097,111,'2020-08-23','Transfer',140694.23,3308306.24,'Mobile App','Bonus credit'),
(1098,246,'2023-12-20','Deposit',19610.57,819932.04,'Mobile App','Salary credit'),
(1099,305,'2022-02-23','Withdraw',119168.39,583086.22,'Mobile App','Rent payment'),
(1100,26,'2023-03-30','Deposit',58093.13,371193.56,'ATM','Insurance premium'),
(1101,291,'2023-02-05','Withdraw',229363.45,193979.82,'Branch','Salary credit'),
(1102,456,'2018-06-25','Withdraw',129488.03,922896.58,'Mobile App',NULL),
(1103,341,'2020-07-06','Deposit',289719.6,3724724.92,NULL,'ATM withdrawal'),
(1104,304,'2021-09-11','Deposit',35929.38,1574939.22,'Mobile App','Rent payment'),
(1105,136,'2018-09-09','Deposit',334964.53,1563779.23,'Internet Banking','Rent payment'),
(1106,544,'2021-05-26','Deposit',278670.06,2611609.87,'Mobile App','Medical'),
(1107,5,'2019-08-01','Withdraw',131200.35,957450.58,'Internet Banking','Grocery'),
(1108,596,'2018-05-02','Transfer',42645.65,3564758.06,'Mobile App','Rent payment'),
(1109,415,'2020-11-17','Deposit',331419.31,2660097.42,'Mobile App','Salary credit'),
(1110,18,'2020-10-07','Withdraw',366810.86,2187593.21,'Mobile App','ATM withdrawal'),
(1111,240,'2020-02-04','Deposit',134928.12,3095554.51,'Mobile App','Medical'),
(1112,404,'2019-04-17','Withdraw',396460.32,3547957.1,'Mobile App',NULL),
(1113,52,'2024-02-02','Transfer',354547.46,252291.73,'ATM','Rent payment'),
(1114,281,'2022-01-28','Transfer',85483.57,1043568.09,'Branch','School fees'),
(1115,260,'2019-01-31','Withdraw',7983.72,1140345.1,'Internet Banking','Salary credit'),
(1116,523,'2022-02-11','Deposit',237173.65,3202165.11,'Branch','ATM withdrawal'),
(1117,374,'2023-06-30','Deposit',398267.31,2925158.5,'ATM',NULL),
(1118,121,'2019-05-14','Deposit',106950.61,3446471.04,'Branch','Salary credit'),
(1119,440,'2022-12-22','Transfer',42319.7,2013003.38,'ATM','Insurance premium'),
(1120,590,'2022-07-23','Withdraw',80287.63,3086893.97,'Branch',NULL),
(1121,111,'2024-02-03','Withdraw',58199.84,2847140.7,'Internet Banking','Salary credit'),
(1122,193,'2018-01-17','Withdraw',47324.19,2208950.6,'Internet Banking','School fees'),
(1123,40,'2022-01-04','Transfer',223815.77,381872.13,'ATM',NULL),
(1124,461,'2021-02-10','Transfer',181477.11,318992.49,'ATM','Utility bill'),
(1125,69,'2022-06-17','Transfer',317164.76,87155.88,'Branch','Salary credit'),
(1126,588,'2023-04-20','Deposit',364115.2,511225.93,'Internet Banking','School fees'),
(1127,447,'2020-05-27','Deposit',132378.41,608818.16,'Branch','Dividend'),
(1128,170,'2018-12-16','Withdraw',331501.65,1208503.59,'Mobile App','Vendor payment'),
(1129,189,'2023-04-18','Deposit',828.61,2500481.56,'Mobile App',NULL),
(1130,444,'2021-06-03','Deposit',255404.28,3536673.63,'Internet Banking','Salary credit'),
(1131,407,'2021-05-17','Transfer',184097.81,768425.38,'Mobile App',NULL),
(1132,37,'2019-08-05','Deposit',374603.69,3638448.24,'ATM','Insurance premium'),
(1133,406,'2022-05-28','Transfer',179028.8,1941453.31,'Branch',NULL),
(1134,129,'2020-03-11','Deposit',55840.19,2700487.07,'Mobile App','Bonus credit'),
(1135,504,'2022-08-08','Deposit',286852.25,3493083.52,'Internet Banking','Dividend'),
(1136,491,'2021-04-11','Withdraw',210528.64,2066499.38,'Branch','Medical'),
(1137,559,'2019-05-08','Deposit',61171.89,2127135.07,'Mobile App',NULL),
(1138,212,'2019-10-04','Transfer',263259.66,760751.54,'Mobile App',NULL),
(1139,301,'2022-12-15','Transfer',12439.68,680651.21,'Branch',NULL),
(1140,129,'2021-04-12','Deposit',396936.32,689852.36,'Branch',NULL),
(1141,329,'2022-11-14','Deposit',354787.85,2395369.43,'Mobile App','Insurance premium'),
(1142,298,'2023-03-21','Transfer',50137.21,1533914.33,'Branch','Fuel'),
(1143,351,'2023-09-19','Withdraw',5640.21,202056.19,'Internet Banking','Medical'),
(1144,485,'2022-07-16','Withdraw',293037.55,1545434.36,'Branch','Grocery'),
(1145,576,'2021-04-18','Withdraw',219289.67,1074626.39,'Internet Banking','Medical'),
(1146,474,'2023-07-29','Transfer',251189.13,2995014.87,'Mobile App','Fund transfer'),
(1147,209,'2021-12-26','Deposit',104893.84,2375524.18,'Internet Banking','School fees'),
(1148,569,'2021-02-25','Transfer',394711.48,817269.75,'Branch','Grocery'),
(1149,62,'2018-12-14','Deposit',374580.22,1106571.5,'Mobile App','Cash deposit'),
(1150,350,'2024-03-31','Withdraw',340157.27,1103867.86,'Mobile App','Cash deposit'),
(1151,290,'2021-03-28','Deposit',58614.51,2624052.7,'Mobile App','Fuel'),
(1152,284,'2024-06-06','Withdraw',173260.87,3753485.86,'ATM','Fuel'),
(1153,599,'2020-05-06','Transfer',322282.92,1837347.58,'Internet Banking','Grocery'),
(1154,457,'2020-10-19','Deposit',282662.65,1921285.86,NULL,'Fuel'),
(1155,401,'2021-02-10','Transfer',330005.15,3975107.61,'Mobile App','Utility bill'),
(1156,241,'2021-03-30','Withdraw',100194.02,149753.16,'Internet Banking','Vendor payment'),
(1157,144,'2024-05-05','Withdraw',280093.59,1809130.54,'ATM',NULL),
(1158,563,'2019-12-30','Deposit',189437.0,2399268.59,'Mobile App','Bonus credit'),
(1159,265,'2019-03-01','Deposit',53143.64,1817470.36,'Branch','School fees'),
(1160,542,'2019-11-11','Deposit',54015.76,3637094.75,'ATM','Insurance premium'),
(1161,93,'2018-06-05','Deposit',77678.96,787797.06,NULL,NULL),
(1162,196,'2020-01-20','Transfer',329353.42,351165.79,'ATM','Dividend'),
(1163,445,'2019-05-25','Withdraw',55655.34,2052671.61,NULL,'ATM withdrawal'),
(1164,455,'2018-01-14','Withdraw',335640.16,1180496.55,'Mobile App','Insurance premium'),
(1165,198,'2018-10-30','Transfer',909.37,955352.87,'ATM','School fees'),
(1166,129,'2019-06-17','Withdraw',71052.32,316871.17,'Internet Banking','Salary credit'),
(1167,109,'2023-02-20','Deposit',229532.28,2540096.42,'Branch','Cash deposit'),
(1168,426,'2020-11-10','Deposit',245971.32,1054504.74,'Internet Banking','Fuel'),
(1169,436,'2023-03-17','Withdraw',160851.25,3137561.82,'Internet Banking','Vendor payment'),
(1170,98,'2018-05-28','Deposit',85749.86,2192987.27,'Internet Banking','ATM withdrawal'),
(1171,18,'2023-01-10','Deposit',267929.53,2667775.89,'Mobile App','ATM withdrawal'),
(1172,457,'2020-01-10','Withdraw',219483.24,2192816.52,'Internet Banking','Insurance premium'),
(1173,350,'2022-03-23','Deposit',323977.42,1548912.45,NULL,'Utility bill'),
(1174,65,'2023-08-09','Deposit',163287.9,2267123.84,'Mobile App','Medical'),
(1175,43,'2018-04-29','Transfer',18089.99,3247537.43,'Internet Banking','Rent payment'),
(1176,159,'2018-07-28','Transfer',145818.3,2992644.91,'Internet Banking','Utility bill'),
(1177,163,'2022-11-30','Deposit',90157.4,3173764.05,'Branch','Fund transfer'),
(1178,568,'2022-08-03','Transfer',278554.01,2809161.14,'Internet Banking','Medical'),
(1179,537,'2019-08-12','Withdraw',167955.19,810628.83,'Mobile App',NULL),
(1180,348,'2020-09-19','Transfer',376588.1,212308.57,'Mobile App','Bonus credit'),
(1181,402,'2019-09-10','Transfer',161485.41,187489.79,'Mobile App','Cash deposit'),
(1182,35,'2019-03-24','Deposit',158628.88,3982961.5,'Branch','Cash deposit'),
(1183,334,'2018-05-10','Deposit',30792.61,1040098.84,'Internet Banking','Salary credit'),
(1184,164,'2018-05-13','Transfer',103536.35,561617.05,'Mobile App','Online purchase'),
(1185,458,'2018-02-03','Transfer',80245.19,3127152.73,'Mobile App','Medical'),
(1186,555,'2020-04-29','Transfer',397997.66,2310095.72,'ATM','ATM withdrawal'),
(1187,525,'2021-06-05','Transfer',352072.3,1100307.99,NULL,'Cash deposit'),
(1188,172,'2020-12-03','Deposit',250143.01,3955562.79,'Mobile App',NULL),
(1189,574,'2020-12-18','Withdraw',359044.91,1833503.79,'Internet Banking',NULL),
(1190,233,'2022-03-21','Withdraw',305283.95,3408172.84,'Mobile App','Cash deposit'),
(1191,195,'2022-01-20','Transfer',112328.26,2176989.79,'Branch','Fuel'),
(1192,104,'2022-11-05','Withdraw',260430.32,1363386.44,'Branch','Salary credit'),
(1193,280,'2018-12-25','Deposit',142690.18,303823.81,'ATM','Cash deposit'),
(1194,345,'2018-11-21','Deposit',178245.57,974355.81,'ATM',NULL),
(1195,288,'2021-01-12','Withdraw',157973.17,173585.26,'Mobile App',NULL),
(1196,430,'2023-12-23','Transfer',383833.13,289703.95,'ATM','Online purchase'),
(1197,543,'2022-06-01','Deposit',177668.34,3736093.85,'Branch','Insurance premium'),
(1198,220,'2021-10-29','Transfer',194194.06,3487470.87,'Internet Banking','Cash deposit'),
(1199,234,'2021-01-04','Withdraw',140861.0,3834818.55,'ATM','Utility bill'),
(1200,475,'2023-08-24','Withdraw',211475.77,3794549.23,'ATM','Utility bill'),
(1201,66,'2023-11-16','Deposit',117361.54,1125959.41,'Internet Banking',NULL),
(1202,470,'2018-08-02','Transfer',59456.51,1299231.59,'Mobile App','Salary credit'),
(1203,292,'2022-04-09','Transfer',17275.16,1978667.81,NULL,'Rent payment'),
(1204,516,'2019-07-29','Deposit',54566.89,3579520.39,'ATM','Insurance premium'),
(1205,440,'2023-12-05','Withdraw',283414.42,3941286.89,'ATM','Utility bill'),
(1206,361,'2022-02-07','Transfer',69609.88,3030930.89,'Mobile App','Dividend'),
(1207,473,'2022-09-13','Deposit',321053.37,2784963.5,'ATM','Insurance premium'),
(1208,594,'2019-07-05','Transfer',357071.53,2752371.33,'Branch','ATM withdrawal'),
(1209,311,'2023-04-04','Transfer',398783.46,2410877.4,'Internet Banking',NULL),
(1210,14,'2021-09-13','Deposit',42854.07,2594293.35,'Mobile App','Fuel'),
(1211,200,'2023-12-29','Withdraw',132831.68,3400335.08,'ATM',NULL),
(1212,589,'2023-05-01','Transfer',209241.73,1296721.95,'Branch','Bonus credit'),
(1213,480,'2019-01-29','Withdraw',88961.71,3591520.58,'Internet Banking','Utility bill'),
(1214,139,'2022-10-21','Transfer',241274.79,135723.67,'Branch','School fees'),
(1215,212,'2022-12-22','Withdraw',63599.28,2308342.4,'Internet Banking','Rent payment'),
(1216,340,'2019-10-13','Deposit',176116.08,1478693.44,'Branch','Grocery'),
(1217,37,'2023-06-16','Deposit',8512.92,1409900.68,'Internet Banking','Medical'),
(1218,452,'2023-10-20','Deposit',60775.67,3779705.24,'Internet Banking','Online purchase'),
(1219,429,'2020-09-16','Transfer',19055.12,2159885.58,'Internet Banking','Dividend'),
(1220,558,'2018-08-27','Deposit',247726.85,2795702.39,'Mobile App','ATM withdrawal'),
(1221,416,'2019-09-30','Deposit',96524.59,2659086.18,'Internet Banking',NULL),
(1222,448,'2020-09-18','Deposit',15756.98,2510162.01,'Mobile App','Insurance premium'),
(1223,519,'2018-03-31','Transfer',391775.3,811971.7,'Branch','Utility bill'),
(1224,506,'2023-06-01','Deposit',239928.69,3219852.89,'Internet Banking','Grocery'),
(1225,507,'2019-03-31','Transfer',214755.23,2496437.8,'Mobile App',NULL),
(1226,35,'2020-02-01','Deposit',180707.54,2569106.0,'Mobile App','Medical'),
(1227,314,'2021-10-23','Deposit',298442.2,2344975.23,'Internet Banking','Utility bill'),
(1228,466,'2020-04-15','Transfer',125019.5,2559183.34,'Internet Banking','Dividend'),
(1229,407,'2023-05-15','Transfer',277964.29,2538307.61,'ATM','Online purchase'),
(1230,100,'2023-11-23','Withdraw',103118.68,1777854.54,'Branch','Grocery'),
(1231,113,'2023-03-22','Withdraw',126920.93,1195609.7,'ATM','ATM withdrawal'),
(1232,266,'2021-10-26','Transfer',146006.9,1362843.82,'ATM','Medical'),
(1233,286,'2022-07-06','Deposit',128883.99,1451172.06,'Internet Banking','Fuel'),
(1234,137,'2024-04-08','Transfer',268377.93,279610.51,'Branch','Salary credit'),
(1235,42,'2021-06-18','Deposit',162292.51,2703166.94,'Branch','Fund transfer'),
(1236,89,'2023-01-22','Withdraw',27445.3,3245309.11,'Mobile App','Insurance premium'),
(1237,448,'2022-11-13','Deposit',88736.44,3077657.47,'Mobile App','Fund transfer'),
(1238,470,'2020-05-16','Withdraw',169419.36,1311306.75,'Branch',NULL),
(1239,485,'2018-07-25','Withdraw',78088.52,3325731.55,'Mobile App','School fees'),
(1240,30,'2019-07-29','Transfer',229363.21,2290126.13,NULL,NULL),
(1241,457,'2023-11-23','Deposit',73146.86,2330843.44,'Mobile App','Vendor payment'),
(1242,428,'2020-04-25','Withdraw',37312.93,2741678.57,'Internet Banking','ATM withdrawal'),
(1243,323,'2023-12-10','Withdraw',141486.0,623986.19,'ATM','Vendor payment'),
(1244,438,'2018-10-05','Transfer',293747.1,1294401.76,'Branch','Fund transfer'),
(1245,119,'2019-11-09','Deposit',378520.73,644883.94,'Branch','School fees'),
(1246,51,'2020-12-22','Deposit',22155.04,1671631.74,'Mobile App',NULL),
(1247,508,'2019-07-07','Withdraw',385309.13,2595570.17,'ATM','Insurance premium'),
(1248,158,'2018-08-11','Deposit',194410.24,2487653.07,NULL,'Cash deposit'),
(1249,84,'2022-10-14','Deposit',171143.73,606399.81,'ATM','Medical'),
(1250,497,'2018-03-31','Withdraw',55036.02,2816682.14,'Mobile App',NULL),
(1251,193,'2023-05-03','Transfer',162677.01,2058683.81,'Mobile App','Salary credit'),
(1252,414,'2019-09-13','Withdraw',393900.26,1898497.97,'ATM','Online purchase'),
(1253,144,'2023-08-06','Withdraw',108458.18,3329693.16,'ATM','Salary credit'),
(1254,569,'2023-05-10','Transfer',234284.16,1209925.26,'Mobile App','School fees'),
(1255,301,'2023-01-09','Deposit',105062.38,1140912.11,'ATM','ATM withdrawal'),
(1256,478,'2019-08-07','Transfer',241052.8,2852471.07,'Mobile App',NULL),
(1257,261,'2020-12-26','Withdraw',127891.73,487879.87,'Mobile App',NULL),
(1258,313,'2018-10-15','Withdraw',96241.43,1894736.93,'Internet Banking','Vendor payment'),
(1259,353,'2023-01-01','Withdraw',116155.85,481239.79,'Mobile App','School fees'),
(1260,419,'2018-07-14','Deposit',204691.52,1198701.63,'Mobile App','School fees'),
(1261,125,'2021-06-18','Deposit',227173.85,354564.6,'Internet Banking','Salary credit'),
(1262,290,'2019-12-17','Deposit',304450.41,2684435.34,'Mobile App','Bonus credit'),
(1263,9,'2020-04-06','Deposit',33551.0,3051545.06,'Branch',NULL),
(1264,259,'2022-07-07','Withdraw',126017.8,2754396.46,'Mobile App',NULL),
(1265,261,'2023-09-19','Deposit',132618.06,246635.77,'Branch','Vendor payment'),
(1266,436,'2023-01-25','Withdraw',224744.16,1796604.65,'ATM','Salary credit'),
(1267,550,'2023-10-28','Deposit',380498.8,3397516.87,'Branch',NULL),
(1268,493,'2019-04-27','Transfer',248833.17,2341905.38,'ATM','Medical'),
(1269,10,'2020-02-26','Transfer',354588.45,3520334.2,'Branch','Online purchase'),
(1270,390,'2021-05-02','Deposit',229842.94,1626219.91,'Internet Banking','Dividend'),
(1271,259,'2021-11-26','Deposit',254188.11,787346.86,'Mobile App','Cash deposit'),
(1272,85,'2018-06-19','Transfer',80695.83,3058530.26,'ATM','Insurance premium'),
(1273,104,'2018-01-01','Withdraw',39508.06,2742207.55,'Internet Banking','Online purchase'),
(1274,205,'2021-07-07','Withdraw',385464.97,1446236.89,'Branch',NULL),
(1275,32,'2020-04-09','Transfer',119455.97,1254524.15,'Mobile App','ATM withdrawal'),
(1276,439,'2019-01-05','Transfer',40571.18,3761195.33,'Mobile App',NULL),
(1277,71,'2021-07-21','Withdraw',386564.14,529522.09,'Internet Banking','School fees'),
(1278,44,'2022-11-23','Deposit',59766.05,1466750.96,'Mobile App','Dividend'),
(1279,156,'2020-09-17','Deposit',258510.11,942702.11,'Branch','School fees'),
(1280,257,'2022-11-25','Transfer',270551.04,3281853.81,'ATM','Bonus credit'),
(1281,321,'2024-03-20','Withdraw',315913.87,2129742.91,'Internet Banking','Dividend'),
(1282,271,'2020-06-11','Deposit',80316.55,121450.15,'Branch','Cash deposit'),
(1283,361,'2021-04-19','Deposit',225432.28,3280955.41,'Internet Banking','Medical'),
(1284,315,'2018-10-06','Withdraw',136688.43,173564.04,'Internet Banking','Rent payment'),
(1285,511,'2019-07-10','Transfer',266411.9,174870.79,'Mobile App',NULL),
(1286,55,'2021-02-08','Withdraw',9516.57,148764.38,'Branch','Online purchase'),
(1287,50,'2021-07-27','Transfer',162204.38,1059500.01,NULL,NULL),
(1288,174,'2019-09-02','Transfer',211250.14,3324293.6,'Branch','Bonus credit'),
(1289,53,'2023-03-20','Withdraw',28332.76,2273214.53,'Mobile App','Insurance premium'),
(1290,30,'2021-03-22','Deposit',97006.26,1165450.2,'Internet Banking','Vendor payment'),
(1291,156,'2024-05-14','Withdraw',304976.59,1768794.34,'ATM','Online purchase'),
(1292,392,'2024-01-01','Transfer',176770.24,158069.01,'Mobile App','Vendor payment'),
(1293,356,'2018-07-16','Transfer',292229.66,1044976.21,'Internet Banking','Bonus credit'),
(1294,441,'2021-03-03','Deposit',343355.95,1413962.57,'Internet Banking','Dividend'),
(1295,542,'2018-03-05','Withdraw',4160.83,2862223.49,'ATM','Utility bill'),
(1296,243,'2020-05-18','Transfer',53118.66,2603454.45,'Branch','Vendor payment'),
(1297,347,'2018-02-08','Withdraw',35292.87,2222718.0,'ATM','Utility bill'),
(1298,71,'2020-06-20','Transfer',36702.34,1983236.09,'Mobile App','School fees'),
(1299,201,'2020-01-19','Transfer',371303.86,101014.28,'ATM','Grocery'),
(1300,534,'2018-06-30','Transfer',247697.0,2487529.99,'Branch',NULL),
(1301,423,'2018-02-15','Withdraw',282461.69,3474039.15,'Branch','Utility bill'),
(1302,575,'2022-12-04','Withdraw',13860.03,1557563.99,'ATM','Cash deposit'),
(1303,517,'2018-02-10','Deposit',49406.88,136036.68,'ATM','Fund transfer'),
(1304,543,'2018-11-05','Deposit',59754.7,2143779.39,'Mobile App','Fund transfer'),
(1305,433,'2020-11-19','Transfer',14215.05,3383433.19,'ATM','Rent payment'),
(1306,219,'2023-01-19','Deposit',161367.3,2438438.79,'Branch','Bonus credit'),
(1307,227,'2019-05-01','Withdraw',364312.45,1710762.1,'Internet Banking','Grocery'),
(1308,549,'2018-05-02','Withdraw',376292.55,755747.32,'Internet Banking','Insurance premium'),
(1309,204,'2019-09-11','Withdraw',48201.16,1255987.73,'ATM',NULL),
(1310,473,'2018-06-01','Withdraw',225645.36,3072516.79,'Branch','Fuel'),
(1311,42,'2018-01-04','Withdraw',355309.55,619075.15,'Branch','Salary credit'),
(1312,250,'2021-07-24','Withdraw',13185.89,3887765.17,'Branch','Cash deposit'),
(1313,132,'2020-02-22','Withdraw',69542.62,2305459.21,'Internet Banking','Cash deposit'),
(1314,537,'2020-02-15','Deposit',224887.87,3403803.59,'ATM','Dividend'),
(1315,499,'2019-05-11','Deposit',195562.66,3891434.04,'Internet Banking','Cash deposit'),
(1316,62,'2023-11-17','Withdraw',283828.76,220398.31,'Internet Banking','School fees'),
(1317,556,'2018-10-25','Withdraw',186221.63,236422.44,'Internet Banking','Insurance premium'),
(1318,300,'2021-02-12','Deposit',155981.36,3106252.0,'Internet Banking','ATM withdrawal'),
(1319,421,'2020-01-21','Withdraw',229240.95,2408125.68,'ATM','Fuel'),
(1320,472,'2020-01-25','Transfer',329183.4,223319.7,'Internet Banking','Utility bill'),
(1321,275,'2024-05-17','Deposit',349811.06,1362761.54,'Branch','Cash deposit'),
(1322,397,'2023-04-25','Deposit',389355.81,761401.19,'Mobile App','Vendor payment'),
(1323,504,'2021-06-13','Deposit',162867.04,1611317.0,'Branch','ATM withdrawal'),
(1324,264,'2018-09-28','Withdraw',280445.76,1114040.33,'Branch','Fuel'),
(1325,303,'2022-06-26','Transfer',3071.32,2265771.04,'Branch','Fund transfer'),
(1326,381,'2023-05-20','Withdraw',308375.47,2078395.66,'ATM','Dividend'),
(1327,397,'2024-01-14','Withdraw',332430.08,1214348.72,'Branch','Insurance premium'),
(1328,123,'2019-01-04','Withdraw',72159.97,1607413.97,'Mobile App','Grocery'),
(1329,508,'2018-07-19','Deposit',358019.46,456116.77,'Mobile App','School fees'),
(1330,250,'2019-04-22','Transfer',32280.9,3863448.15,NULL,'Bonus credit'),
(1331,146,'2020-07-21','Transfer',283263.02,140506.13,'Mobile App',NULL),
(1332,89,'2022-10-30','Transfer',240814.15,3968537.77,NULL,'Bonus credit'),
(1333,538,'2018-07-07','Withdraw',342084.45,38128.67,'Internet Banking','Salary credit'),
(1334,202,'2020-06-29','Transfer',380199.27,774985.03,'ATM','Vendor payment'),
(1335,138,'2023-11-05','Deposit',147154.78,161716.92,'Mobile App','School fees'),
(1336,233,'2020-11-14','Transfer',341278.2,186093.77,'Branch','Insurance premium'),
(1337,287,'2019-09-04','Withdraw',360230.51,2181205.99,'Branch','Dividend'),
(1338,592,'2019-03-09','Deposit',111770.86,785218.68,'ATM','Utility bill'),
(1339,67,'2024-05-21','Deposit',271417.67,3222820.78,'ATM','School fees'),
(1340,11,'2022-07-19','Transfer',22129.55,2049284.8,'ATM','Fuel'),
(1341,112,'2023-07-19','Withdraw',301574.51,3504232.73,'Internet Banking','ATM withdrawal'),
(1342,91,'2022-12-11','Transfer',104714.47,1142478.61,'Internet Banking','Insurance premium'),
(1343,159,'2018-04-15','Withdraw',94022.97,3410494.62,'Internet Banking','Dividend'),
(1344,272,'2021-11-07','Deposit',172401.1,2414246.64,'ATM','Fuel'),
(1345,212,'2019-04-09','Deposit',380564.7,2226555.99,'Mobile App',NULL),
(1346,139,'2023-07-12','Transfer',232867.78,708650.81,'Branch','Bonus credit'),
(1347,571,'2024-01-09','Withdraw',200139.0,494745.16,'Branch','Vendor payment'),
(1348,79,'2019-04-11','Deposit',243124.45,3219922.56,'Internet Banking',NULL),
(1349,36,'2019-11-27','Deposit',262434.95,1118491.55,'Branch','Fuel'),
(1350,175,'2020-08-30','Withdraw',236387.67,2850554.34,NULL,NULL),
(1351,201,'2020-06-22','Deposit',399655.41,1455275.81,'Branch','Bonus credit'),
(1352,462,'2022-08-05','Deposit',57590.49,226146.72,'Internet Banking','Insurance premium'),
(1353,466,'2019-08-30','Transfer',389607.75,514891.77,'Mobile App','Grocery'),
(1354,218,'2018-02-14','Deposit',142341.41,3479258.07,'Branch','Salary credit'),
(1355,370,'2020-10-23','Transfer',290532.94,1487391.0,'Branch',NULL),
(1356,46,'2018-06-07','Transfer',285776.83,2109013.67,'ATM','Cash deposit'),
(1357,455,'2024-05-20','Transfer',344539.68,564366.04,'ATM','Utility bill'),
(1358,405,'2018-07-16','Withdraw',387722.74,2460289.4,'Internet Banking',NULL),
(1359,109,'2023-06-04','Transfer',323883.87,2421790.98,NULL,'Insurance premium'),
(1360,203,'2018-10-08','Deposit',173545.2,3595841.07,'Mobile App','Bonus credit'),
(1361,413,'2020-05-07','Transfer',154277.31,368755.32,'ATM','Dividend'),
(1362,229,'2024-03-17','Transfer',99798.6,3152803.57,'ATM','Grocery'),
(1363,202,'2022-03-27','Withdraw',28929.25,351099.1,'Internet Banking','School fees'),
(1364,106,'2020-10-17','Withdraw',101835.69,572750.99,'Mobile App','Insurance premium'),
(1365,257,'2020-05-07','Withdraw',37633.2,3735968.3,'ATM',NULL),
(1366,477,'2018-07-23','Deposit',225274.44,2962585.68,'Internet Banking','Utility bill'),
(1367,308,'2023-02-25','Transfer',137753.36,3817502.99,'Mobile App','Bonus credit'),
(1368,297,'2022-11-16','Withdraw',313348.56,1005674.52,NULL,'Cash deposit'),
(1369,93,'2022-01-22','Deposit',372811.16,3524670.25,'Internet Banking','Salary credit'),
(1370,384,'2020-06-28','Deposit',248993.14,3364524.86,'Mobile App','ATM withdrawal'),
(1371,166,'2022-01-23','Transfer',286568.28,1372103.4,'Branch','Rent payment'),
(1372,460,'2024-01-01','Deposit',8093.78,3459552.33,'ATM','Medical'),
(1373,497,'2021-10-04','Deposit',101643.7,780420.46,'ATM','Rent payment'),
(1374,294,'2023-04-11','Transfer',220116.91,593469.27,'Mobile App','School fees'),
(1375,494,'2023-07-19','Deposit',327195.96,3451039.82,'Mobile App',NULL),
(1376,551,'2019-06-30','Withdraw',143217.09,1105039.22,'Internet Banking','Online purchase'),
(1377,247,'2018-01-27','Deposit',327491.9,142630.59,'Branch','Cash deposit'),
(1378,555,'2021-05-16','Withdraw',338662.77,801077.07,'Internet Banking','Dividend'),
(1379,326,'2019-11-10','Withdraw',291565.97,1499068.01,'Internet Banking','Fuel'),
(1380,119,'2020-08-27','Transfer',53926.42,3956298.73,'Mobile App','Vendor payment'),
(1381,321,'2022-06-23','Transfer',255960.86,677572.83,NULL,'Rent payment'),
(1382,305,'2020-10-14','Withdraw',278607.85,3859820.07,'Internet Banking','Medical'),
(1383,503,'2019-03-15','Transfer',284329.98,2424742.23,'Internet Banking','Grocery'),
(1384,324,'2018-05-06','Withdraw',377849.73,996065.1,'ATM','ATM withdrawal'),
(1385,342,'2020-05-24','Deposit',5129.34,3939323.94,'Internet Banking','Online purchase'),
(1386,97,'2020-01-06','Withdraw',348703.52,1293311.26,'ATM','Rent payment'),
(1387,72,'2023-07-01','Deposit',239749.69,2350001.58,'ATM','School fees'),
(1388,553,'2019-09-13','Deposit',291506.92,1172383.29,'Branch','Fuel'),
(1389,474,'2018-10-13','Transfer',385196.64,2112270.31,'Mobile App','School fees'),
(1390,356,'2024-06-04','Withdraw',157686.23,2068709.53,'Branch','Utility bill'),
(1391,364,'2021-01-29','Withdraw',42348.11,1350222.92,'Branch','Grocery'),
(1392,242,'2023-06-09','Transfer',334080.01,971933.14,'ATM','Utility bill'),
(1393,257,'2022-12-25','Transfer',77407.57,3869052.91,'Branch','Fuel'),
(1394,516,'2022-06-03','Transfer',149600.05,3259645.22,'Mobile App','Vendor payment'),
(1395,177,'2022-01-12','Deposit',329890.23,1183860.54,'Internet Banking','Insurance premium'),
(1396,191,'2022-07-20','Withdraw',19237.93,630313.17,'Mobile App','ATM withdrawal'),
(1397,237,'2021-05-21','Deposit',163827.78,3164520.27,'ATM','Online purchase'),
(1398,364,'2018-05-07','Transfer',77702.76,121434.59,'Internet Banking','Dividend'),
(1399,447,'2018-11-18','Transfer',380966.08,1048769.21,'Internet Banking','Online purchase'),
(1400,103,'2018-04-25','Withdraw',122939.11,1503921.93,'Mobile App','ATM withdrawal'),
(1401,406,'2020-06-03','Withdraw',17590.09,2740879.03,'Branch','Insurance premium'),
(1402,254,'2023-05-11','Deposit',236135.32,43457.44,'Internet Banking','Vendor payment'),
(1403,392,'2022-01-09','Deposit',158809.32,1600381.65,'ATM','Rent payment'),
(1404,580,'2019-02-09','Withdraw',364729.84,1839193.5,'Branch',NULL),
(1405,327,'2024-06-11','Withdraw',18325.84,914991.78,'Mobile App','Salary credit'),
(1406,364,'2019-03-20','Deposit',4018.84,1940075.24,'Internet Banking','Bonus credit'),
(1407,588,'2022-07-11','Withdraw',189459.3,833396.68,'Mobile App','Dividend'),
(1408,30,'2021-09-19','Transfer',168325.08,65970.21,'ATM','Cash deposit'),
(1409,199,'2023-09-10','Transfer',388145.47,3346142.32,'Branch','ATM withdrawal'),
(1410,289,'2019-11-20','Withdraw',8042.83,3617530.16,'Mobile App','Rent payment'),
(1411,364,'2020-08-05','Transfer',14613.25,2193179.81,'Mobile App','Utility bill'),
(1412,493,'2019-02-18','Deposit',189063.89,1699477.6,'Internet Banking','Salary credit'),
(1413,69,'2021-07-16','Transfer',326553.06,3889191.76,'Internet Banking','Insurance premium'),
(1414,352,'2021-10-07','Deposit',378328.7,2517231.34,'Internet Banking','Grocery'),
(1415,82,'2023-01-25','Withdraw',340324.58,7281.88,'Branch',NULL),
(1416,176,'2022-04-17','Withdraw',39801.11,2375545.0,'Branch',NULL),
(1417,133,'2021-12-26','Transfer',2586.11,2003393.24,'Internet Banking',NULL),
(1418,242,'2018-06-05','Withdraw',331472.44,3699205.27,'ATM','School fees'),
(1419,11,'2018-08-18','Withdraw',175838.94,2688188.89,'Internet Banking','Dividend'),
(1420,128,'2020-05-25','Deposit',73354.39,2198448.38,'Mobile App','ATM withdrawal'),
(1421,378,'2022-11-03','Deposit',144704.33,1002970.09,'Branch','ATM withdrawal'),
(1422,302,'2020-11-25','Withdraw',78309.15,3720328.6,'Internet Banking','Insurance premium'),
(1423,45,'2018-11-03','Withdraw',301635.79,2564179.07,'Branch','Dividend'),
(1424,300,'2020-04-23','Transfer',281775.19,1352599.8,'Mobile App','School fees'),
(1425,223,'2018-01-04','Transfer',179252.72,500949.93,'Mobile App','Vendor payment'),
(1426,353,'2020-10-22','Transfer',323105.04,3566824.81,'Branch',NULL),
(1427,236,'2018-01-09','Transfer',388963.82,2917181.94,'ATM','School fees'),
(1428,153,'2018-02-18','Transfer',64951.19,1871774.55,'Internet Banking','Salary credit'),
(1429,547,'2024-05-04','Deposit',44010.54,3806419.96,'ATM','ATM withdrawal'),
(1430,206,'2022-02-16','Withdraw',212841.71,2365641.63,'ATM','Grocery'),
(1431,90,'2019-08-04','Deposit',368354.02,982692.32,'Mobile App','Salary credit'),
(1432,435,'2018-07-07','Withdraw',287344.01,2506780.39,'ATM',NULL),
(1433,408,'2019-04-16','Deposit',171067.79,970704.28,'Branch','Cash deposit'),
(1434,4,'2021-08-23','Withdraw',304168.97,3809188.22,'ATM','Fuel'),
(1435,513,'2019-12-25','Transfer',301768.6,2074023.14,'Branch',NULL),
(1436,320,'2022-08-26','Withdraw',223562.72,2211804.66,'ATM','Fund transfer'),
(1437,490,'2021-03-05','Transfer',375471.74,371431.93,'Mobile App','Fuel'),
(1438,97,'2022-05-23','Deposit',157882.92,1495741.31,'Branch','School fees'),
(1439,312,'2019-01-07','Withdraw',65564.46,790949.61,'Branch','Fund transfer'),
(1440,117,'2018-05-23','Withdraw',372463.45,289116.64,'Branch','Fuel'),
(1441,286,'2023-05-12','Deposit',25692.98,2083506.08,'Internet Banking','Fund transfer'),
(1442,552,'2022-10-07','Withdraw',300002.61,2596914.94,'Internet Banking',NULL),
(1443,247,'2024-01-09','Deposit',61198.98,2974301.56,'Internet Banking',NULL),
(1444,453,'2018-08-27','Transfer',257953.94,1239920.86,'Branch','Salary credit'),
(1445,138,'2018-06-03','Transfer',336817.77,1085830.35,'Branch','Vendor payment'),
(1446,274,'2022-05-20','Withdraw',140297.23,55837.09,'Mobile App','Fuel'),
(1447,283,'2018-04-12','Transfer',67777.09,1175677.5,'Branch','Fuel'),
(1448,305,'2019-03-21','Deposit',116444.16,2435036.66,'Mobile App','Fuel'),
(1449,570,'2021-08-14','Withdraw',161937.93,1735387.1,'Internet Banking','Cash deposit'),
(1450,575,'2022-04-02','Transfer',77843.65,917457.81,'ATM','Cash deposit'),
(1451,38,'2023-04-30','Withdraw',388219.74,3771142.37,'Branch','Bonus credit'),
(1452,336,'2022-08-07','Transfer',86529.86,80077.26,'Branch','Insurance premium'),
(1453,484,'2020-06-23','Withdraw',172584.21,3847927.99,'Branch','Vendor payment'),
(1454,303,'2023-11-21','Transfer',266071.24,3979095.26,'ATM','ATM withdrawal'),
(1455,379,'2020-09-18','Withdraw',267521.42,5028.89,'Branch','Cash deposit'),
(1456,12,'2018-02-05','Deposit',127624.57,799743.16,'Branch','School fees'),
(1457,169,'2022-04-10','Transfer',228602.16,1648935.91,'Internet Banking','Insurance premium'),
(1458,159,'2019-04-21','Transfer',206143.53,558381.19,'ATM',NULL),
(1459,253,'2021-10-06','Transfer',123930.29,811891.4,NULL,'Fund transfer'),
(1460,373,'2020-03-10','Withdraw',70040.2,711660.92,'ATM','Fuel'),
(1461,461,'2022-12-10','Transfer',363151.6,899087.83,'ATM','Salary credit'),
(1462,461,'2020-08-12','Deposit',227619.98,1894900.23,'ATM','Fuel'),
(1463,548,'2019-04-10','Withdraw',230205.75,1310151.43,'Mobile App',NULL),
(1464,190,'2022-10-19','Transfer',217811.28,3771424.56,'Internet Banking','Rent payment'),
(1465,18,'2022-06-13','Transfer',227675.14,2943305.93,'Mobile App','Vendor payment'),
(1466,75,'2020-01-16','Deposit',377286.45,3692813.86,'Internet Banking','Fuel'),
(1467,304,'2018-06-16','Withdraw',364990.45,2086257.83,NULL,NULL),
(1468,563,'2021-03-27','Deposit',62113.6,2072440.11,'ATM','Dividend'),
(1469,154,'2020-04-18','Withdraw',328543.04,2198887.49,'ATM',NULL),
(1470,455,'2021-03-26','Withdraw',303355.54,3752142.54,'Branch',NULL),
(1471,574,'2020-02-20','Deposit',180595.71,3794956.31,'Branch','Online purchase'),
(1472,413,'2023-03-01','Withdraw',195242.0,2144560.64,'Internet Banking','Insurance premium'),
(1473,148,'2019-04-15','Withdraw',271846.85,3111748.17,'Branch','School fees'),
(1474,144,'2020-04-16','Deposit',303240.84,1046537.46,'Internet Banking','Fund transfer'),
(1475,323,'2024-02-26','Deposit',86950.9,1604714.09,'Branch',NULL),
(1476,480,'2021-03-25','Withdraw',348303.64,3310417.13,'Internet Banking','Bonus credit'),
(1477,178,'2018-06-12','Deposit',58895.38,1060721.31,'Internet Banking','Medical'),
(1478,495,'2022-08-17','Withdraw',97940.83,3046345.27,'ATM','Salary credit'),
(1479,362,'2018-12-19','Deposit',148215.32,1321872.77,'Mobile App','Online purchase'),
(1480,428,'2020-05-25','Deposit',61503.45,2617304.42,'Mobile App','Grocery'),
(1481,43,'2021-08-24','Transfer',136887.09,1364566.9,'Branch','Salary credit'),
(1482,422,'2021-10-20','Withdraw',213359.59,1590729.02,'Mobile App','Rent payment'),
(1483,372,'2021-11-05','Withdraw',355181.45,2484809.75,'Branch','School fees'),
(1484,48,'2024-06-17','Transfer',35547.07,1329289.03,'Branch','ATM withdrawal'),
(1485,376,'2019-02-11','Deposit',304986.43,3103865.41,'ATM','Fund transfer'),
(1486,341,'2019-06-19','Withdraw',394439.99,1367969.69,'Mobile App',NULL),
(1487,165,'2020-11-09','Withdraw',29765.37,739063.8,'Mobile App','Bonus credit'),
(1488,385,'2019-05-27','Deposit',88831.73,3056002.71,'Internet Banking','Dividend'),
(1489,515,'2018-07-23','Withdraw',51596.36,1284519.17,'Mobile App','Medical'),
(1490,158,'2020-06-07','Deposit',65191.14,1345461.75,'ATM','ATM withdrawal'),
(1491,530,'2018-04-30','Deposit',354742.03,1289775.15,'ATM','Fuel'),
(1492,183,'2020-08-11','Deposit',197124.77,1635827.68,'Internet Banking','Cash deposit'),
(1493,212,'2024-01-16','Withdraw',20683.48,825455.76,'Branch',NULL),
(1494,45,'2024-04-17','Transfer',337091.94,2023713.29,'Mobile App','ATM withdrawal'),
(1495,593,'2019-02-17','Deposit',54730.31,1549106.25,'ATM','Dividend'),
(1496,483,'2022-06-26','Transfer',247989.22,517557.91,'Internet Banking',NULL),
(1497,148,'2022-05-21','Deposit',19585.35,1853513.73,'Mobile App',NULL),
(1498,88,'2020-03-21','Withdraw',195484.04,1478905.3,'Branch',NULL),
(1499,295,'2018-01-06','Transfer',336048.93,2727108.2,'Internet Banking','ATM withdrawal'),
(1500,114,'2022-04-15','Deposit',316775.7,2152608.24,'Internet Banking','Salary credit');

Select * From transactions;

-- ================================
-- INSERT Credit_cards
-- ================================
INSERT INTO credit_cards VALUES
(1,70,'XXXX-XXXX-XXXX-8896','Visa',1170730.03,994323.71,'2027-12-21','Active','2022-12-22'),
(2,207,'XXXX-XXXX-XXXX-1266','Mastercard',1264750.09,223069.72,'2022-12-01','Expired','2017-12-02'),
(3,101,'XXXX-XXXX-XXXX-2499','Visa',717955.43,94131.03,'2016-04-07','Active','2011-04-09'),
(4,95,'XXXX-XXXX-XXXX-9327','Mastercard',398494.89,250221.29,'2017-11-26','Active','2013-11-27'),
(5,347,'XXXX-XXXX-XXXX-7357','Visa',1367638.38,443003.05,'2023-06-04','Expired','2019-06-05'),
(6,431,'XXXX-XXXX-XXXX-5962','UnionPay',676429.77,625909.84,'2020-03-06','Active','2017-03-07'),
(7,345,'XXXX-XXXX-XXXX-3459','Visa',1343715.56,990224.77,'2019-12-14','Blocked','2014-12-15'),
(8,388,'XXXX-XXXX-XXXX-3384','Mastercard',1394034.65,941775.41,'2021-03-24','Blocked','2018-03-25'),
(9,433,'XXXX-XXXX-XXXX-2070','Mastercard',1242692.88,158345.17,'2022-06-15','Blocked','2017-06-16'),
(10,340,'XXXX-XXXX-XXXX-1711','UnionPay',1300437.0,187614.21,'2024-07-18','Expired','2019-07-20'),
(11,81,'XXXX-XXXX-XXXX-1934','Mastercard',896651.57,113754.26,'2022-10-07','Blocked','2017-10-08'),
(12,39,'XXXX-XXXX-XXXX-4481','Mastercard',991376.53,498865.97,'2014-11-26','Expired','2010-11-27'),
(13,194,'XXXX-XXXX-XXXX-3790','Visa',183529.92,127575.96,'2022-08-05','Blocked','2018-08-06'),
(14,72,'XXXX-XXXX-XXXX-1760','UnionPay',642727.92,95265.52,'2022-11-14','Active','2017-11-15'),
(15,354,'XXXX-XXXX-XXXX-1529','UnionPay',437435.3,26773.21,'2025-10-09','Expired','2020-10-10'),
(16,206,'XXXX-XXXX-XXXX-1793','Mastercard',566772.87,546113.19,'2025-04-26','Active','2020-04-27'),
(17,100,'XXXX-XXXX-XXXX-9541','Mastercard',338130.75,277721.92,'2026-09-23','Blocked','2021-09-24'),
(18,263,'XXXX-XXXX-XXXX-2683','Visa',186958.93,93637.91,'2022-10-31','Blocked','2018-11-01'),
(19,232,'XXXX-XXXX-XXXX-3891','Mastercard',1234452.97,55019.4,'2015-01-24','Expired','2011-01-25'),
(20,113,'XXXX-XXXX-XXXX-4188','UnionPay',538137.93,140225.4,'2017-09-30','Expired','2013-10-01'),
(21,329,'XXXX-XXXX-XXXX-5776','Mastercard',47031.2,2847.79,'2020-08-02','Expired','2017-08-03'),
(22,272,'XXXX-XXXX-XXXX-9971','Visa',1160574.64,729615.38,'2015-02-19','Expired','2010-02-20'),
(23,454,'XXXX-XXXX-XXXX-5405','Mastercard',767896.33,377409.52,'2014-04-22','Active','2010-04-23'),
(24,329,'XXXX-XXXX-XXXX-5395','Mastercard',124578.56,7918.08,'2016-01-13','Blocked','2012-01-14'),
(25,80,'XXXX-XXXX-XXXX-4396','UnionPay',1495558.35,1223610.35,'2022-04-29','Blocked','2018-04-30'),
(26,465,'XXXX-XXXX-XXXX-1501','UnionPay',881793.23,844204.08,'2024-08-13','Blocked','2021-08-14'),
(27,389,'XXXX-XXXX-XXXX-5721','UnionPay',992326.01,684340.88,'2017-12-07','Blocked','2013-12-08'),
(28,282,'XXXX-XXXX-XXXX-4051','Mastercard',1314360.57,1302620.14,'2024-08-24','Active','2020-08-25'),
(29,20,'XXXX-XXXX-XXXX-8810','UnionPay',467482.12,353160.86,'2014-05-25','Expired','2011-05-26'),
(30,165,'XXXX-XXXX-XXXX-8960','UnionPay',272926.25,104812.16,'2027-06-23','Expired','2023-06-24'),
(31,266,'XXXX-XXXX-XXXX-5903','UnionPay',1094158.21,41382.54,'2026-06-09','Active','2022-06-10'),
(32,425,'XXXX-XXXX-XXXX-4026','UnionPay',938450.2,396511.66,'2021-03-28','Expired','2016-03-29'),
(33,183,'XXXX-XXXX-XXXX-4818','UnionPay',1424272.54,1345282.01,'2021-01-27','Active','2018-01-28'),
(34,497,'XXXX-XXXX-XXXX-3344','Visa',1303492.32,182117.91,'2017-05-20','Expired','2014-05-21'),
(35,318,'XXXX-XXXX-XXXX-2606','Mastercard',299909.99,124872.41,'2018-01-01','Blocked','2015-01-02'),
(36,441,'XXXX-XXXX-XXXX-6725','Mastercard',1298731.8,649329.2,'2013-10-04','Active','2010-10-05'),
(37,424,'XXXX-XXXX-XXXX-2281','Mastercard',1118715.97,217191.8,'2021-07-21','Blocked','2018-07-22'),
(38,478,'XXXX-XXXX-XXXX-9496','UnionPay',654977.26,524248.2,'2016-02-07','Blocked','2012-02-08'),
(39,144,'XXXX-XXXX-XXXX-3453','Mastercard',393396.48,252631.7,'2028-04-27','Expired','2023-04-29'),
(40,418,'XXXX-XXXX-XXXX-2075','Visa',219947.02,115682.48,'2024-08-02','Active','2020-08-03'),
(41,393,'XXXX-XXXX-XXXX-6338','Mastercard',342962.8,177234.89,'2026-01-31','Active','2023-02-01'),
(42,408,'XXXX-XXXX-XXXX-8493','Mastercard',448796.09,74206.12,'2025-09-13','Blocked','2021-09-14'),
(43,32,'XXXX-XXXX-XXXX-5640','Mastercard',159379.37,154787.65,'2026-03-18','Blocked','2021-03-19'),
(44,93,'XXXX-XXXX-XXXX-5414','Mastercard',889583.13,116897.46,'2017-02-24','Expired','2012-02-26'),
(45,35,'XXXX-XXXX-XXXX-5859','Visa',543063.26,64067.58,'2025-09-12','Active','2022-09-13'),
(46,372,'XXXX-XXXX-XXXX-3731','UnionPay',94786.75,94190.34,'2022-09-08','Blocked','2017-09-09'),
(47,344,'XXXX-XXXX-XXXX-1497','UnionPay',313864.67,35917.27,'2025-03-02','Expired','2020-03-03'),
(48,359,'XXXX-XXXX-XXXX-9264','UnionPay',652335.02,376278.87,'2020-06-07','Blocked','2017-06-08'),
(49,473,'XXXX-XXXX-XXXX-5980','Mastercard',908987.12,115213.24,'2021-11-03','Blocked','2016-11-04'),
(50,371,'XXXX-XXXX-XXXX-6503','UnionPay',800995.83,748107.1,'2020-04-02','Active','2017-04-03'),
(51,217,'XXXX-XXXX-XXXX-8715','UnionPay',458994.09,224859.48,'2020-11-05','Blocked','2016-11-06'),
(52,387,'XXXX-XXXX-XXXX-8399','Visa',439470.75,199354.68,'2022-10-28','Expired','2017-10-29'),
(53,445,'XXXX-XXXX-XXXX-2239','Visa',79025.89,5826.6,'2024-05-07','Expired','2021-05-08'),
(54,492,'XXXX-XXXX-XXXX-1287','Visa',187058.56,159728.95,'2021-11-24','Expired','2017-11-25'),
(55,217,'XXXX-XXXX-XXXX-3003','Visa',555789.53,505979.64,'2023-07-21','Blocked','2019-07-22'),
(56,4,'XXXX-XXXX-XXXX-3081','Mastercard',328401.76,159178.62,'2016-08-25','Expired','2012-08-26'),
(57,253,'XXXX-XXXX-XXXX-7090','Visa',1400748.73,883786.62,'2017-04-30','Expired','2013-05-01'),
(58,315,'XXXX-XXXX-XXXX-5809','Visa',438603.12,99830.82,'2021-06-26','Active','2016-06-27'),
(59,391,'XXXX-XXXX-XXXX-1528','Visa',169901.3,104090.88,'2015-11-28','Expired','2012-11-28'),
(60,380,'XXXX-XXXX-XXXX-5186','UnionPay',620391.31,36374.73,'2025-08-30','Active','2021-08-31'),
(61,34,'XXXX-XXXX-XXXX-7368','Visa',126982.14,100078.73,'2023-05-20','Blocked','2020-05-20'),
(62,500,'XXXX-XXXX-XXXX-3965','Visa',879703.86,783456.89,'2017-01-11','Active','2014-01-12'),
(63,103,'XXXX-XXXX-XXXX-7170','UnionPay',1459268.08,1449485.85,'2021-12-04','Blocked','2016-12-05'),
(64,259,'XXXX-XXXX-XXXX-6914','UnionPay',1279365.77,545448.48,'2018-04-01','Expired','2014-04-02'),
(65,291,'XXXX-XXXX-XXXX-3538','Mastercard',1163548.77,308934.45,'2017-12-07','Expired','2013-12-08'),
(66,230,'XXXX-XXXX-XXXX-9574','Visa',1127281.63,713592.34,'2018-09-23','Blocked','2013-09-24'),
(67,26,'XXXX-XXXX-XXXX-3579','Mastercard',1063520.83,1014087.44,'2025-09-14','Blocked','2021-09-15'),
(68,164,'XXXX-XXXX-XXXX-2335','Mastercard',1454926.88,12899.95,'2023-08-18','Expired','2018-08-19'),
(69,269,'XXXX-XXXX-XXXX-1677','Mastercard',1109370.86,426683.47,'2028-02-06','Active','2023-02-07'),
(70,422,'XXXX-XXXX-XXXX-2697','UnionPay',145381.95,99824.34,'2019-03-14','Active','2016-03-14'),
(71,481,'XXXX-XXXX-XXXX-2253','Visa',246209.27,83758.71,'2022-05-13','Blocked','2018-05-14'),
(72,433,'XXXX-XXXX-XXXX-3179','Mastercard',249410.05,87953.81,'2024-10-01','Blocked','2020-10-02'),
(73,87,'XXXX-XXXX-XXXX-4318','Visa',364876.23,169694.0,'2016-06-12','Expired','2012-06-13'),
(74,34,'XXXX-XXXX-XXXX-9388','Visa',668955.64,293474.75,'2025-05-05','Expired','2020-05-06'),
(75,409,'XXXX-XXXX-XXXX-3781','UnionPay',1121826.81,259931.82,'2025-06-24','Blocked','2021-06-25'),
(76,24,'XXXX-XXXX-XXXX-8773','Mastercard',1097574.94,687855.05,'2024-01-29','Active','2020-01-30'),
(77,173,'XXXX-XXXX-XXXX-6289','UnionPay',1077458.39,814683.49,'2024-12-04','Blocked','2021-12-05'),
(78,201,'XXXX-XXXX-XXXX-3779','Visa',1289849.15,300883.66,'2015-05-13','Active','2012-05-13'),
(79,358,'XXXX-XXXX-XXXX-2893','UnionPay',1074441.22,206105.12,'2016-08-26','Active','2011-08-28'),
(80,152,'XXXX-XXXX-XXXX-8738','UnionPay',1108750.33,570278.37,'2028-06-13','Expired','2023-06-15'),
(81,342,'XXXX-XXXX-XXXX-7837','UnionPay',1187749.66,570625.6,'2019-07-14','Active','2016-07-14'),
(82,24,'XXXX-XXXX-XXXX-5086','UnionPay',1030254.34,752656.92,'2015-01-17','Expired','2010-01-18'),
(83,90,'XXXX-XXXX-XXXX-5814','UnionPay',760827.83,722965.74,'2018-01-21','Active','2013-01-22'),
(84,63,'XXXX-XXXX-XXXX-1767','Mastercard',1320783.36,185643.27,'2021-02-10','Active','2018-02-11'),
(85,295,'XXXX-XXXX-XXXX-2385','Mastercard',221316.37,168492.31,'2017-05-13','Blocked','2013-05-14'),
(86,480,'XXXX-XXXX-XXXX-4282','Visa',355195.81,293716.01,'2026-08-22','Blocked','2022-08-23'),
(87,180,'XXXX-XXXX-XXXX-5584','Mastercard',841007.07,825337.7,'2016-02-26','Expired','2011-02-27'),
(88,426,'XXXX-XXXX-XXXX-5424','Mastercard',1004749.54,493986.31,'2023-12-21','Blocked','2019-12-22'),
(89,181,'XXXX-XXXX-XXXX-8611','Mastercard',230887.26,119241.09,'2021-11-17','Blocked','2017-11-18'),
(90,438,'XXXX-XXXX-XXXX-3483','UnionPay',225542.51,180483.05,'2023-06-06','Active','2019-06-07'),
(91,281,'XXXX-XXXX-XXXX-4629','Mastercard',707263.25,275129.39,'2022-02-01','Blocked','2019-02-02'),
(92,335,'XXXX-XXXX-XXXX-2553','Visa',878687.6,180104.04,'2017-07-28','Blocked','2013-07-29'),
(93,176,'XXXX-XXXX-XXXX-3021','Visa',254873.99,48464.2,'2025-05-07','Expired','2022-05-08'),
(94,92,'XXXX-XXXX-XXXX-2555','UnionPay',475687.72,59906.91,'2026-12-20','Blocked','2021-12-21'),
(95,234,'XXXX-XXXX-XXXX-3849','Mastercard',1477086.0,169473.86,'2019-08-05','Blocked','2015-08-06'),
(96,43,'XXXX-XXXX-XXXX-4839','UnionPay',1032585.98,957840.76,'2019-06-18','Blocked','2016-06-18'),
(97,200,'XXXX-XXXX-XXXX-3576','Visa',637287.44,249771.84,'2014-07-03','Active','2010-07-04'),
(98,88,'XXXX-XXXX-XXXX-9909','Mastercard',632298.5,42065.76,'2018-10-23','Active','2014-10-24'),
(99,278,'XXXX-XXXX-XXXX-8878','Mastercard',45587.32,32049.46,'2016-04-29','Expired','2013-04-30'),
(100,9,'XXXX-XXXX-XXXX-7254','Visa',588246.69,220475.72,'2014-08-03','Active','2010-08-04'),
(101,299,'XXXX-XXXX-XXXX-8363','UnionPay',56755.53,42667.48,'2013-12-15','Active','2010-12-16'),
(102,186,'XXXX-XXXX-XXXX-5263','UnionPay',138173.65,40315.17,'2016-07-02','Expired','2013-07-03'),
(103,161,'XXXX-XXXX-XXXX-9699','UnionPay',583892.44,152808.73,'2019-02-22','Blocked','2015-02-23'),
(104,169,'XXXX-XXXX-XXXX-1328','UnionPay',69080.91,4857.18,'2021-05-30','Expired','2018-05-31'),
(105,471,'XXXX-XXXX-XXXX-6727','Mastercard',337557.25,70141.76,'2025-12-27','Active','2021-12-28'),
(106,17,'XXXX-XXXX-XXXX-1458','UnionPay',599673.37,7624.11,'2028-06-15','Blocked','2023-06-17'),
(107,495,'XXXX-XXXX-XXXX-8311','Visa',1130947.43,572142.83,'2023-02-23','Active','2019-02-24'),
(108,181,'XXXX-XXXX-XXXX-4992','Mastercard',1471946.03,690743.0,'2016-02-23','Blocked','2012-02-24'),
(109,142,'XXXX-XXXX-XXXX-3564','Mastercard',517018.8,387229.64,'2018-11-23','Active','2013-11-24'),
(110,480,'XXXX-XXXX-XXXX-1712','UnionPay',203246.33,120050.37,'2014-10-02','Expired','2010-10-03'),
(111,381,'XXXX-XXXX-XXXX-6535','UnionPay',763277.02,658061.9,'2013-10-07','Blocked','2010-10-08'),
(112,12,'XXXX-XXXX-XXXX-4334','Mastercard',90167.6,50405.13,'2020-06-23','Active','2016-06-24'),
(113,243,'XXXX-XXXX-XXXX-4202','UnionPay',208965.98,61781.04,'2023-02-22','Blocked','2020-02-23'),
(114,49,'XXXX-XXXX-XXXX-6536','Visa',733314.04,253572.78,'2015-02-04','Active','2011-02-05'),
(115,319,'XXXX-XXXX-XXXX-3697','Visa',87739.86,37095.77,'2025-05-24','Blocked','2021-05-25'),
(116,316,'XXXX-XXXX-XXXX-7703','Mastercard',232586.08,77917.85,'2024-08-01','Blocked','2019-08-03'),
(117,65,'XXXX-XXXX-XXXX-7598','Mastercard',956082.25,276263.74,'2025-09-29','Blocked','2022-09-30'),
(118,476,'XXXX-XXXX-XXXX-1837','Visa',416448.33,206933.22,'2024-09-08','Expired','2020-09-09'),
(119,499,'XXXX-XXXX-XXXX-2341','UnionPay',1109036.78,453877.63,'2023-08-02','Expired','2020-08-02'),
(120,58,'XXXX-XXXX-XXXX-8663','Visa',1251554.38,1161838.81,'2020-12-27','Expired','2016-12-28'),
(121,190,'XXXX-XXXX-XXXX-3918','UnionPay',1152820.34,1051825.99,'2016-05-13','Active','2013-05-14'),
(122,287,'XXXX-XXXX-XXXX-5127','Visa',907075.08,893049.84,'2020-07-26','Blocked','2017-07-27'),
(123,210,'XXXX-XXXX-XXXX-9347','UnionPay',1118806.13,847510.17,'2016-02-01','Expired','2012-02-02'),
(124,164,'XXXX-XXXX-XXXX-5477','Visa',1385424.35,427108.57,'2024-04-20','Expired','2020-04-21'),
(125,454,'XXXX-XXXX-XXXX-8222','Mastercard',1223097.49,782615.47,'2015-04-11','Blocked','2012-04-11'),
(126,402,'XXXX-XXXX-XXXX-3983','UnionPay',1059017.07,668316.36,'2023-07-16','Active','2018-07-17'),
(127,97,'XXXX-XXXX-XXXX-3659','Mastercard',1279371.22,1085744.46,'2022-07-28','Expired','2018-07-29'),
(128,452,'XXXX-XXXX-XXXX-8898','Mastercard',34593.8,30680.77,'2016-01-11','Blocked','2012-01-12'),
(129,301,'XXXX-XXXX-XXXX-2863','Mastercard',327360.36,40869.46,'2027-11-01','Active','2022-11-02'),
(130,236,'XXXX-XXXX-XXXX-5047','Visa',1200784.9,327506.37,'2026-04-22','Blocked','2023-04-23'),
(131,304,'XXXX-XXXX-XXXX-7306','UnionPay',1358091.75,1195998.91,'2019-07-03','Blocked','2015-07-04'),
(132,335,'XXXX-XXXX-XXXX-4165','UnionPay',773156.77,750781.12,'2015-04-13','Blocked','2010-04-14'),
(133,307,'XXXX-XXXX-XXXX-5632','Mastercard',199863.57,79626.66,'2017-09-30','Expired','2013-10-01'),
(134,396,'XXXX-XXXX-XXXX-5185','Visa',482997.76,422890.27,'2021-09-09','Blocked','2018-09-10'),
(135,462,'XXXX-XXXX-XXXX-7746','Mastercard',620068.35,323352.0,'2021-05-29','Blocked','2016-05-30'),
(136,117,'XXXX-XXXX-XXXX-3647','Visa',177489.92,75473.18,'2018-12-13','Active','2014-12-14'),
(137,360,'XXXX-XXXX-XXXX-3549','UnionPay',1117695.82,911744.5,'2015-06-09','Blocked','2012-06-09'),
(138,450,'XXXX-XXXX-XXXX-6252','UnionPay',902331.69,812727.97,'2017-12-04','Blocked','2014-12-05'),
(139,441,'XXXX-XXXX-XXXX-1072','UnionPay',799685.56,500656.45,'2022-09-20','Active','2017-09-21'),
(140,152,'XXXX-XXXX-XXXX-1029','Mastercard',63749.61,7537.43,'2015-08-23','Active','2012-08-23'),
(141,225,'XXXX-XXXX-XXXX-8034','UnionPay',760143.87,282975.86,'2021-07-04','Active','2017-07-05'),
(142,462,'XXXX-XXXX-XXXX-1750','Mastercard',400166.79,308721.66,'2024-07-23','Expired','2021-07-24'),
(143,30,'XXXX-XXXX-XXXX-3765','Mastercard',1230600.78,878677.2,'2013-07-19','Active','2010-07-20'),
(144,23,'XXXX-XXXX-XXXX-2171','Mastercard',36057.67,7256.62,'2019-07-04','Blocked','2014-07-05'),
(145,30,'XXXX-XXXX-XXXX-3777','Visa',1081462.63,87563.28,'2024-12-15','Expired','2020-12-16'),
(146,95,'XXXX-XXXX-XXXX-5447','Visa',59582.17,8547.27,'2013-04-13','Active','2010-04-14'),
(147,453,'XXXX-XXXX-XXXX-4417','UnionPay',28242.86,23213.36,'2026-04-03','Expired','2021-04-04'),
(148,380,'XXXX-XXXX-XXXX-1024','Mastercard',1035556.89,167603.02,'2024-11-06','Blocked','2019-11-08'),
(149,360,'XXXX-XXXX-XXXX-7463','Mastercard',1311038.92,400212.96,'2015-04-05','Expired','2011-04-06'),
(150,498,'XXXX-XXXX-XXXX-8495','Mastercard',158129.95,147464.82,'2020-10-25','Active','2015-10-27'),
(151,294,'XXXX-XXXX-XXXX-6724','Mastercard',582509.68,309453.14,'2021-03-18','Active','2017-03-19'),
(152,82,'XXXX-XXXX-XXXX-9263','UnionPay',461947.17,322946.89,'2024-09-17','Active','2019-09-19'),
(153,44,'XXXX-XXXX-XXXX-6928','UnionPay',380705.13,232252.4,'2023-06-23','Blocked','2019-06-24'),
(154,299,'XXXX-XXXX-XXXX-3740','UnionPay',1292238.07,178798.78,'2024-07-15','Blocked','2019-07-17'),
(155,445,'XXXX-XXXX-XXXX-9959','Mastercard',1073599.88,110890.96,'2025-08-18','Blocked','2022-08-19'),
(156,421,'XXXX-XXXX-XXXX-1235','Mastercard',282213.11,141999.64,'2023-04-27','Blocked','2019-04-28'),
(157,178,'XXXX-XXXX-XXXX-3765','UnionPay',1132151.5,132371.47,'2017-02-17','Blocked','2014-02-18'),
(158,215,'XXXX-XXXX-XXXX-3461','Visa',971396.31,546718.08,'2019-05-14','Blocked','2015-05-15'),
(159,389,'XXXX-XXXX-XXXX-2186','Mastercard',1373373.99,598403.13,'2023-11-17','Expired','2020-11-17'),
(160,492,'XXXX-XXXX-XXXX-7966','Visa',833150.45,626359.78,'2027-06-21','Blocked','2023-06-22'),
(161,380,'XXXX-XXXX-XXXX-9021','UnionPay',315904.57,264002.39,'2018-08-15','Active','2014-08-16'),
(162,358,'XXXX-XXXX-XXXX-7257','Mastercard',1250611.79,271252.05,'2025-12-01','Blocked','2021-12-02'),
(163,190,'XXXX-XXXX-XXXX-1442','Mastercard',911220.87,231087.84,'2028-05-29','Blocked','2023-05-31'),
(164,52,'XXXX-XXXX-XXXX-4237','Mastercard',1354956.34,978297.62,'2019-08-03','Active','2014-08-04'),
(165,116,'XXXX-XXXX-XXXX-8476','Mastercard',1159907.91,356031.99,'2019-05-11','Blocked','2014-05-12'),
(166,356,'XXXX-XXXX-XXXX-8631','Visa',416436.1,175538.75,'2020-01-19','Expired','2015-01-20'),
(167,269,'XXXX-XXXX-XXXX-9010','UnionPay',1302238.95,1096608.54,'2016-02-24','Active','2013-02-24'),
(168,461,'XXXX-XXXX-XXXX-4891','Visa',1083886.71,192459.03,'2019-03-19','Blocked','2014-03-20'),
(169,211,'XXXX-XXXX-XXXX-3722','Mastercard',281558.96,46708.0,'2020-04-14','Expired','2016-04-15'),
(170,330,'XXXX-XXXX-XXXX-3447','Mastercard',226794.17,50053.02,'2023-11-21','Active','2020-11-21'),
(171,334,'XXXX-XXXX-XXXX-4152','Mastercard',942394.36,218579.42,'2015-01-26','Expired','2011-01-27'),
(172,39,'XXXX-XXXX-XXXX-6355','UnionPay',395571.2,171425.72,'2013-11-16','Blocked','2010-11-17'),
(173,151,'XXXX-XXXX-XXXX-5623','UnionPay',35184.86,12080.34,'2014-04-14','Expired','2011-04-15'),
(174,155,'XXXX-XXXX-XXXX-5190','Visa',962713.2,584187.91,'2017-10-06','Active','2014-10-07'),
(175,101,'XXXX-XXXX-XXXX-4699','Visa',862547.96,794982.4,'2020-04-20','Blocked','2015-04-22'),
(176,52,'XXXX-XXXX-XXXX-4898','Mastercard',977400.39,627424.68,'2021-07-06','Expired','2017-07-07'),
(177,273,'XXXX-XXXX-XXXX-9675','UnionPay',740390.66,615188.02,'2015-10-11','Blocked','2011-10-12'),
(178,308,'XXXX-XXXX-XXXX-9283','Visa',918897.72,530370.06,'2019-05-23','Expired','2014-05-24'),
(179,390,'XXXX-XXXX-XXXX-9082','Visa',1158309.49,904074.65,'2027-06-01','Expired','2023-06-02'),
(180,365,'XXXX-XXXX-XXXX-3472','Visa',1447298.79,826390.86,'2018-07-13','Active','2015-07-14'),
(181,315,'XXXX-XXXX-XXXX-8220','Mastercard',29530.09,13252.86,'2017-05-07','Active','2013-05-08'),
(182,122,'XXXX-XXXX-XXXX-8717','UnionPay',98396.56,41692.76,'2014-01-15','Blocked','2011-01-16'),
(183,91,'XXXX-XXXX-XXXX-9653','Mastercard',468801.05,95315.83,'2020-08-26','Active','2016-08-27'),
(184,181,'XXXX-XXXX-XXXX-2739','UnionPay',255837.04,127114.69,'2017-07-26','Blocked','2013-07-27'),
(185,168,'XXXX-XXXX-XXXX-3210','UnionPay',1450295.56,189041.28,'2020-08-02','Active','2015-08-04'),
(186,476,'XXXX-XXXX-XXXX-7181','UnionPay',1430361.84,624375.28,'2016-01-14','Expired','2013-01-14'),
(187,129,'XXXX-XXXX-XXXX-3442','UnionPay',700113.04,407549.02,'2020-10-12','Expired','2017-10-13'),
(188,217,'XXXX-XXXX-XXXX-9077','Visa',414800.24,353714.92,'2020-04-25','Expired','2015-04-27'),
(189,206,'XXXX-XXXX-XXXX-3435','Mastercard',720334.88,559947.65,'2023-07-17','Active','2019-07-18'),
(190,312,'XXXX-XXXX-XXXX-2841','Visa',1088521.91,328622.17,'2015-05-29','Active','2012-05-29'),
(191,361,'XXXX-XXXX-XXXX-2322','Mastercard',941085.58,210086.83,'2020-04-09','Blocked','2017-04-10'),
(192,483,'XXXX-XXXX-XXXX-7330','UnionPay',494225.24,46880.53,'2021-12-15','Active','2018-12-16'),
(193,264,'XXXX-XXXX-XXXX-5133','UnionPay',884636.09,546029.29,'2023-07-30','Blocked','2018-07-31'),
(194,198,'XXXX-XXXX-XXXX-6351','UnionPay',705409.28,354465.16,'2019-12-30','Active','2016-12-30'),
(195,181,'XXXX-XXXX-XXXX-6690','Mastercard',614328.62,221542.18,'2019-05-08','Expired','2016-05-08'),
(196,140,'XXXX-XXXX-XXXX-7299','Visa',302521.33,130667.86,'2022-02-08','Blocked','2019-02-09'),
(197,113,'XXXX-XXXX-XXXX-8020','UnionPay',1245909.4,689327.46,'2026-10-17','Expired','2022-10-18'),
(198,141,'XXXX-XXXX-XXXX-4852','Visa',881046.01,242193.34,'2014-02-15','Blocked','2010-02-16'),
(199,136,'XXXX-XXXX-XXXX-7341','UnionPay',134719.71,62702.36,'2017-05-04','Expired','2014-05-05'),
(200,125,'XXXX-XXXX-XXXX-7981','UnionPay',77258.88,75421.7,'2024-02-03','Expired','2021-02-03'),
(201,413,'XXXX-XXXX-XXXX-7848','UnionPay',1148209.51,952812.55,'2015-10-20','Expired','2012-10-20'),
(202,271,'XXXX-XXXX-XXXX-1392','UnionPay',1054560.07,756747.59,'2024-06-27','Active','2020-06-28'),
(203,415,'XXXX-XXXX-XXXX-9864','UnionPay',1376311.82,121764.15,'2026-02-12','Blocked','2023-02-13'),
(204,480,'XXXX-XXXX-XXXX-2108','Mastercard',635169.32,209442.23,'2025-08-04','Expired','2021-08-05'),
(205,50,'XXXX-XXXX-XXXX-7504','UnionPay',579238.67,564958.16,'2019-07-12','Blocked','2015-07-13'),
(206,134,'XXXX-XXXX-XXXX-6481','Mastercard',672324.52,20648.2,'2013-04-26','Active','2010-04-27'),
(207,407,'XXXX-XXXX-XXXX-7011','Mastercard',987203.62,457276.23,'2017-10-31','Active','2014-11-01'),
(208,216,'XXXX-XXXX-XXXX-2444','Mastercard',911301.3,335451.54,'2019-09-29','Expired','2014-09-30'),
(209,490,'XXXX-XXXX-XXXX-3020','Mastercard',1203980.3,1182677.53,'2014-06-29','Active','2010-06-30'),
(210,469,'XXXX-XXXX-XXXX-6732','Visa',1170689.69,883507.35,'2015-05-04','Blocked','2010-05-05'),
(211,67,'XXXX-XXXX-XXXX-3079','Mastercard',41655.8,2400.76,'2015-11-06','Expired','2010-11-07'),
(212,61,'XXXX-XXXX-XXXX-3517','Visa',464600.44,304326.15,'2026-07-04','Expired','2021-07-05'),
(213,483,'XXXX-XXXX-XXXX-2381','UnionPay',705656.31,425124.09,'2021-10-25','Blocked','2016-10-26'),
(214,61,'XXXX-XXXX-XXXX-1669','UnionPay',618447.09,211653.27,'2015-11-28','Active','2010-11-29'),
(215,169,'XXXX-XXXX-XXXX-7752','Mastercard',1183362.55,431629.99,'2019-07-06','Active','2014-07-07'),
(216,187,'XXXX-XXXX-XXXX-2812','Mastercard',906413.72,31969.63,'2024-09-03','Active','2020-09-04'),
(217,286,'XXXX-XXXX-XXXX-8386','UnionPay',1193190.35,330656.37,'2021-04-19','Active','2016-04-20'),
(218,340,'XXXX-XXXX-XXXX-6472','Visa',338010.83,313939.06,'2018-10-16','Expired','2014-10-17'),
(219,207,'XXXX-XXXX-XXXX-7775','Mastercard',1451480.85,822526.43,'2025-07-10','Expired','2022-07-11'),
(220,460,'XXXX-XXXX-XXXX-5138','Mastercard',1210796.84,265234.19,'2016-07-01','Blocked','2013-07-02'),
(221,28,'XXXX-XXXX-XXXX-5759','Visa',1093954.9,40037.18,'2023-03-17','Expired','2020-03-17'),
(222,101,'XXXX-XXXX-XXXX-9247','UnionPay',1260096.84,709703.17,'2017-11-03','Active','2013-11-04'),
(223,366,'XXXX-XXXX-XXXX-5887','UnionPay',764421.27,85007.59,'2017-09-14','Blocked','2014-09-15'),
(224,408,'XXXX-XXXX-XXXX-6624','Mastercard',232222.65,123380.8,'2023-01-12','Active','2018-01-13'),
(225,443,'XXXX-XXXX-XXXX-5240','Mastercard',1426438.23,209417.84,'2017-09-06','Expired','2013-09-07'),
(226,382,'XXXX-XXXX-XXXX-2099','Mastercard',766578.95,106971.11,'2014-04-13','Active','2010-04-14'),
(227,462,'XXXX-XXXX-XXXX-2279','Mastercard',1245747.72,2450.51,'2022-11-18','Expired','2019-11-19'),
(228,167,'XXXX-XXXX-XXXX-7508','Mastercard',1082206.97,91084.36,'2015-01-08','Blocked','2011-01-09'),
(229,328,'XXXX-XXXX-XXXX-5903','Visa',1212752.85,888542.46,'2022-06-30','Active','2018-07-01'),
(230,336,'XXXX-XXXX-XXXX-2226','UnionPay',1077334.3,868284.59,'2016-06-01','Expired','2012-06-02'),
(231,284,'XXXX-XXXX-XXXX-2865','UnionPay',704862.04,433031.85,'2015-03-02','Active','2012-03-02'),
(232,354,'XXXX-XXXX-XXXX-7760','Visa',1194861.67,41577.81,'2014-11-25','Blocked','2011-11-26'),
(233,69,'XXXX-XXXX-XXXX-8345','Visa',1235862.81,1191027.1,'2020-01-23','Expired','2017-01-23'),
(234,253,'XXXX-XXXX-XXXX-3889','Mastercard',337967.47,233897.41,'2016-05-13','Expired','2011-05-15'),
(235,308,'XXXX-XXXX-XXXX-2184','Visa',586001.78,162337.97,'2026-05-16','Active','2023-05-17'),
(236,473,'XXXX-XXXX-XXXX-5384','Mastercard',571416.62,117858.25,'2018-11-30','Blocked','2014-12-01'),
(237,339,'XXXX-XXXX-XXXX-7287','UnionPay',1414507.82,42054.07,'2023-06-13','Blocked','2020-06-13'),
(238,94,'XXXX-XXXX-XXXX-9804','UnionPay',1336752.64,613840.82,'2025-11-25','Blocked','2022-11-26'),
(239,442,'XXXX-XXXX-XXXX-2000','Mastercard',303153.42,160973.07,'2027-04-03','Blocked','2022-04-04'),
(240,8,'XXXX-XXXX-XXXX-3961','Mastercard',779732.71,637060.09,'2018-10-08','Active','2013-10-09'),
(241,82,'XXXX-XXXX-XXXX-4658','UnionPay',164295.09,7819.75,'2027-01-12','Blocked','2022-01-13'),
(242,422,'XXXX-XXXX-XXXX-4949','UnionPay',210908.61,144374.94,'2026-02-09','Expired','2023-02-10'),
(243,301,'XXXX-XXXX-XXXX-9727','UnionPay',538747.98,143299.13,'2024-03-12','Active','2019-03-14'),
(244,261,'XXXX-XXXX-XXXX-7531','Visa',780733.65,375398.24,'2015-01-03','Expired','2012-01-04'),
(245,73,'XXXX-XXXX-XXXX-9773','UnionPay',90905.36,52968.36,'2018-09-09','Blocked','2014-09-10'),
(246,74,'XXXX-XXXX-XXXX-2107','Mastercard',991541.72,851883.69,'2016-09-10','Expired','2012-09-11'),
(247,456,'XXXX-XXXX-XXXX-8451','Mastercard',1330252.38,992558.78,'2015-02-02','Expired','2012-02-03'),
(248,432,'XXXX-XXXX-XXXX-4980','Mastercard',1250755.45,1025489.88,'2020-03-02','Active','2016-03-03'),
(249,254,'XXXX-XXXX-XXXX-5063','Visa',577167.89,361708.58,'2020-01-26','Active','2015-01-27'),
(250,67,'XXXX-XXXX-XXXX-5252','UnionPay',558735.77,97894.55,'2015-11-29','Blocked','2011-11-30'),
(251,386,'XXXX-XXXX-XXXX-7999','Mastercard',342350.82,270533.77,'2028-06-12','Active','2023-06-14'),
(252,259,'XXXX-XXXX-XXXX-9920','UnionPay',1419868.04,455316.49,'2024-06-12','Active','2019-06-14'),
(253,130,'XXXX-XXXX-XXXX-5422','Mastercard',365825.24,249720.78,'2019-03-12','Expired','2015-03-13'),
(254,80,'XXXX-XXXX-XXXX-6876','Mastercard',226671.5,183477.43,'2025-08-08','Blocked','2021-08-09'),
(255,356,'XXXX-XXXX-XXXX-5629','Visa',1177247.88,550515.26,'2021-05-28','Expired','2017-05-29'),
(256,101,'XXXX-XXXX-XXXX-3829','Mastercard',1165326.45,499058.71,'2021-10-03','Active','2017-10-04'),
(257,265,'XXXX-XXXX-XXXX-3424','Visa',1186035.3,435240.89,'2020-09-06','Expired','2015-09-08'),
(258,461,'XXXX-XXXX-XXXX-9835','Mastercard',467861.08,434592.6,'2025-02-03','Blocked','2021-02-04'),
(259,258,'XXXX-XXXX-XXXX-4874','Mastercard',443461.17,293682.3,'2025-08-03','Expired','2020-08-04'),
(260,281,'XXXX-XXXX-XXXX-5629','Mastercard',249132.7,47921.44,'2024-12-02','Expired','2019-12-04'),
(261,341,'XXXX-XXXX-XXXX-3637','Visa',1285738.79,124290.34,'2026-04-21','Expired','2021-04-22'),
(262,309,'XXXX-XXXX-XXXX-3848','Visa',590746.04,530874.28,'2025-10-22','Active','2022-10-23'),
(263,197,'XXXX-XXXX-XXXX-4931','Visa',388770.97,169184.51,'2014-12-10','Expired','2011-12-11'),
(264,405,'XXXX-XXXX-XXXX-2285','Visa',90341.83,80539.92,'2024-11-11','Active','2021-11-12'),
(265,429,'XXXX-XXXX-XXXX-2420','UnionPay',1350470.78,1302648.61,'2021-11-13','Blocked','2017-11-14'),
(266,275,'XXXX-XXXX-XXXX-9206','UnionPay',777166.92,113308.29,'2025-11-04','Expired','2020-11-05'),
(267,200,'XXXX-XXXX-XXXX-4886','UnionPay',1231072.35,970927.94,'2020-03-31','Expired','2015-04-02'),
(268,230,'XXXX-XXXX-XXXX-6242','Mastercard',1240196.75,1234564.31,'2018-02-01','Active','2013-02-02'),
(269,448,'XXXX-XXXX-XXXX-4730','UnionPay',1468349.32,777339.5,'2013-11-25','Blocked','2010-11-26'),
(270,162,'XXXX-XXXX-XXXX-6010','Mastercard',523054.63,370551.14,'2024-12-19','Blocked','2021-12-20'),
(271,236,'XXXX-XXXX-XXXX-5904','Mastercard',1232714.98,14447.6,'2015-03-19','Expired','2011-03-20'),
(272,107,'XXXX-XXXX-XXXX-3806','Mastercard',741535.83,325035.09,'2015-12-12','Blocked','2012-12-12'),
(273,164,'XXXX-XXXX-XXXX-5878','UnionPay',55301.09,39677.31,'2023-08-03','Expired','2018-08-04'),
(274,435,'XXXX-XXXX-XXXX-4806','Mastercard',494570.3,183535.81,'2018-10-09','Active','2015-10-10'),
(275,49,'XXXX-XXXX-XXXX-6032','Visa',794057.82,122633.59,'2017-01-27','Active','2012-01-29'),
(276,220,'XXXX-XXXX-XXXX-5911','Mastercard',926043.28,703803.58,'2026-03-29','Active','2021-03-30'),
(277,419,'XXXX-XXXX-XXXX-7815','Mastercard',807259.31,436954.98,'2025-01-01','Expired','2022-01-02'),
(278,61,'XXXX-XXXX-XXXX-9844','Visa',222285.86,58364.46,'2018-12-26','Expired','2013-12-27'),
(279,113,'XXXX-XXXX-XXXX-5661','Visa',1246084.18,90067.87,'2023-11-14','Expired','2020-11-14'),
(280,355,'XXXX-XXXX-XXXX-4462','UnionPay',60614.71,20283.38,'2023-01-13','Active','2019-01-14'),
(281,19,'XXXX-XXXX-XXXX-6158','UnionPay',626405.08,538315.74,'2026-03-09','Active','2022-03-10'),
(282,410,'XXXX-XXXX-XXXX-3231','UnionPay',1154551.67,54314.15,'2021-10-01','Expired','2016-10-02'),
(283,220,'XXXX-XXXX-XXXX-3577','UnionPay',402949.24,250446.42,'2024-10-31','Expired','2021-11-01'),
(284,418,'XXXX-XXXX-XXXX-7450','UnionPay',373940.09,186674.23,'2023-09-25','Expired','2020-09-25'),
(285,137,'XXXX-XXXX-XXXX-3193','Mastercard',1064626.02,126493.21,'2024-05-19','Expired','2021-05-20'),
(286,455,'XXXX-XXXX-XXXX-1229','Visa',537621.02,199936.4,'2023-10-22','Blocked','2019-10-23'),
(287,265,'XXXX-XXXX-XXXX-7932','Mastercard',1175821.78,831475.38,'2018-11-26','Blocked','2013-11-27'),
(288,410,'XXXX-XXXX-XXXX-7292','UnionPay',1009342.65,529268.36,'2026-12-14','Expired','2021-12-15'),
(289,79,'XXXX-XXXX-XXXX-1651','Mastercard',1491868.31,681580.63,'2021-12-07','Blocked','2018-12-08'),
(290,477,'XXXX-XXXX-XXXX-8549','Mastercard',541847.26,240407.09,'2014-06-01','Active','2010-06-02'),
(291,478,'XXXX-XXXX-XXXX-6598','UnionPay',215034.78,47026.24,'2026-07-10','Active','2022-07-11'),
(292,61,'XXXX-XXXX-XXXX-7130','Visa',313341.63,247333.09,'2020-11-03','Expired','2016-11-04'),
(293,260,'XXXX-XXXX-XXXX-1247','UnionPay',168842.09,78411.94,'2025-04-10','Expired','2021-04-11'),
(294,394,'XXXX-XXXX-XXXX-9304','Mastercard',667344.71,643637.28,'2017-01-20','Active','2012-01-22'),
(295,177,'XXXX-XXXX-XXXX-7404','UnionPay',272335.19,81679.57,'2014-05-31','Active','2011-06-01'),
(296,68,'XXXX-XXXX-XXXX-9388','Mastercard',1113282.45,474901.78,'2024-06-09','Blocked','2019-06-11'),
(297,261,'XXXX-XXXX-XXXX-8025','UnionPay',528472.29,365055.27,'2026-05-28','Active','2022-05-29'),
(298,180,'XXXX-XXXX-XXXX-1154','Visa',1292585.62,704039.45,'2015-09-13','Expired','2011-09-14'),
(299,73,'XXXX-XXXX-XXXX-8319','UnionPay',994297.62,103441.03,'2020-06-03','Active','2017-06-04'),
(300,384,'XXXX-XXXX-XXXX-9499','UnionPay',931437.45,789178.02,'2028-05-06','Expired','2023-05-08');

Select * From credit_cards;

-- ================================
-- INSERT Audit_log
-- ================================
INSERT INTO audit_log VALUES
(1,'CARD_EXPIRED','Account',360,77,'2017-06-10','Payment defaulted'),
(2,'CARD_BLOCKED','Card',389,116,'2020-11-11','Auto-expired'),
(3,'CUSTOMER_UPDATED','Card',192,4,'2011-12-05','Closed on maturity'),
(4,'CUSTOMER_UPDATED','Card',242,102,'2010-08-25','Fraud detected'),
(5,'ACCOUNT_OPENED','Account',440,101,'2016-06-08','KYC completed'),
(6,'CARD_ISSUED','Card',35,42,'2017-10-11','Customer request'),
(7,'LOAN_APPROVED','Customer',81,84,'2022-07-31','Approved after credit check'),
(8,'LOAN_CLOSED','Account',342,NULL,'2013-02-22','Auto-expired'),
(9,'CARD_BLOCKED','Account',72,30,'2017-10-17','System generated'),
(10,'LOAN_CLOSED','Customer',78,91,'2022-07-02','Pending review'),
(11,'LOAN_APPROVED','Card',239,NULL,'2020-11-28','Document verified'),
(12,'LOAN_CLOSED','Customer',201,24,'2024-06-03','Auto-expired'),
(13,'LOAN_APPROVED','Loan',119,150,'2014-01-31','Manual override'),
(14,'CARD_BLOCKED','Card',285,82,'2019-10-14','Pending review'),
(15,'CARD_ISSUED','Account',338,NULL,'2015-02-08','Manual override'),
(16,'LOAN_CLOSED','Card',468,105,'2016-07-28',NULL),
(17,'LOAN_DEFAULTED','Customer',134,NULL,'2018-03-04','Fraud detected'),
(18,'LOAN_APPROVED','Customer',291,149,'2018-05-24','Payment defaulted'),
(19,'ACCOUNT_OPENED','Loan',350,NULL,'2010-11-25','KYC completed'),
(20,'LOAN_CLOSED','Customer',480,51,'2018-09-04','Manual override'),
(21,'LOAN_CLOSED','Customer',361,59,'2011-11-02','Auto-expired'),
(22,'CUSTOMER_UPDATED','Card',316,138,'2010-11-25','Pending review'),
(23,'LOAN_DEFAULTED','Customer',18,15,'2016-09-21','Payment defaulted'),
(24,'ACCOUNT_OPENED','Loan',437,11,'2022-08-16','Pending review'),
(25,'LOAN_DEFAULTED','Account',464,88,'2020-04-27','Manual override'),
(26,'CUSTOMER_UPDATED','Customer',189,NULL,'2012-09-20','System generated'),
(27,'CUSTOMER_UPDATED','Account',282,22,'2023-11-26','Fraud detected'),
(28,'ACCOUNT_OPENED','Loan',461,144,'2012-06-05','Pending review'),
(29,'ACCOUNT_OPENED','Loan',167,16,'2011-01-27','Closed on maturity'),
(30,'ACCOUNT_CLOSED','Customer',338,92,'2018-04-13','System generated'),
(31,'ACCOUNT_OPENED','Account',205,64,'2024-04-25','Auto-expired'),
(32,'CARD_ISSUED','Account',203,25,'2022-09-25','Auto-expired'),
(33,'LOAN_DEFAULTED','Loan',350,41,'2023-05-04','System generated'),
(34,'CARD_EXPIRED','Card',371,NULL,'2017-12-30','System generated'),
(35,'LOAN_DEFAULTED','Account',137,37,'2012-05-12','Pending review'),
(36,'LOAN_DEFAULTED','Customer',183,NULL,'2012-02-25','Approved after credit check'),
(37,'CARD_EXPIRED','Loan',276,20,'2018-05-31','Fraud detected'),
(38,'ACCOUNT_OPENED','Account',127,106,'2024-03-20','Document verified'),
(39,'LOAN_CLOSED','Customer',135,113,'2016-04-08','Manual override'),
(40,'CARD_ISSUED','Loan',1,50,'2023-06-03','Fraud detected'),
(41,'CARD_ISSUED','Loan',226,31,'2011-09-27','Closed on maturity'),
(42,'ACCOUNT_CLOSED','Account',378,111,'2012-04-11','Approved after credit check'),
(43,'LOAN_APPROVED','Customer',35,132,'2021-03-12','Customer request'),
(44,'LOAN_APPROVED','Account',424,90,'2011-06-22','Closed on maturity'),
(45,'ACCOUNT_OPENED','Loan',483,150,'2019-07-20','KYC completed'),
(46,'LOAN_APPROVED','Card',486,129,'2017-12-16','Customer request'),
(47,'CUSTOMER_UPDATED','Card',458,NULL,'2022-12-30','Closed on maturity'),
(48,'CARD_ISSUED','Customer',341,43,'2022-05-06','Payment defaulted'),
(49,'LOAN_DEFAULTED','Card',192,126,'2017-03-02','Pending review'),
(50,'CARD_BLOCKED','Loan',335,28,'2013-08-28','Customer request'),
(51,'CARD_EXPIRED','Customer',93,115,'2018-11-29','Auto-expired'),
(52,'LOAN_CLOSED','Loan',7,118,'2023-06-22','Pending review'),
(53,'LOAN_APPROVED','Card',383,133,'2014-10-12','Customer request'),
(54,'LOAN_CLOSED','Card',176,76,'2015-06-03','Approved after credit check'),
(55,'LOAN_CLOSED','Account',213,94,'2020-01-05','Document verified'),
(56,'ACCOUNT_OPENED','Account',274,130,'2016-09-20','Pending review'),
(57,'LOAN_APPROVED','Customer',139,93,'2019-07-10','Manual override'),
(58,'ACCOUNT_CLOSED','Customer',272,71,'2020-10-27','Manual override'),
(59,'ACCOUNT_OPENED','Loan',340,2,'2013-10-18',NULL),
(60,'ACCOUNT_CLOSED','Loan',237,71,'2020-06-02','KYC completed'),
(61,'CUSTOMER_UPDATED','Card',432,NULL,'2018-10-07','Auto-expired'),
(62,'LOAN_DEFAULTED','Account',7,124,'2020-07-08','Closed on maturity'),
(63,'LOAN_CLOSED','Card',123,90,'2012-04-08','Fraud detected'),
(64,'CARD_ISSUED','Customer',280,101,'2015-06-05','System generated'),
(65,'CARD_ISSUED','Customer',277,93,'2023-09-05','Fraud detected'),
(66,'LOAN_DEFAULTED','Card',265,119,'2020-11-02',NULL),
(67,'LOAN_CLOSED','Customer',414,80,'2010-04-01','Fraud detected'),
(68,'LOAN_APPROVED','Loan',135,123,'2010-03-20',NULL),
(69,'CARD_ISSUED','Account',183,31,'2014-09-19',NULL),
(70,'LOAN_DEFAULTED','Customer',466,10,'2010-08-05','Closed on maturity'),
(71,'CARD_ISSUED','Loan',171,23,'2019-05-02','KYC completed'),
(72,'CUSTOMER_UPDATED','Loan',25,16,'2014-10-21','Customer request'),
(73,'CARD_ISSUED','Loan',499,22,'2023-07-17','Customer request'),
(74,'LOAN_APPROVED','Card',369,131,'2012-11-04','Fraud detected'),
(75,'CUSTOMER_UPDATED','Card',338,124,'2024-04-15','Customer request'),
(76,'CARD_ISSUED','Card',335,7,'2016-08-14','Closed on maturity'),
(77,'ACCOUNT_OPENED','Customer',259,71,'2011-12-14','Closed on maturity'),
(78,'CUSTOMER_UPDATED','Card',275,133,'2010-03-15','Customer request'),
(79,'CARD_BLOCKED','Card',135,148,'2022-04-05','Auto-expired'),
(80,'CARD_BLOCKED','Customer',258,109,'2018-05-10','Pending review'),
(81,'ACCOUNT_CLOSED','Customer',498,76,'2019-08-12','Payment defaulted'),
(82,'ACCOUNT_CLOSED','Loan',55,125,'2016-01-07','Payment defaulted'),
(83,'ACCOUNT_OPENED','Card',347,130,'2021-10-22',NULL),
(84,'CUSTOMER_UPDATED','Customer',234,25,'2011-07-01','Pending review'),
(85,'LOAN_CLOSED','Card',202,16,'2018-04-20','Payment defaulted'),
(86,'ACCOUNT_CLOSED','Customer',488,NULL,'2015-06-18','KYC completed'),
(87,'CUSTOMER_UPDATED','Customer',416,71,'2016-01-17','System generated'),
(88,'ACCOUNT_CLOSED','Loan',368,78,'2022-08-14','Pending review'),
(89,'CARD_BLOCKED','Account',153,64,'2020-02-26','System generated'),
(90,'LOAN_APPROVED','Loan',479,16,'2020-08-11','Manual override'),
(91,'LOAN_APPROVED','Loan',193,135,'2023-06-07','Payment defaulted'),
(92,'CARD_BLOCKED','Loan',395,100,'2020-03-03','System generated'),
(93,'ACCOUNT_OPENED','Card',179,24,'2022-07-10','Approved after credit check'),
(94,'LOAN_DEFAULTED','Customer',488,38,'2019-09-10','Document verified'),
(95,'CARD_EXPIRED','Loan',175,64,'2013-11-24','Approved after credit check'),
(96,'CARD_EXPIRED','Customer',247,18,'2011-05-04','Payment defaulted'),
(97,'LOAN_DEFAULTED','Card',119,126,'2015-06-22','Pending review'),
(98,'CARD_BLOCKED','Customer',267,105,'2014-11-13','System generated'),
(99,'ACCOUNT_OPENED','Loan',292,109,'2016-02-08','Approved after credit check'),
(100,'LOAN_APPROVED','Loan',403,77,'2017-04-22','Fraud detected'),
(101,'ACCOUNT_OPENED','Card',499,111,'2020-06-18','Manual override'),
(102,'ACCOUNT_OPENED','Card',364,12,'2022-11-03','Manual override'),
(103,'LOAN_DEFAULTED','Loan',255,84,'2021-10-12',NULL),
(104,'ACCOUNT_CLOSED','Customer',433,80,'2015-04-27','KYC completed'),
(105,'ACCOUNT_CLOSED','Customer',158,15,'2022-06-30','Fraud detected'),
(106,'LOAN_APPROVED','Loan',179,110,'2021-09-22','Auto-expired'),
(107,'ACCOUNT_OPENED','Customer',169,45,'2011-04-18','Fraud detected'),
(108,'LOAN_APPROVED','Account',59,109,'2022-04-07','Pending review'),
(109,'CARD_BLOCKED','Loan',496,25,'2014-11-09','Payment defaulted'),
(110,'CUSTOMER_UPDATED','Account',113,108,'2023-11-08','KYC completed'),
(111,'LOAN_CLOSED','Loan',235,NULL,'2024-04-04',NULL),
(112,'CARD_BLOCKED','Card',19,NULL,'2011-06-14','Document verified'),
(113,'CARD_ISSUED','Card',180,102,'2021-01-26','Fraud detected'),
(114,'ACCOUNT_CLOSED','Customer',344,39,'2014-02-13','Pending review'),
(115,'CARD_BLOCKED','Account',78,95,'2013-06-16','Approved after credit check'),
(116,'LOAN_DEFAULTED','Account',223,NULL,'2016-09-07','Payment defaulted'),
(117,'CARD_BLOCKED','Card',10,19,'2011-06-21','Fraud detected'),
(118,'CARD_BLOCKED','Customer',305,144,'2021-03-15','Auto-expired'),
(119,'CARD_ISSUED','Card',233,146,'2013-06-03','Payment defaulted'),
(120,'LOAN_CLOSED','Card',145,2,'2017-04-20','Fraud detected'),
(121,'LOAN_CLOSED','Account',487,125,'2020-11-09','Payment defaulted'),
(122,'ACCOUNT_CLOSED','Account',351,114,'2023-07-23','Auto-expired'),
(123,'CARD_ISSUED','Card',188,NULL,'2011-07-12','KYC completed'),
(124,'CARD_BLOCKED','Account',144,103,'2017-04-23','Approved after credit check'),
(125,'LOAN_CLOSED','Account',142,60,'2020-07-30','Closed on maturity'),
(126,'CARD_ISSUED','Account',142,NULL,'2020-05-25',NULL),
(127,'ACCOUNT_CLOSED','Account',368,109,'2019-06-01','Pending review'),
(128,'LOAN_CLOSED','Loan',457,30,'2020-09-13','Approved after credit check'),
(129,'CUSTOMER_UPDATED','Loan',456,148,'2019-05-08','Customer request'),
(130,'ACCOUNT_OPENED','Card',368,107,'2020-07-22','Document verified'),
(131,'CARD_BLOCKED','Customer',469,76,'2020-09-19','KYC completed'),
(132,'CUSTOMER_UPDATED','Loan',55,26,'2019-12-24',NULL),
(133,'LOAN_CLOSED','Account',228,37,'2020-01-18','Pending review'),
(134,'LOAN_CLOSED','Account',60,56,'2015-08-28','Pending review'),
(135,'CARD_ISSUED','Account',492,12,'2019-09-21','Manual override'),
(136,'LOAN_CLOSED','Card',439,16,'2019-05-26','Customer request'),
(137,'CUSTOMER_UPDATED','Loan',197,83,'2011-09-12','Auto-expired'),
(138,'ACCOUNT_CLOSED','Account',9,NULL,'2024-02-23','Fraud detected'),
(139,'CARD_BLOCKED','Account',475,87,'2020-07-13','Manual override'),
(140,'ACCOUNT_OPENED','Account',206,82,'2015-11-05','Auto-expired'),
(141,'CARD_BLOCKED','Account',364,6,'2022-07-09','Payment defaulted'),
(142,'CUSTOMER_UPDATED','Account',107,41,'2014-04-12','KYC completed'),
(143,'LOAN_DEFAULTED','Card',344,109,'2013-03-29','Closed on maturity'),
(144,'CARD_BLOCKED','Card',138,NULL,'2017-12-23','KYC completed'),
(145,'ACCOUNT_CLOSED','Account',406,24,'2010-10-19','Document verified'),
(146,'CARD_ISSUED','Customer',282,133,'2023-11-30','Approved after credit check'),
(147,'LOAN_APPROVED','Account',268,NULL,'2023-03-21','Document verified'),
(148,'CUSTOMER_UPDATED','Customer',189,30,'2013-06-24',NULL),
(149,'CARD_BLOCKED','Card',143,3,'2018-04-17','Fraud detected'),
(150,'ACCOUNT_CLOSED','Customer',348,86,'2016-11-25','Payment defaulted'),
(151,'ACCOUNT_OPENED','Customer',110,132,'2014-12-15','Payment defaulted'),
(152,'CARD_EXPIRED','Loan',383,107,'2019-01-06','Pending review'),
(153,'CARD_BLOCKED','Account',7,71,'2018-04-07','Auto-expired'),
(154,'LOAN_DEFAULTED','Customer',305,60,'2020-11-07','KYC completed'),
(155,'CARD_ISSUED','Account',268,64,'2010-04-05','Closed on maturity'),
(156,'LOAN_DEFAULTED','Card',447,131,'2017-09-07','Pending review'),
(157,'CARD_EXPIRED','Card',201,69,'2024-05-06','Pending review'),
(158,'LOAN_DEFAULTED','Loan',73,127,'2018-07-21','Auto-expired'),
(159,'ACCOUNT_CLOSED','Card',353,108,'2016-03-08',NULL),
(160,'CARD_EXPIRED','Customer',321,NULL,'2010-01-28','Fraud detected'),
(161,'CARD_ISSUED','Card',59,68,'2018-11-21','Approved after credit check'),
(162,'ACCOUNT_OPENED','Account',128,47,'2022-07-03','Customer request'),
(163,'CUSTOMER_UPDATED','Loan',234,143,'2019-06-05','KYC completed'),
(164,'ACCOUNT_OPENED','Account',67,60,'2011-05-27','Pending review'),
(165,'LOAN_APPROVED','Card',117,44,'2016-09-03','Closed on maturity'),
(166,'ACCOUNT_CLOSED','Loan',460,12,'2014-02-07','Manual override'),
(167,'CARD_BLOCKED','Card',491,NULL,'2024-04-06','Pending review'),
(168,'LOAN_APPROVED','Loan',268,116,'2011-10-31','Fraud detected'),
(169,'CUSTOMER_UPDATED','Customer',343,113,'2011-05-07','System generated'),
(170,'CUSTOMER_UPDATED','Card',69,NULL,'2016-09-28','Closed on maturity'),
(171,'ACCOUNT_CLOSED','Account',44,17,'2020-07-03','Auto-expired'),
(172,'CARD_ISSUED','Loan',74,111,'2010-11-30','Closed on maturity'),
(173,'CARD_BLOCKED','Loan',69,116,'2016-03-11',NULL),
(174,'LOAN_APPROVED','Account',329,11,'2017-09-08','System generated'),
(175,'ACCOUNT_CLOSED','Loan',217,55,'2024-02-13','Payment defaulted'),
(176,'CARD_ISSUED','Account',20,129,'2022-08-21','System generated'),
(177,'ACCOUNT_CLOSED','Customer',176,90,'2012-11-19','System generated'),
(178,'ACCOUNT_OPENED','Account',442,72,'2018-10-05','Payment defaulted'),
(179,'CUSTOMER_UPDATED','Account',385,83,'2011-07-15','System generated'),
(180,'CARD_EXPIRED','Loan',415,66,'2023-05-30','Pending review'),
(181,'ACCOUNT_CLOSED','Card',13,26,'2010-11-10','Document verified'),
(182,'ACCOUNT_OPENED','Card',193,147,'2024-05-26','KYC completed'),
(183,'LOAN_DEFAULTED','Account',205,114,'2014-11-11','Manual override'),
(184,'CUSTOMER_UPDATED','Customer',341,51,'2012-01-19','Manual override'),
(185,'ACCOUNT_CLOSED','Account',470,40,'2019-03-17','Auto-expired'),
(186,'CARD_EXPIRED','Card',127,NULL,'2021-09-13','System generated'),
(187,'LOAN_APPROVED','Loan',306,144,'2011-12-04','Closed on maturity'),
(188,'ACCOUNT_OPENED','Customer',478,141,'2014-06-02','Document verified'),
(189,'ACCOUNT_OPENED','Customer',450,41,'2020-11-26','Closed on maturity'),
(190,'CARD_EXPIRED','Loan',460,29,'2016-02-14','KYC completed'),
(191,'ACCOUNT_OPENED','Account',2,NULL,'2023-09-27','Auto-expired'),
(192,'LOAN_CLOSED','Account',205,38,'2021-11-02','Payment defaulted'),
(193,'CUSTOMER_UPDATED','Account',253,29,'2015-04-30','Payment defaulted'),
(194,'CARD_ISSUED','Account',144,64,'2013-12-18','System generated'),
(195,'CARD_BLOCKED','Loan',28,13,'2020-09-08',NULL),
(196,'ACCOUNT_CLOSED','Loan',104,76,'2023-02-12',NULL),
(197,'CARD_ISSUED','Customer',305,12,'2015-12-11',NULL),
(198,'CARD_ISSUED','Customer',338,34,'2021-04-12',NULL),
(199,'ACCOUNT_OPENED','Card',104,28,'2016-09-25','Approved after credit check'),
(200,'ACCOUNT_OPENED','Account',174,78,'2023-12-12','Payment defaulted'),
(201,'ACCOUNT_CLOSED','Loan',51,146,'2023-01-20','Payment defaulted'),
(202,'CUSTOMER_UPDATED','Account',115,81,'2015-01-17','Fraud detected'),
(203,'LOAN_DEFAULTED','Account',64,49,'2014-03-04',NULL),
(204,'LOAN_APPROVED','Loan',426,1,'2020-03-25','Fraud detected'),
(205,'LOAN_DEFAULTED','Card',101,33,'2012-01-06',NULL),
(206,'LOAN_CLOSED','Account',208,48,'2023-09-27','Manual override'),
(207,'ACCOUNT_CLOSED','Card',134,144,'2011-02-09','System generated'),
(208,'LOAN_CLOSED','Account',328,71,'2013-09-16','Closed on maturity'),
(209,'CARD_ISSUED','Customer',439,45,'2023-05-25','Customer request'),
(210,'ACCOUNT_OPENED','Card',82,NULL,'2021-09-21','Payment defaulted'),
(211,'LOAN_CLOSED','Customer',15,101,'2011-08-03','Payment defaulted'),
(212,'ACCOUNT_CLOSED','Card',404,141,'2013-10-27','Document verified'),
(213,'CARD_ISSUED','Loan',405,1,'2011-05-22','Document verified'),
(214,'CUSTOMER_UPDATED','Card',428,26,'2010-05-05','System generated'),
(215,'CARD_BLOCKED','Loan',353,86,'2012-08-10','Manual override'),
(216,'ACCOUNT_CLOSED','Account',128,95,'2023-10-15','System generated'),
(217,'LOAN_DEFAULTED','Account',454,93,'2021-12-12','Manual override'),
(218,'ACCOUNT_OPENED','Loan',318,99,'2011-10-26','Document verified'),
(219,'LOAN_DEFAULTED','Account',399,93,'2011-10-26','Customer request'),
(220,'CUSTOMER_UPDATED','Account',469,89,'2016-09-18','Customer request'),
(221,'LOAN_CLOSED','Loan',70,100,'2023-01-23','Approved after credit check'),
(222,'LOAN_DEFAULTED','Card',239,NULL,'2011-08-26',NULL),
(223,'CARD_BLOCKED','Account',154,93,'2010-09-05','Auto-expired'),
(224,'LOAN_DEFAULTED','Customer',72,150,'2011-10-06','Pending review'),
(225,'LOAN_DEFAULTED','Loan',271,150,'2023-08-19','Manual override'),
(226,'LOAN_CLOSED','Account',287,141,'2021-07-03','Pending review'),
(227,'CARD_ISSUED','Loan',351,118,'2022-04-23','System generated'),
(228,'LOAN_DEFAULTED','Customer',97,66,'2014-11-23','Document verified'),
(229,'LOAN_CLOSED','Loan',65,NULL,'2014-05-22','Customer request'),
(230,'CARD_ISSUED','Card',156,110,'2019-10-02','Manual override'),
(231,'ACCOUNT_OPENED','Card',44,65,'2022-02-12','Fraud detected'),
(232,'LOAN_DEFAULTED','Loan',488,1,'2021-12-19','Closed on maturity'),
(233,'LOAN_CLOSED','Customer',123,122,'2014-11-04','Fraud detected'),
(234,'CUSTOMER_UPDATED','Card',354,75,'2023-02-16','Closed on maturity'),
(235,'ACCOUNT_CLOSED','Customer',43,48,'2014-11-27','Payment defaulted'),
(236,'ACCOUNT_OPENED','Customer',212,141,'2012-12-19','Payment defaulted'),
(237,'CARD_ISSUED','Customer',29,NULL,'2012-05-20','Pending review'),
(238,'LOAN_APPROVED','Card',140,66,'2013-04-13','System generated'),
(239,'LOAN_DEFAULTED','Loan',263,97,'2017-05-12','Document verified'),
(240,'CARD_ISSUED','Customer',223,31,'2019-08-04','Payment defaulted'),
(241,'CUSTOMER_UPDATED','Account',263,17,'2020-01-31','Approved after credit check'),
(242,'CARD_BLOCKED','Customer',209,140,'2021-04-23','System generated'),
(243,'ACCOUNT_OPENED','Account',241,34,'2019-12-31','Customer request'),
(244,'CARD_BLOCKED','Account',457,1,'2014-01-31','Payment defaulted'),
(245,'LOAN_DEFAULTED','Customer',162,NULL,'2010-10-10','Document verified'),
(246,'LOAN_APPROVED','Loan',38,NULL,'2023-09-22','Approved after credit check'),
(247,'LOAN_APPROVED','Card',458,22,'2021-02-12','Customer request'),
(248,'LOAN_DEFAULTED','Card',356,125,'2015-11-15','Manual override'),
(249,'LOAN_DEFAULTED','Customer',113,39,'2018-02-06','Document verified'),
(250,'ACCOUNT_OPENED','Loan',28,9,'2020-09-24','Customer request'),
(251,'LOAN_DEFAULTED','Customer',281,128,'2017-05-03','Document verified'),
(252,'LOAN_APPROVED','Customer',147,10,'2022-09-10','Document verified'),
(253,'CARD_BLOCKED','Account',431,45,'2011-11-09','Auto-expired'),
(254,'CUSTOMER_UPDATED','Account',208,84,'2010-10-10','Manual override'),
(255,'ACCOUNT_OPENED','Loan',292,17,'2014-12-16',NULL),
(256,'LOAN_CLOSED','Loan',495,53,'2014-09-14','Document verified'),
(257,'LOAN_CLOSED','Customer',428,NULL,'2023-01-23','Auto-expired'),
(258,'LOAN_DEFAULTED','Account',265,70,'2011-06-30',NULL),
(259,'LOAN_APPROVED','Loan',407,60,'2013-03-19','Fraud detected'),
(260,'CARD_EXPIRED','Customer',66,135,'2020-11-20','Document verified'),
(261,'ACCOUNT_CLOSED','Loan',84,93,'2021-01-30','System generated'),
(262,'ACCOUNT_CLOSED','Customer',167,52,'2020-11-10','Payment defaulted'),
(263,'CARD_ISSUED','Customer',302,57,'2011-04-17','Fraud detected'),
(264,'CARD_ISSUED','Customer',344,46,'2019-12-25','Payment defaulted'),
(265,'CARD_EXPIRED','Loan',450,58,'2022-04-23','Customer request'),
(266,'CARD_BLOCKED','Loan',378,108,'2010-07-11','System generated'),
(267,'ACCOUNT_CLOSED','Customer',50,45,'2017-08-05','Auto-expired'),
(268,'LOAN_CLOSED','Card',111,123,'2021-02-27','Manual override'),
(269,'LOAN_DEFAULTED','Card',253,146,'2024-03-17',NULL),
(270,'ACCOUNT_CLOSED','Customer',204,60,'2012-06-25','System generated'),
(271,'CUSTOMER_UPDATED','Loan',409,11,'2019-10-21','Customer request'),
(272,'LOAN_APPROVED','Account',90,33,'2019-12-10','System generated'),
(273,'CUSTOMER_UPDATED','Loan',378,14,'2019-05-18','Manual override'),
(274,'ACCOUNT_CLOSED','Customer',124,NULL,'2010-09-22',NULL),
(275,'ACCOUNT_OPENED','Account',90,NULL,'2014-12-08','Customer request'),
(276,'CARD_EXPIRED','Customer',198,99,'2016-08-11','Manual override'),
(277,'CARD_ISSUED','Loan',127,16,'2011-02-18','Manual override'),
(278,'CUSTOMER_UPDATED','Loan',481,86,'2013-08-29','Document verified'),
(279,'ACCOUNT_OPENED','Customer',427,NULL,'2019-12-26','Payment defaulted'),
(280,'CARD_EXPIRED','Customer',277,123,'2016-11-13','KYC completed'),
(281,'CUSTOMER_UPDATED','Customer',257,33,'2014-10-24','Payment defaulted'),
(282,'LOAN_APPROVED','Account',371,NULL,'2013-06-12','Closed on maturity'),
(283,'LOAN_DEFAULTED','Account',422,NULL,'2010-03-20','Closed on maturity'),
(284,'LOAN_APPROVED','Card',303,137,'2022-04-16','Fraud detected'),
(285,'ACCOUNT_OPENED','Customer',81,94,'2013-01-09','Approved after credit check'),
(286,'LOAN_CLOSED','Card',147,NULL,'2010-12-18','System generated'),
(287,'CARD_EXPIRED','Customer',349,18,'2014-06-08','Approved after credit check'),
(288,'ACCOUNT_OPENED','Customer',58,35,'2023-03-13','Manual override'),
(289,'CARD_EXPIRED','Customer',4,53,'2015-03-15','Closed on maturity'),
(290,'ACCOUNT_CLOSED','Customer',45,18,'2017-08-31','Auto-expired'),
(291,'CARD_EXPIRED','Card',459,NULL,'2016-09-16','Auto-expired'),
(292,'CARD_EXPIRED','Customer',101,97,'2023-09-07','System generated'),
(293,'CARD_BLOCKED','Card',96,47,'2023-06-08','Customer request'),
(294,'LOAN_CLOSED','Card',106,71,'2016-09-14','KYC completed'),
(295,'LOAN_APPROVED','Customer',6,116,'2017-08-26','Manual override'),
(296,'LOAN_DEFAULTED','Account',148,22,'2014-05-25','Fraud detected'),
(297,'ACCOUNT_OPENED','Card',282,48,'2020-07-08','System generated'),
(298,'LOAN_CLOSED','Card',60,96,'2012-06-18','Document verified'),
(299,'ACCOUNT_CLOSED','Card',249,92,'2018-09-02','System generated'),
(300,'LOAN_APPROVED','Customer',151,56,'2019-08-02','Auto-expired'),
(301,'CARD_EXPIRED','Account',16,134,'2016-09-13','Document verified'),
(302,'CARD_ISSUED','Customer',254,32,'2023-09-05','Payment defaulted'),
(303,'LOAN_CLOSED','Account',393,5,'2021-05-30','Fraud detected'),
(304,'CARD_BLOCKED','Card',159,142,'2019-11-08','Pending review'),
(305,'LOAN_DEFAULTED','Account',334,58,'2022-06-30',NULL),
(306,'CARD_EXPIRED','Account',499,138,'2021-07-06','Auto-expired'),
(307,'LOAN_DEFAULTED','Loan',121,143,'2012-06-03',NULL),
(308,'CARD_EXPIRED','Card',126,NULL,'2015-05-21','Fraud detected'),
(309,'LOAN_APPROVED','Loan',331,40,'2022-11-16','Auto-expired'),
(310,'ACCOUNT_CLOSED','Customer',169,115,'2010-09-17','Customer request'),
(311,'CARD_ISSUED','Account',44,29,'2018-07-12','System generated'),
(312,'CARD_BLOCKED','Loan',11,26,'2011-12-07','Customer request'),
(313,'ACCOUNT_CLOSED','Loan',499,49,'2013-05-10','Document verified'),
(314,'CARD_ISSUED','Account',243,NULL,'2024-06-04','Customer request'),
(315,'LOAN_DEFAULTED','Loan',488,8,'2016-02-02','Approved after credit check'),
(316,'LOAN_CLOSED','Card',286,130,'2017-11-02','Customer request'),
(317,'LOAN_APPROVED','Card',399,28,'2010-07-16','Pending review'),
(318,'CARD_BLOCKED','Card',371,NULL,'2017-07-27','Closed on maturity'),
(319,'LOAN_CLOSED','Customer',396,NULL,'2019-06-29','System generated'),
(320,'LOAN_APPROVED','Card',163,116,'2024-01-22','Fraud detected'),
(321,'CARD_ISSUED','Card',134,40,'2011-05-25','Document verified'),
(322,'ACCOUNT_OPENED','Loan',355,106,'2017-12-12','Manual override'),
(323,'CARD_ISSUED','Account',497,117,'2021-05-25','Customer request'),
(324,'ACCOUNT_OPENED','Card',266,NULL,'2010-02-15','Pending review'),
(325,'ACCOUNT_CLOSED','Account',11,39,'2021-10-20','Payment defaulted'),
(326,'ACCOUNT_CLOSED','Loan',180,107,'2023-03-19','System generated'),
(327,'ACCOUNT_CLOSED','Loan',428,123,'2015-11-07','Document verified'),
(328,'CUSTOMER_UPDATED','Loan',466,95,'2023-05-05','Manual override'),
(329,'CARD_EXPIRED','Loan',186,43,'2019-04-29','KYC completed'),
(330,'CARD_EXPIRED','Customer',3,65,'2022-05-18','System generated'),
(331,'CUSTOMER_UPDATED','Customer',332,37,'2017-04-28','System generated'),
(332,'CARD_ISSUED','Card',422,38,'2020-10-09',NULL),
(333,'CUSTOMER_UPDATED','Account',342,34,'2022-02-02','KYC completed'),
(334,'CARD_BLOCKED','Customer',304,74,'2022-02-01','Payment defaulted'),
(335,'CARD_BLOCKED','Loan',309,7,'2023-04-24','Fraud detected'),
(336,'LOAN_CLOSED','Account',302,53,'2018-12-29','Closed on maturity'),
(337,'CARD_ISSUED','Loan',209,103,'2020-06-23','KYC completed'),
(338,'CARD_EXPIRED','Account',80,NULL,'2021-06-28','Auto-expired'),
(339,'CUSTOMER_UPDATED','Card',186,114,'2021-05-14','Manual override'),
(340,'CARD_ISSUED','Card',222,55,'2021-11-29','Auto-expired'),
(341,'LOAN_DEFAULTED','Customer',148,NULL,'2013-05-05','System generated'),
(342,'CARD_ISSUED','Card',196,88,'2014-07-31','Approved after credit check'),
(343,'LOAN_DEFAULTED','Account',144,38,'2021-03-24',NULL),
(344,'ACCOUNT_CLOSED','Account',483,86,'2016-07-17',NULL),
(345,'CARD_ISSUED','Customer',441,1,'2017-08-20','Manual override'),
(346,'CARD_BLOCKED','Customer',481,63,'2021-01-22','Manual override'),
(347,'CARD_BLOCKED','Account',198,144,'2015-04-14','Fraud detected'),
(348,'LOAN_APPROVED','Account',420,127,'2024-04-17','Pending review'),
(349,'CARD_ISSUED','Account',162,17,'2013-05-15','Payment defaulted'),
(350,'CARD_BLOCKED','Customer',370,70,'2022-09-21','Approved after credit check'),
(351,'LOAN_CLOSED','Loan',305,NULL,'2018-04-13','Fraud detected'),
(352,'CUSTOMER_UPDATED','Loan',380,115,'2013-01-28','Manual override'),
(353,'ACCOUNT_OPENED','Account',137,61,'2012-09-30','Customer request'),
(354,'CARD_ISSUED','Account',149,40,'2011-08-28',NULL),
(355,'CARD_BLOCKED','Loan',133,127,'2016-05-08','Manual override'),
(356,'CUSTOMER_UPDATED','Loan',44,68,'2015-03-25','Customer request'),
(357,'CUSTOMER_UPDATED','Customer',215,NULL,'2024-05-08','Payment defaulted'),
(358,'CARD_EXPIRED','Customer',450,7,'2015-08-07','KYC completed'),
(359,'LOAN_DEFAULTED','Account',157,25,'2015-04-17','Document verified'),
(360,'CUSTOMER_UPDATED','Account',99,66,'2024-01-18','Document verified'),
(361,'LOAN_APPROVED','Customer',449,121,'2013-01-09','Customer request'),
(362,'CARD_BLOCKED','Customer',284,NULL,'2012-12-15',NULL),
(363,'LOAN_DEFAULTED','Loan',305,NULL,'2010-08-18',NULL),
(364,'LOAN_DEFAULTED','Account',165,143,'2019-01-05',NULL),
(365,'ACCOUNT_CLOSED','Customer',435,38,'2015-05-01',NULL),
(366,'CUSTOMER_UPDATED','Loan',187,140,'2014-01-29','Pending review'),
(367,'LOAN_CLOSED','Account',428,NULL,'2021-04-14','Auto-expired'),
(368,'CARD_BLOCKED','Account',13,43,'2022-03-07','Manual override'),
(369,'ACCOUNT_CLOSED','Customer',260,62,'2024-04-06','Closed on maturity'),
(370,'CARD_EXPIRED','Card',25,101,'2019-11-19','Closed on maturity'),
(371,'ACCOUNT_OPENED','Card',182,NULL,'2017-09-21',NULL),
(372,'CARD_BLOCKED','Account',374,113,'2021-05-17','Approved after credit check'),
(373,'ACCOUNT_OPENED','Loan',323,76,'2011-10-07','Customer request'),
(374,'LOAN_CLOSED','Card',382,94,'2010-10-25','Document verified'),
(375,'ACCOUNT_CLOSED','Customer',252,112,'2023-10-26','Auto-expired'),
(376,'LOAN_DEFAULTED','Loan',428,6,'2023-08-04','Approved after credit check'),
(377,'ACCOUNT_CLOSED','Customer',211,30,'2015-09-13','Document verified'),
(378,'CARD_BLOCKED','Card',92,125,'2014-12-20','Approved after credit check'),
(379,'LOAN_CLOSED','Account',488,33,'2021-08-09',NULL),
(380,'CARD_BLOCKED','Loan',272,145,'2020-01-24','Auto-expired'),
(381,'ACCOUNT_CLOSED','Account',262,9,'2017-06-13','Approved after credit check'),
(382,'CARD_EXPIRED','Account',100,72,'2015-04-01','Document verified'),
(383,'LOAN_CLOSED','Account',91,22,'2010-09-04','Closed on maturity'),
(384,'LOAN_DEFAULTED','Card',51,124,'2016-06-06','System generated'),
(385,'LOAN_DEFAULTED','Customer',438,35,'2021-11-05','Customer request'),
(386,'CUSTOMER_UPDATED','Loan',362,6,'2011-12-26','Pending review'),
(387,'CARD_ISSUED','Account',275,41,'2023-02-19','Customer request'),
(388,'ACCOUNT_CLOSED','Loan',281,44,'2023-10-04','Payment defaulted'),
(389,'ACCOUNT_OPENED','Card',217,119,'2011-10-11','Closed on maturity'),
(390,'CARD_EXPIRED','Loan',208,63,'2013-10-20','Pending review'),
(391,'CUSTOMER_UPDATED','Customer',426,65,'2023-08-27',NULL),
(392,'ACCOUNT_CLOSED','Customer',38,19,'2022-12-31','Fraud detected'),
(393,'CUSTOMER_UPDATED','Loan',161,142,'2013-07-01','System generated'),
(394,'CUSTOMER_UPDATED','Customer',331,140,'2015-01-20',NULL),
(395,'CARD_EXPIRED','Account',418,69,'2010-12-28','KYC completed'),
(396,'LOAN_DEFAULTED','Customer',74,139,'2016-05-25','Customer request'),
(397,'LOAN_APPROVED','Customer',270,124,'2017-09-19','KYC completed'),
(398,'LOAN_APPROVED','Loan',31,124,'2011-07-26','Document verified'),
(399,'CARD_ISSUED','Card',134,119,'2018-08-06',NULL),
(400,'CARD_ISSUED','Loan',334,32,'2014-09-11','System generated'),
(401,'CARD_BLOCKED','Account',436,NULL,'2014-09-10','Fraud detected'),
(402,'LOAN_APPROVED','Account',303,131,'2016-06-27','Manual override'),
(403,'ACCOUNT_CLOSED','Loan',224,22,'2013-10-25','Document verified'),
(404,'CUSTOMER_UPDATED','Loan',201,105,'2016-09-11','Approved after credit check'),
(405,'ACCOUNT_CLOSED','Account',364,127,'2010-03-22','System generated'),
(406,'LOAN_APPROVED','Card',383,82,'2017-04-26','Document verified'),
(407,'LOAN_APPROVED','Account',203,59,'2012-07-29','Auto-expired'),
(408,'CARD_BLOCKED','Loan',302,90,'2010-02-14',NULL),
(409,'CUSTOMER_UPDATED','Card',181,140,'2010-11-09','Manual override'),
(410,'ACCOUNT_CLOSED','Customer',206,116,'2011-05-10','Manual override'),
(411,'CUSTOMER_UPDATED','Card',315,NULL,'2019-11-17',NULL),
(412,'LOAN_CLOSED','Account',417,136,'2015-06-06','Fraud detected'),
(413,'LOAN_APPROVED','Card',483,6,'2015-05-29','Manual override'),
(414,'LOAN_APPROVED','Customer',223,78,'2014-03-18','Auto-expired'),
(415,'CARD_ISSUED','Card',93,46,'2022-01-13','KYC completed'),
(416,'CARD_ISSUED','Customer',474,21,'2016-09-14','Manual override'),
(417,'ACCOUNT_OPENED','Customer',487,NULL,'2024-01-14','Payment defaulted'),
(418,'CARD_ISSUED','Loan',464,142,'2015-05-18','Pending review'),
(419,'CARD_ISSUED','Card',403,18,'2010-10-09','Customer request'),
(420,'ACCOUNT_OPENED','Card',261,141,'2016-06-21','Customer request'),
(421,'ACCOUNT_CLOSED','Customer',295,1,'2023-02-14','Document verified'),
(422,'CARD_BLOCKED','Card',444,83,'2010-07-24','Manual override'),
(423,'CARD_BLOCKED','Customer',413,32,'2020-08-19','KYC completed'),
(424,'CARD_EXPIRED','Customer',52,1,'2020-03-10','Payment defaulted'),
(425,'LOAN_APPROVED','Card',201,84,'2020-04-30','Auto-expired'),
(426,'CARD_BLOCKED','Account',54,65,'2023-05-26','Pending review'),
(427,'ACCOUNT_OPENED','Customer',370,135,'2011-07-25','KYC completed'),
(428,'CARD_BLOCKED','Account',76,39,'2011-07-04','Payment defaulted'),
(429,'LOAN_APPROVED','Loan',191,36,'2014-06-10','Document verified'),
(430,'CARD_BLOCKED','Customer',170,92,'2012-02-13','KYC completed'),
(431,'LOAN_DEFAULTED','Card',164,18,'2010-04-02','Fraud detected'),
(432,'ACCOUNT_OPENED','Customer',417,NULL,'2021-12-02','Manual override'),
(433,'CARD_ISSUED','Card',178,110,'2022-11-01','Auto-expired'),
(434,'CARD_EXPIRED','Customer',295,NULL,'2021-05-24','Customer request'),
(435,'LOAN_DEFAULTED','Customer',415,30,'2016-06-27','Approved after credit check'),
(436,'ACCOUNT_OPENED','Account',239,125,'2021-10-04','Fraud detected'),
(437,'ACCOUNT_CLOSED','Account',450,138,'2010-08-17','Pending review'),
(438,'CARD_BLOCKED','Customer',468,94,'2011-11-07',NULL),
(439,'LOAN_CLOSED','Customer',25,78,'2017-11-03','Pending review'),
(440,'ACCOUNT_OPENED','Customer',15,NULL,'2020-02-19','Auto-expired'),
(441,'CARD_EXPIRED','Loan',159,149,'2015-03-10','Approved after credit check'),
(442,'CARD_EXPIRED','Account',487,119,'2018-03-20','Document verified'),
(443,'LOAN_APPROVED','Customer',296,66,'2014-12-28','Closed on maturity'),
(444,'ACCOUNT_OPENED','Card',143,50,'2010-02-27','Document verified'),
(445,'CARD_EXPIRED','Loan',1,41,'2010-02-13','Document verified'),
(446,'ACCOUNT_CLOSED','Loan',367,105,'2015-09-11','KYC completed'),
(447,'LOAN_APPROVED','Card',235,104,'2023-08-06',NULL),
(448,'CARD_BLOCKED','Loan',414,27,'2023-02-02','Document verified'),
(449,'CARD_ISSUED','Card',87,97,'2022-03-01','Auto-expired'),
(450,'CARD_ISSUED','Loan',64,57,'2017-10-08','Auto-expired'),
(451,'ACCOUNT_OPENED','Customer',415,105,'2020-06-22','Auto-expired'),
(452,'CUSTOMER_UPDATED','Account',380,36,'2020-12-07','Manual override'),
(453,'CARD_ISSUED','Account',437,NULL,'2021-08-02','KYC completed'),
(454,'LOAN_CLOSED','Customer',38,138,'2017-09-06','Pending review'),
(455,'ACCOUNT_OPENED','Account',404,33,'2011-01-09','Closed on maturity'),
(456,'ACCOUNT_OPENED','Customer',474,129,'2012-10-15','Customer request'),
(457,'CARD_ISSUED','Card',361,105,'2024-03-02','KYC completed'),
(458,'CARD_EXPIRED','Account',416,NULL,'2018-06-01','Closed on maturity'),
(459,'LOAN_CLOSED','Loan',82,57,'2023-12-26','Fraud detected'),
(460,'LOAN_APPROVED','Account',313,135,'2021-09-05','Manual override'),
(461,'CARD_ISSUED','Loan',270,27,'2013-01-30',NULL),
(462,'ACCOUNT_OPENED','Customer',198,61,'2010-11-12','Customer request'),
(463,'CUSTOMER_UPDATED','Loan',226,25,'2021-02-20','KYC completed'),
(464,'ACCOUNT_CLOSED','Card',478,40,'2018-11-15','KYC completed'),
(465,'LOAN_DEFAULTED','Card',191,118,'2010-12-03','KYC completed'),
(466,'LOAN_APPROVED','Account',88,68,'2010-01-24',NULL),
(467,'CARD_ISSUED','Card',362,150,'2012-02-06','Customer request'),
(468,'CARD_ISSUED','Card',63,143,'2016-08-23','Customer request'),
(469,'CARD_ISSUED','Customer',196,140,'2010-04-08','Auto-expired'),
(470,'CARD_EXPIRED','Card',74,30,'2016-02-06','Customer request'),
(471,'CARD_BLOCKED','Card',158,133,'2013-10-17','Pending review'),
(472,'ACCOUNT_OPENED','Account',340,145,'2015-04-02','System generated'),
(473,'CARD_ISSUED','Loan',281,14,'2024-04-24','Document verified'),
(474,'LOAN_DEFAULTED','Loan',229,69,'2020-05-31',NULL),
(475,'LOAN_CLOSED','Account',430,NULL,'2013-02-18','Pending review'),
(476,'CARD_BLOCKED','Loan',104,NULL,'2021-09-14','Closed on maturity'),
(477,'CUSTOMER_UPDATED','Card',314,48,'2019-04-10','Pending review'),
(478,'LOAN_DEFAULTED','Loan',319,45,'2014-01-16','Auto-expired'),
(479,'LOAN_CLOSED','Customer',297,NULL,'2017-12-24','Fraud detected'),
(480,'ACCOUNT_CLOSED','Loan',178,131,'2017-02-02','Fraud detected'),
(481,'CARD_EXPIRED','Loan',431,97,'2020-01-10','Payment defaulted'),
(482,'CUSTOMER_UPDATED','Account',72,45,'2010-06-28','Payment defaulted'),
(483,'ACCOUNT_OPENED','Loan',238,NULL,'2012-10-04','Document verified'),
(484,'ACCOUNT_CLOSED','Customer',315,76,'2013-01-23','Fraud detected'),
(485,'CARD_ISSUED','Account',344,46,'2016-07-01','Document verified'),
(486,'CUSTOMER_UPDATED','Customer',195,47,'2013-01-30','Payment defaulted'),
(487,'CARD_ISSUED','Account',290,61,'2015-05-01','KYC completed'),
(488,'LOAN_DEFAULTED','Customer',327,11,'2024-03-28','Approved after credit check'),
(489,'ACCOUNT_OPENED','Card',373,12,'2021-08-24','Customer request'),
(490,'CARD_EXPIRED','Loan',170,146,'2012-12-21',NULL),
(491,'LOAN_APPROVED','Account',258,31,'2010-03-29','Approved after credit check'),
(492,'LOAN_CLOSED','Loan',189,138,'2019-08-18','Fraud detected'),
(493,'LOAN_CLOSED','Account',181,7,'2022-05-27','Manual override'),
(494,'LOAN_APPROVED','Loan',448,NULL,'2019-02-08','Closed on maturity'),
(495,'LOAN_APPROVED','Card',51,11,'2024-05-02','Payment defaulted'),
(496,'LOAN_CLOSED','Loan',323,6,'2024-03-06','Pending review'),
(497,'CUSTOMER_UPDATED','Card',17,146,'2016-09-07','Customer request'),
(498,'ACCOUNT_OPENED','Card',239,39,'2013-08-22',NULL),
(499,'CARD_BLOCKED','Card',149,76,'2023-02-18','Fraud detected'),
(500,'ACCOUNT_CLOSED','Loan',421,29,'2020-01-30','Document verified'),
(501,'ACCOUNT_OPENED','Loan',14,34,'2021-08-30','Customer request'),
(502,'LOAN_APPROVED','Account',57,101,'2013-04-09',NULL),
(503,'CARD_ISSUED','Account',232,106,'2012-01-19','Auto-expired'),
(504,'LOAN_APPROVED','Loan',179,81,'2018-12-26','Document verified'),
(505,'LOAN_DEFAULTED','Account',186,131,'2020-04-27','Closed on maturity'),
(506,'CARD_BLOCKED','Account',114,120,'2012-08-28','Manual override'),
(507,'CARD_BLOCKED','Card',488,141,'2020-03-21','Fraud detected'),
(508,'ACCOUNT_CLOSED','Card',304,NULL,'2014-01-06','System generated'),
(509,'LOAN_CLOSED','Card',328,NULL,'2012-12-28','Customer request'),
(510,'LOAN_APPROVED','Loan',207,149,'2014-10-14','Customer request'),
(511,'LOAN_CLOSED','Customer',335,44,'2013-11-02','Fraud detected'),
(512,'LOAN_DEFAULTED','Account',77,15,'2016-06-19','KYC completed'),
(513,'CARD_BLOCKED','Customer',1,134,'2013-02-18','Document verified'),
(514,'ACCOUNT_CLOSED','Customer',330,69,'2018-03-11','Closed on maturity'),
(515,'CUSTOMER_UPDATED','Customer',487,11,'2019-09-08','Pending review'),
(516,'CUSTOMER_UPDATED','Card',175,42,'2022-07-26',NULL),
(517,'CARD_BLOCKED','Account',73,76,'2021-10-19','Pending review'),
(518,'CUSTOMER_UPDATED','Account',286,5,'2014-04-08','Customer request'),
(519,'ACCOUNT_CLOSED','Customer',313,115,'2022-02-25','Manual override'),
(520,'ACCOUNT_OPENED','Card',192,94,'2016-01-21','Closed on maturity'),
(521,'ACCOUNT_CLOSED','Card',333,17,'2014-11-24','Manual override'),
(522,'ACCOUNT_CLOSED','Card',85,35,'2022-05-14','System generated'),
(523,'LOAN_CLOSED','Customer',318,144,'2024-06-04','Customer request'),
(524,'ACCOUNT_OPENED','Card',473,149,'2016-11-22','Fraud detected'),
(525,'CARD_ISSUED','Customer',344,12,'2018-12-02','Closed on maturity'),
(526,'CARD_EXPIRED','Loan',82,116,'2024-05-18','Customer request'),
(527,'CARD_BLOCKED','Card',375,NULL,'2016-01-01','Payment defaulted'),
(528,'LOAN_APPROVED','Card',318,25,'2017-04-11','Approved after credit check'),
(529,'CUSTOMER_UPDATED','Account',431,60,'2018-10-04',NULL),
(530,'ACCOUNT_CLOSED','Account',480,90,'2023-10-22','Closed on maturity'),
(531,'LOAN_APPROVED','Customer',50,6,'2022-06-21','KYC completed'),
(532,'LOAN_CLOSED','Card',26,141,'2015-07-11','System generated'),
(533,'LOAN_CLOSED','Card',189,126,'2017-04-26','Customer request'),
(534,'ACCOUNT_CLOSED','Card',41,109,'2013-01-21','Pending review'),
(535,'CARD_EXPIRED','Card',498,46,'2020-02-26','Closed on maturity'),
(536,'LOAN_DEFAULTED','Card',481,57,'2019-12-09','KYC completed'),
(537,'CARD_EXPIRED','Card',312,113,'2017-06-01',NULL),
(538,'CARD_BLOCKED','Loan',174,12,'2014-07-03',NULL),
(539,'CARD_EXPIRED','Account',477,104,'2013-05-08','KYC completed'),
(540,'CARD_BLOCKED','Customer',69,42,'2017-02-08','Auto-expired'),
(541,'LOAN_APPROVED','Customer',182,26,'2023-09-04','Closed on maturity'),
(542,'ACCOUNT_CLOSED','Customer',245,NULL,'2024-05-30',NULL),
(543,'ACCOUNT_OPENED','Card',118,73,'2015-01-23','KYC completed'),
(544,'ACCOUNT_OPENED','Customer',421,115,'2019-01-21','Auto-expired'),
(545,'CARD_EXPIRED','Account',66,19,'2024-01-31','Pending review'),
(546,'ACCOUNT_CLOSED','Card',42,14,'2013-04-14','Fraud detected'),
(547,'ACCOUNT_CLOSED','Card',267,NULL,'2013-03-04','KYC completed'),
(548,'CARD_BLOCKED','Customer',446,34,'2016-01-26','Approved after credit check'),
(549,'LOAN_DEFAULTED','Account',280,72,'2020-12-08','Closed on maturity'),
(550,'CARD_EXPIRED','Card',208,76,'2023-12-20','Document verified'),
(551,'LOAN_APPROVED','Account',227,129,'2023-06-10','Auto-expired'),
(552,'CUSTOMER_UPDATED','Customer',109,23,'2010-04-08','KYC completed'),
(553,'LOAN_CLOSED','Card',280,108,'2010-03-12',NULL),
(554,'CARD_BLOCKED','Loan',217,NULL,'2015-01-07','Auto-expired'),
(555,'LOAN_APPROVED','Customer',258,66,'2018-02-24','KYC completed'),
(556,'CARD_ISSUED','Card',374,84,'2017-02-14','System generated'),
(557,'CARD_ISSUED','Loan',259,21,'2018-02-25',NULL),
(558,'LOAN_APPROVED','Loan',414,NULL,'2014-04-27','Customer request'),
(559,'CARD_EXPIRED','Loan',498,65,'2023-09-03','Closed on maturity'),
(560,'LOAN_APPROVED','Account',330,58,'2024-06-17','Approved after credit check'),
(561,'CUSTOMER_UPDATED','Loan',55,79,'2011-09-28','Auto-expired'),
(562,'ACCOUNT_OPENED','Card',113,141,'2023-02-27','System generated'),
(563,'ACCOUNT_CLOSED','Account',488,127,'2011-08-31','KYC completed'),
(564,'CARD_BLOCKED','Account',467,83,'2020-02-19','System generated'),
(565,'CARD_ISSUED','Account',201,NULL,'2011-07-06','Approved after credit check'),
(566,'ACCOUNT_OPENED','Account',480,90,'2019-05-13','Auto-expired'),
(567,'LOAN_CLOSED','Card',428,85,'2021-11-06','Fraud detected'),
(568,'CARD_ISSUED','Customer',37,67,'2022-06-28','System generated'),
(569,'CARD_EXPIRED','Account',273,111,'2015-10-31','Manual override'),
(570,'LOAN_DEFAULTED','Account',59,127,'2013-05-12','Approved after credit check'),
(571,'LOAN_APPROVED','Loan',59,NULL,'2010-09-05',NULL),
(572,'LOAN_DEFAULTED','Customer',262,NULL,'2019-05-14','Closed on maturity'),
(573,'LOAN_APPROVED','Account',352,87,'2016-04-05','Auto-expired'),
(574,'CARD_ISSUED','Account',327,141,'2016-01-12','Pending review'),
(575,'LOAN_CLOSED','Customer',253,108,'2012-01-15','System generated'),
(576,'ACCOUNT_OPENED','Account',396,98,'2017-11-15','Fraud detected'),
(577,'ACCOUNT_OPENED','Card',429,93,'2020-09-03','Payment defaulted'),
(578,'CUSTOMER_UPDATED','Customer',418,9,'2016-07-08','System generated'),
(579,'LOAN_APPROVED','Customer',295,72,'2020-11-01','System generated'),
(580,'LOAN_DEFAULTED','Card',193,60,'2021-12-26','Payment defaulted'),
(581,'ACCOUNT_OPENED','Loan',335,40,'2017-06-10','System generated'),
(582,'CARD_BLOCKED','Account',258,7,'2023-01-26','KYC completed'),
(583,'ACCOUNT_OPENED','Card',17,NULL,'2021-09-18','Closed on maturity'),
(584,'CARD_ISSUED','Card',268,96,'2011-03-24','Auto-expired'),
(585,'CARD_BLOCKED','Account',326,5,'2016-08-17','Document verified'),
(586,'CARD_BLOCKED','Account',213,3,'2014-05-06','Document verified'),
(587,'CUSTOMER_UPDATED','Loan',253,79,'2012-02-13','Payment defaulted'),
(588,'CARD_ISSUED','Card',329,105,'2010-03-12',NULL),
(589,'CARD_EXPIRED','Card',272,65,'2022-09-09','Approved after credit check'),
(590,'CUSTOMER_UPDATED','Loan',407,69,'2015-07-25','KYC completed'),
(591,'LOAN_APPROVED','Account',216,47,'2021-07-04','Auto-expired'),
(592,'LOAN_DEFAULTED','Customer',135,135,'2010-04-01','Approved after credit check'),
(593,'ACCOUNT_CLOSED','Customer',25,103,'2022-10-15',NULL),
(594,'LOAN_CLOSED','Account',130,131,'2020-04-18','KYC completed'),
(595,'CARD_ISSUED','Card',360,3,'2013-07-07','KYC completed'),
(596,'LOAN_CLOSED','Account',285,NULL,'2021-05-19','Customer request'),
(597,'ACCOUNT_OPENED','Loan',281,43,'2020-05-19','Closed on maturity'),
(598,'CUSTOMER_UPDATED','Account',371,NULL,'2012-04-30','Manual override'),
(599,'ACCOUNT_CLOSED','Card',93,97,'2010-02-02','Manual override'),
(600,'CARD_BLOCKED','Customer',204,43,'2016-11-24','Closed on maturity'),
(601,'CARD_EXPIRED','Card',38,66,'2022-11-01','Closed on maturity'),
(602,'CARD_ISSUED','Card',25,106,'2024-06-25','System generated'),
(603,'LOAN_DEFAULTED','Card',376,101,'2019-06-29',NULL),
(604,'CARD_EXPIRED','Customer',149,16,'2013-07-13',NULL),
(605,'CARD_BLOCKED','Account',312,93,'2017-03-05','Fraud detected'),
(606,'ACCOUNT_CLOSED','Customer',309,60,'2011-03-15','Payment defaulted'),
(607,'LOAN_DEFAULTED','Card',34,27,'2023-07-18','Manual override'),
(608,'CARD_BLOCKED','Loan',328,67,'2021-07-02',NULL),
(609,'CARD_BLOCKED','Loan',251,132,'2020-06-18',NULL),
(610,'LOAN_CLOSED','Card',17,119,'2017-09-13','Auto-expired'),
(611,'ACCOUNT_CLOSED','Loan',155,143,'2018-08-30','Manual override'),
(612,'CARD_BLOCKED','Card',202,91,'2011-03-08','Manual override'),
(613,'ACCOUNT_OPENED','Customer',286,18,'2014-05-04','Manual override'),
(614,'LOAN_CLOSED','Card',48,127,'2018-12-04','Payment defaulted'),
(615,'CUSTOMER_UPDATED','Loan',205,43,'2018-07-04','Approved after credit check'),
(616,'CUSTOMER_UPDATED','Account',140,97,'2012-06-02','Closed on maturity'),
(617,'ACCOUNT_OPENED','Customer',423,144,'2017-12-21','Customer request'),
(618,'LOAN_DEFAULTED','Card',363,99,'2013-11-26','KYC completed'),
(619,'CARD_BLOCKED','Card',415,NULL,'2022-05-30','KYC completed'),
(620,'ACCOUNT_CLOSED','Account',335,64,'2024-03-17','KYC completed'),
(621,'CARD_ISSUED','Account',196,24,'2019-04-13','Closed on maturity'),
(622,'ACCOUNT_OPENED','Account',324,NULL,'2010-11-27','Closed on maturity'),
(623,'ACCOUNT_CLOSED','Card',16,6,'2013-01-04','Customer request'),
(624,'ACCOUNT_CLOSED','Card',324,65,'2019-07-09','System generated'),
(625,'CUSTOMER_UPDATED','Customer',242,58,'2014-04-20',NULL),
(626,'CARD_ISSUED','Card',266,118,'2016-04-12','KYC completed'),
(627,'CARD_EXPIRED','Account',253,37,'2019-02-15','Document verified'),
(628,'CARD_ISSUED','Card',363,95,'2015-02-16','Document verified'),
(629,'ACCOUNT_OPENED','Customer',256,149,'2016-05-30','Customer request'),
(630,'CUSTOMER_UPDATED','Card',360,122,'2010-03-23','Document verified'),
(631,'LOAN_DEFAULTED','Account',362,64,'2013-11-10','Customer request'),
(632,'CARD_EXPIRED','Loan',122,103,'2018-05-07','Fraud detected'),
(633,'LOAN_CLOSED','Loan',486,37,'2020-12-08','KYC completed'),
(634,'LOAN_APPROVED','Account',100,116,'2013-01-11','Pending review'),
(635,'ACCOUNT_CLOSED','Account',474,9,'2015-05-19','Customer request'),
(636,'CARD_BLOCKED','Customer',249,5,'2014-04-09','Fraud detected'),
(637,'CARD_EXPIRED','Card',369,81,'2017-08-25',NULL),
(638,'CARD_BLOCKED','Loan',399,60,'2021-03-13',NULL),
(639,'ACCOUNT_CLOSED','Loan',349,73,'2021-04-21','System generated'),
(640,'LOAN_APPROVED','Card',6,52,'2015-12-22','Document verified'),
(641,'CARD_ISSUED','Card',129,147,'2023-06-16','Customer request'),
(642,'LOAN_APPROVED','Loan',122,12,'2020-05-21','Approved after credit check'),
(643,'LOAN_APPROVED','Customer',138,85,'2023-06-10','Document verified'),
(644,'ACCOUNT_OPENED','Loan',352,110,'2015-05-14','Document verified'),
(645,'LOAN_APPROVED','Loan',448,133,'2013-12-27','Pending review'),
(646,'LOAN_DEFAULTED','Card',241,114,'2016-10-26','KYC completed'),
(647,'LOAN_DEFAULTED','Loan',344,56,'2010-05-11','Customer request'),
(648,'LOAN_APPROVED','Account',3,115,'2020-04-11','Closed on maturity'),
(649,'LOAN_DEFAULTED','Card',180,40,'2014-05-26','Customer request'),
(650,'LOAN_CLOSED','Card',480,44,'2024-01-23','KYC completed'),
(651,'CARD_BLOCKED','Account',67,143,'2021-11-08','Customer request'),
(652,'CARD_ISSUED','Customer',40,149,'2013-11-17','Payment defaulted'),
(653,'ACCOUNT_OPENED','Loan',453,86,'2022-03-13','Document verified'),
(654,'LOAN_APPROVED','Loan',356,55,'2020-04-14','Fraud detected'),
(655,'CUSTOMER_UPDATED','Loan',52,128,'2018-03-31','Pending review'),
(656,'LOAN_DEFAULTED','Account',120,112,'2017-08-24',NULL),
(657,'CARD_BLOCKED','Card',375,39,'2021-12-20','KYC completed'),
(658,'CUSTOMER_UPDATED','Loan',319,103,'2010-09-24','Pending review'),
(659,'CUSTOMER_UPDATED','Loan',224,92,'2017-04-01','Customer request'),
(660,'CUSTOMER_UPDATED','Loan',299,147,'2015-01-13','Closed on maturity'),
(661,'ACCOUNT_CLOSED','Account',164,122,'2019-12-27','Pending review'),
(662,'CARD_BLOCKED','Account',58,79,'2024-05-15','Fraud detected'),
(663,'LOAN_CLOSED','Loan',309,52,'2016-07-29','Auto-expired'),
(664,'LOAN_APPROVED','Account',436,61,'2020-09-02','Closed on maturity'),
(665,'CARD_EXPIRED','Customer',14,NULL,'2019-06-14','Payment defaulted'),
(666,'CARD_EXPIRED','Customer',396,129,'2016-03-01','Pending review'),
(667,'CARD_ISSUED','Loan',401,51,'2014-10-16','Auto-expired'),
(668,'LOAN_DEFAULTED','Customer',95,101,'2010-10-20','KYC completed'),
(669,'LOAN_DEFAULTED','Card',36,24,'2010-07-17','Pending review'),
(670,'LOAN_DEFAULTED','Loan',420,NULL,'2010-05-11','Pending review'),
(671,'ACCOUNT_CLOSED','Card',362,98,'2021-01-03','Manual override'),
(672,'LOAN_DEFAULTED','Loan',474,109,'2019-03-05','Approved after credit check'),
(673,'CUSTOMER_UPDATED','Account',261,115,'2020-09-12','Document verified'),
(674,'CARD_BLOCKED','Loan',345,134,'2020-12-12','Closed on maturity'),
(675,'CUSTOMER_UPDATED','Customer',340,150,'2022-07-06','Payment defaulted'),
(676,'LOAN_DEFAULTED','Customer',37,68,'2010-01-07','Document verified'),
(677,'ACCOUNT_OPENED','Loan',58,92,'2019-09-02','Fraud detected'),
(678,'ACCOUNT_CLOSED','Account',100,61,'2017-04-27','Closed on maturity'),
(679,'CARD_ISSUED','Loan',414,72,'2018-07-29',NULL),
(680,'CARD_ISSUED','Account',394,68,'2024-06-05','System generated'),
(681,'CARD_BLOCKED','Customer',349,25,'2015-07-14','Approved after credit check'),
(682,'ACCOUNT_CLOSED','Card',90,117,'2010-09-27','Auto-expired'),
(683,'LOAN_CLOSED','Card',234,125,'2013-06-12','Manual override'),
(684,'CARD_EXPIRED','Card',112,112,'2022-08-30','Document verified'),
(685,'ACCOUNT_CLOSED','Customer',239,NULL,'2023-09-08','KYC completed'),
(686,'CARD_BLOCKED','Card',485,45,'2019-05-01','Customer request'),
(687,'CARD_EXPIRED','Card',395,110,'2022-01-07','System generated'),
(688,'CARD_ISSUED','Account',185,28,'2014-08-22','Manual override'),
(689,'CUSTOMER_UPDATED','Customer',482,128,'2010-11-07','Customer request'),
(690,'LOAN_APPROVED','Customer',195,64,'2021-03-22','Document verified'),
(691,'CARD_ISSUED','Card',378,22,'2021-07-18','Pending review'),
(692,'CUSTOMER_UPDATED','Loan',286,130,'2017-05-26',NULL),
(693,'LOAN_APPROVED','Loan',443,NULL,'2019-08-25','System generated'),
(694,'ACCOUNT_OPENED','Loan',71,69,'2015-11-23','Manual override'),
(695,'ACCOUNT_CLOSED','Loan',46,98,'2012-10-18','Closed on maturity'),
(696,'ACCOUNT_CLOSED','Customer',490,144,'2012-08-08',NULL),
(697,'LOAN_APPROVED','Loan',280,126,'2017-10-11','Payment defaulted'),
(698,'LOAN_APPROVED','Account',232,138,'2022-12-08',NULL),
(699,'LOAN_DEFAULTED','Card',188,NULL,'2015-03-13','Closed on maturity'),
(700,'LOAN_APPROVED','Customer',76,54,'2018-01-15','Document verified'),
(701,'LOAN_APPROVED','Account',125,143,'2010-10-02','Manual override'),
(702,'ACCOUNT_OPENED','Account',120,43,'2015-04-01','KYC completed'),
(703,'LOAN_APPROVED','Customer',364,97,'2022-06-04','Payment defaulted'),
(704,'ACCOUNT_OPENED','Account',339,NULL,'2018-11-15',NULL),
(705,'LOAN_CLOSED','Customer',215,96,'2018-12-08','Fraud detected'),
(706,'LOAN_APPROVED','Card',233,7,'2012-11-26','Document verified'),
(707,'CARD_EXPIRED','Account',331,98,'2024-05-20',NULL),
(708,'CUSTOMER_UPDATED','Account',180,68,'2016-05-25','Manual override'),
(709,'CARD_ISSUED','Account',307,7,'2016-05-12','Fraud detected'),
(710,'LOAN_CLOSED','Card',387,58,'2012-04-18',NULL),
(711,'LOAN_CLOSED','Card',301,37,'2024-06-20','Document verified'),
(712,'CARD_EXPIRED','Customer',15,49,'2013-01-16','Payment defaulted'),
(713,'LOAN_APPROVED','Card',446,52,'2012-09-29','Document verified'),
(714,'ACCOUNT_OPENED','Account',78,65,'2023-05-24',NULL),
(715,'LOAN_DEFAULTED','Customer',348,14,'2016-01-21','Closed on maturity'),
(716,'LOAN_APPROVED','Card',446,117,'2011-06-13','Auto-expired'),
(717,'ACCOUNT_OPENED','Loan',192,17,'2014-06-29','Document verified'),
(718,'ACCOUNT_OPENED','Loan',243,NULL,'2012-06-02','System generated'),
(719,'CUSTOMER_UPDATED','Loan',194,115,'2014-02-04','Payment defaulted'),
(720,'LOAN_APPROVED','Customer',292,83,'2015-12-25','Manual override'),
(721,'LOAN_DEFAULTED','Card',40,147,'2012-12-24','Auto-expired'),
(722,'LOAN_DEFAULTED','Customer',117,72,'2012-05-21','Closed on maturity'),
(723,'CUSTOMER_UPDATED','Loan',26,146,'2017-08-17','Closed on maturity'),
(724,'LOAN_APPROVED','Account',274,NULL,'2019-08-02',NULL),
(725,'CARD_ISSUED','Card',468,132,'2018-02-25','Closed on maturity'),
(726,'LOAN_DEFAULTED','Account',242,68,'2018-04-01','Pending review'),
(727,'ACCOUNT_CLOSED','Account',75,37,'2022-05-04','Document verified'),
(728,'CARD_ISSUED','Account',99,NULL,'2015-08-31','Auto-expired'),
(729,'ACCOUNT_CLOSED','Account',237,12,'2024-02-05','Document verified'),
(730,'CARD_EXPIRED','Customer',256,30,'2024-06-07','Closed on maturity'),
(731,'ACCOUNT_CLOSED','Card',373,138,'2014-01-16','Manual override'),
(732,'CARD_ISSUED','Customer',386,129,'2015-08-27',NULL),
(733,'ACCOUNT_CLOSED','Customer',341,117,'2019-10-18',NULL),
(734,'LOAN_CLOSED','Loan',40,53,'2024-01-19','Customer request'),
(735,'LOAN_CLOSED','Loan',204,139,'2011-10-10','Fraud detected'),
(736,'LOAN_APPROVED','Loan',132,80,'2012-10-19','Fraud detected'),
(737,'LOAN_APPROVED','Customer',120,63,'2024-03-21','Closed on maturity'),
(738,'ACCOUNT_OPENED','Loan',261,25,'2011-04-11','Fraud detected'),
(739,'LOAN_CLOSED','Customer',490,104,'2015-02-01','Document verified'),
(740,'CUSTOMER_UPDATED','Loan',337,19,'2017-06-10','KYC completed'),
(741,'ACCOUNT_CLOSED','Account',211,25,'2014-11-18','Fraud detected'),
(742,'CARD_ISSUED','Account',128,150,'2017-05-12','Document verified'),
(743,'CARD_EXPIRED','Account',13,21,'2015-06-03','Auto-expired'),
(744,'CARD_BLOCKED','Loan',343,NULL,'2011-12-12','Customer request'),
(745,'LOAN_APPROVED','Loan',373,107,'2017-04-29','System generated'),
(746,'ACCOUNT_OPENED','Account',279,29,'2015-10-08','Fraud detected'),
(747,'ACCOUNT_OPENED','Loan',248,22,'2017-04-06','Document verified'),
(748,'CARD_EXPIRED','Customer',70,62,'2014-03-29','Customer request'),
(749,'LOAN_CLOSED','Loan',196,124,'2022-08-13','Manual override'),
(750,'CARD_ISSUED','Card',280,2,'2010-04-08',NULL),
(751,'CARD_EXPIRED','Customer',32,NULL,'2010-10-20','Pending review'),
(752,'LOAN_DEFAULTED','Card',153,99,'2020-10-22','Fraud detected'),
(753,'CARD_BLOCKED','Loan',157,58,'2021-11-08','System generated'),
(754,'LOAN_APPROVED','Loan',272,23,'2021-04-26','Auto-expired'),
(755,'CARD_ISSUED','Loan',22,121,'2023-10-12','Closed on maturity'),
(756,'CARD_EXPIRED','Loan',498,90,'2022-01-27','Auto-expired'),
(757,'CARD_BLOCKED','Loan',44,22,'2019-07-28','Customer request'),
(758,'CARD_ISSUED','Loan',331,47,'2010-08-25','Document verified'),
(759,'CARD_ISSUED','Loan',271,143,'2022-11-15','System generated'),
(760,'ACCOUNT_OPENED','Loan',448,143,'2012-02-21','Fraud detected'),
(761,'CUSTOMER_UPDATED','Customer',65,NULL,'2024-04-05','Customer request'),
(762,'LOAN_DEFAULTED','Customer',331,84,'2012-10-19','Manual override'),
(763,'CARD_BLOCKED','Loan',270,51,'2022-09-05','KYC completed'),
(764,'CARD_EXPIRED','Account',99,NULL,'2017-05-28','Pending review'),
(765,'CARD_EXPIRED','Loan',228,16,'2018-10-31',NULL),
(766,'LOAN_APPROVED','Loan',92,NULL,'2019-09-05','Customer request'),
(767,'ACCOUNT_CLOSED','Account',359,2,'2022-06-03','KYC completed'),
(768,'CARD_ISSUED','Card',4,4,'2020-06-05','Fraud detected'),
(769,'ACCOUNT_OPENED','Loan',262,75,'2016-06-09','Pending review'),
(770,'CARD_BLOCKED','Account',37,112,'2013-11-07','Fraud detected'),
(771,'CARD_EXPIRED','Account',493,NULL,'2020-09-20','Manual override'),
(772,'CARD_ISSUED','Account',97,25,'2015-07-11',NULL),
(773,'CARD_EXPIRED','Card',103,115,'2020-02-13','Pending review'),
(774,'CARD_EXPIRED','Customer',294,98,'2013-10-20',NULL),
(775,'CARD_BLOCKED','Card',226,15,'2012-10-15','Payment defaulted'),
(776,'CUSTOMER_UPDATED','Account',139,17,'2022-10-19','Manual override'),
(777,'CARD_BLOCKED','Customer',465,89,'2015-12-23','Fraud detected'),
(778,'LOAN_CLOSED','Card',326,93,'2023-08-09','Manual override'),
(779,'CARD_EXPIRED','Account',26,39,'2013-06-02','Payment defaulted'),
(780,'CARD_EXPIRED','Customer',412,NULL,'2017-10-11','KYC completed'),
(781,'ACCOUNT_CLOSED','Account',395,NULL,'2017-06-03','Approved after credit check'),
(782,'CUSTOMER_UPDATED','Loan',278,28,'2017-04-14','Approved after credit check'),
(783,'CARD_BLOCKED','Account',448,135,'2024-03-19','Document verified'),
(784,'CARD_BLOCKED','Card',347,4,'2017-10-30','Payment defaulted'),
(785,'CARD_EXPIRED','Account',426,NULL,'2019-04-11','Auto-expired'),
(786,'CARD_EXPIRED','Customer',63,44,'2020-01-08','Customer request'),
(787,'CUSTOMER_UPDATED','Loan',491,99,'2022-06-20','Closed on maturity'),
(788,'ACCOUNT_OPENED','Loan',78,23,'2015-05-09','Closed on maturity'),
(789,'CARD_BLOCKED','Account',74,94,'2018-02-03','Manual override'),
(790,'LOAN_APPROVED','Loan',283,132,'2023-01-04','Auto-expired'),
(791,'CARD_ISSUED','Account',175,29,'2010-07-06','System generated'),
(792,'CARD_EXPIRED','Card',354,41,'2020-03-06','KYC completed'),
(793,'ACCOUNT_OPENED','Account',500,29,'2013-05-31','Document verified'),
(794,'CARD_BLOCKED','Card',367,119,'2021-03-19','Payment defaulted'),
(795,'LOAN_APPROVED','Account',414,15,'2016-10-04','Pending review'),
(796,'CARD_BLOCKED','Customer',196,NULL,'2022-06-04','Pending review'),
(797,'ACCOUNT_OPENED','Card',497,93,'2012-04-04','Pending review'),
(798,'LOAN_CLOSED','Loan',273,101,'2010-05-29','Manual override'),
(799,'CARD_BLOCKED','Card',250,NULL,'2018-03-08','Closed on maturity'),
(800,'CUSTOMER_UPDATED','Loan',173,28,'2011-09-29','Pending review');

Select * From audit_log;

-- ================================
-- Queries
-- ================================

SELECT 
    (SELECT COUNT(*) FROM customers) AS total_customers,
    (SELECT COUNT(*) FROM branches) AS total_branches,
    (SELECT COUNT(*) FROM accounts) AS total_accounts,
    (SELECT COUNT(*) FROM employees) AS total_employees;
  
Select 
	(select sum(balance) from accounts) as total_balance, 
	(select sum(principal) from loans) as total_loan;
    
Select loan_status, count(*) as status_of_loans , sum(principal) as total_loans
from loans
group by loan_status;

select city, count(customer_id) AS total_customers
from customers
group by city
order by total_customers desc;

Select b.branch_name, sum(a.balance) as total_balance_by_branch, b.city
from branches as b
inner join accounts as a on a.branch_id = b.branch_id
group by b.branch_name, b.city
order by total_balance_by_branch desc
limit 10;

use PakistanFinancialServices;

Select c.full_name, c.city, sum(l.principal) as total_loan
from customers as c 
inner join loans as l on c.customer_id = l.customer_id
group by c.full_name, c.city
order by total_loan desc
limit 10;

SELECT 
    DATE_FORMAT(txn_date, '%Y-%m') AS month,
    SUM(CASE WHEN txn_type = 'Deposit' THEN amount ELSE 0 END) AS total_deposits,
    SUM(CASE WHEN txn_type = 'Withdraw' THEN amount ELSE 0 END) AS total_withdrawals
FROM transactions
GROUP BY month
ORDER BY month ASC;

Select 
	loan_type,
	count(*) as total_loan,
    sum(case when loan_status = 'Default' then 1  else 0 end) as total_laon_for_deafult
    from loans
    group by loan_type;

Select c.full_name
from customers as c 
join loans as l on c.customer_id = l.customer_id
join credit_cards as cr on c.customer_id = cr.customer_id
where l.loan_status = 'Active' and cr.status = 'Active';

select b.branch_name as branch_name, sum(lp.late_fee) as late_loan_submission
from branches as b
join loans l on b.branch_id = l.branch_id
join loan_payments as lp on lp.loan_id = l.loan_id
group by branch_name;

select e.full_name as employee_name, sum(l.principal) as total_loans_managed
from employees as e
join loans as l on l.approved_by = e.employee_id
group by employee_name
order by total_loans_managed desc
limit 5;






